id,symbol,status,date,period,price_at_analysis,position_bias,directional_bias,entry_range,target_range,re_evaluation_level,briefing_notes,result_text,outcome,inactive_datetime
1092,FNV,Inactive,2026-08-19T17:52:30.713Z,Short-Term (1-3 weeks),238.0,Long,None,232.0 - 228.0,245.0 - 251.0,< 226.0,Weekly rising phase. Daily minor corrective period forming bull flag. Favorable is minor 38.2 to 50. Re-eval is 21 EMA daily. S-T low due 8/20 - 8/28.,Hit the target - note this morphed in many ways into a breakout play this AM!,Target Zone Reached (Early / Missed Entry),2026-08-19T23:50:48Z
1091,LLY,Inactive,2026-08-19T17:51:27.260Z,Short-Term (1-3 weeks),1227.0,Long,None,1230.0 - 1230.0,1276.0 - 1322.0,< 1181.0,weekly rising phase - retested breakout and hold. Expected another swing up expected to new highs. Daily rising phase just getting underway. Close > 1230 would set this up for higher. 1276 - 1322 fib extension targets.,This was a duplicated trade idea as I was trying to fix the trade ideas page - already hit target on 8/19,Target Zone Reached,2026-08-19T01:35:39Z
1090,TECK,Active,2026-08-19T13:27:31.567Z,Short-Term (1-3 weeks),65.4,Long,None,65.22 - 65.22,,< 71.25,Weekly rising phase. Daily low due mid to end of Aug. Breakout setup vs 65.22 re-eval new lows.,,Pending / Inactive,
1089,FCX,Active,2026-08-18T13:39:46.689Z,Short-Term (1-3 weeks),67.78,Long,None,69.0 - 69.0,71.25 - 72.25,< 66.54,Weekly rising phase. Daily low due 8/12 - 8/26. Breakout play vs yesterday HOD - needs to close over to turn green on site. Targeting at first recent swing highs.,,Pending / Inactive,
1087,INTC,Inactive,2026-08-13T15:15:00.990Z,Short-Term (1-3 weeks),105.0,Long,None,103.7 - 103.7,112.0 - 119.0,< 95.5,Weekly low due. Daily low formed and done basing now. Breakout vs recent range. Targeting 50 -61.8.,scratching INTC here as it retests the breakout - semis generally are weakening a bit and this may need more time to set up.,Pending / Inactive,2026-08-14T14:24:26Z
1086,META,Inactive,2026-08-12T19:10:21.023Z,Short-Term (1-3 weeks),580.0,Short,None,589.0 - 597.0,568.0 - 558.0,> 605.0,Weekly low due Aug/Oct. Daily stalling around base of gap. Watching for daily EMAs to act as resistance on test up. Targeting 50-61.8 retracements. see video.,Great swing down in META into mid 540s before turning up just before 78.6 fib.,Target Zone Reached,2026-08-18T15:24:37Z
1084,XLE,Inactive,2026-08-10T16:39:27.186Z,Short-Term (1-3 weeks),59.56,Long,None,59.9 - 59.4,61.0 - 62.0,< 58.69,"Weekly rising phase - momentum up. Daily rising phase just getting underway. Daily EMAs are positive. See video. Raising levels 8/13 at 9:40 AM ET - favorable zone is 8 - 13 daily ema, re-eval now the 21 ema daily.",Hit targets - did not get into favorable as support came in at old breakout,Target Zone Reached (Early / Missed Entry),2026-08-18T13:44:17Z
1083,AAPL,Inactive,2026-08-06T13:22:12.692Z,Short-Term (1-3 weeks),314.0,Short,None,316.0 - 322.0,301.0 - 295.0,> 327.0,Weekly corrective phase low due 9/14 - 10/26. Daily low due around now. Watching for bear flag to form and a move to fail around the daily EMAs. See video.,Hit first target and now going to set up a secondary play vs 300 breakdown..,Target Zone Reached,2026-08-18T15:27:53Z
1082,CLF,Inactive,2026-08-05T13:18:52.457Z,Short-Term (1-3 weeks),12.31,Long,None,12.35 - 12.0,13.11 - 13.71,< 11.54,Weekly early in rising phase. Daily earnings gap up flag and continuation play. See video.,scratching as it is forming cycle high on daily,Pending / Inactive,2026-08-12T13:42:46Z
1081,FCX,Inactive,2026-08-04T13:15:41.563Z,Short-Term (1-3 weeks),65.85,Long,None,65.5 - 65.5,68.76 - 72.28,< 62.25,Weekly low likely just forming. Daily low formed and now trying to come out of a base. Breakout setup so needs to hold off any AM selling and then if it closes through breakout level it will be green on the site. See video.,Got into the target. Look at how the stock based above the breakout level around the 10:30 AM ET on 8/4 - that was a key moment for this name.,Target Zone Reached,
1080,EWZ,Inactive,2026-08-03T14:53:41.951Z,Short-Term (1-3 weeks),36.34,Long,None,36.65 - 36.65,37.91 - 38.58,< 35.46,Weekly low is likely forming late. RS trying to turn up. Daily low due to form around end of July/early August. Close over breakout level will turn this green on site. Targeting 78.6 - 100% extension zone.,EWZ did not establish over the pivot - removing the setup,Pending / Inactive,2026-08-06T14:12:34Z
1077,DDOG,Inactive,2026-07-14T17:58:13.908Z,Short-Term (1-3 weeks),268.4,Long,None,271.5 - 271.5,284.0 - 294.0,< 252.0,Weekly rising phase. Daily higher low shelf forming and setting up for a breakout play. See video.. Note it will only be activated if it closes over favorable level on daily bar.,While this closed through favorable on Friday it is just too close to the earnings now. Great looking stock overall.,Pending / Inactive,2026-08-03T14:54:58Z
1076,AMZN,Inactive,2026-07-13T15:14:20.593Z,Short-Term (1-3 weeks),248.34,Long,None,249.25 - 249.25,258.17 - 267.14,< 244.18,Weekly corrective phase - mid-cycle low timeframe so reasonable spot for a multi-week bounce. Momentum down. Daily rising phase - base forming in terms of price - needs close > breakout level to set up green. See video. Update 7/15: turned green today given the move through pivot,Tapped the 61.8 to the tick (base of target zone). Not an easy sequence given the early gap and go from 7/15. The holding of the daily EMAs was key observation.,Target Zone Reached,2026-07-16T14:05:17Z
1075,NTAP,Inactive,2026-07-09T20:13:49.212Z,Short-Term (1-3 weeks),171.73,Long,None,168.25 - 164.25,183.4 - 193.0,< 159.4,Weekly rising phase in a strong group.. Daily new rising phase - post earnings flag base and now resumption.. Looking for mini dips into favorable and higher towards 78.6 and swing highs. Closed over favorable today 7/14 - activated it at the close.,Removing the setup here as it is retracing yesterday's bar,Pending / Inactive,2026-07-15T14:27:00Z
1074,SNOW,Inactive,2026-06-30T13:37:58.277Z,Short-Term (1-3 weeks),249.0,Long,None,247.0 - 241.0,270.0 - 285.0,< 230.0,Weekly rising phase with positive RS. Daily just entering into rising phase - watching for continuation into the 78.6 as primary target followed by old swing high - see video.,Just missed target,Pending / Inactive,2026-07-02T16:00:02Z
1073,GOOGL,Inactive,2026-06-30T11:46:26.921Z,Short-Term (1-3 weeks),353.65,Long,None,351.0 - 345.0,369.0 - 380.0,< 339.5,"Weekly is correcting into the minor trough, reversal scout is negative. Daily low is due watching for a higher low setup and a turn higher. See video.",Just missed target on swing up.,Pending / Inactive,2026-07-02T16:00:27Z
1072,AMZN,Inactive,2026-06-29T15:12:50.890Z,Short-Term (1-3 weeks),244.8,Long,None,241.5 - 237.5,251.8 - 258.0,< 233.0,Weekly corrective phase - with RS pointed lower. Daily cycle reversal and getting into rising phase. Watching for MINOR dip into today's range tomorrow right off morning AM 30min session that gets bought and a quick move towards 50-61.8 retrace zone. See video.,will not setup as we had a weak close yesterday - removing it.,Pending / Inactive,2026-06-30T11:34:25Z
1071,TSLA,Inactive,2026-06-23T19:08:34.092Z,Short-Term (1-3 weeks),380.0,Short,None,384.0 - 391.0,365.0 - 350.0,> 398.0,Weekly corrective phase. Daily corrective phase and LHT. Expecting a swift test of the 78.6 at 363 in the coming 1-2 weeks. See video.,Just missed target by 3 pts. Overall worked well,Target Zone Reached,2026-06-26T16:32:16Z
1070,QCOM,Inactive,2026-06-23T18:48:20.892Z,Short-Term (1-3 weeks),203.36,Short,None,211.5 - 221.5,190.5 - 178.5,> 223.25,Weekly peaking phase with a negative weekly ReversalScout. Daily peaking phase. SlimRibbon is neutral and ReversalScout daily is red. Watching for a chop lower with a downward bias. See video.,Excellent move in QCOM as the 6/25 gap faded and has now flushed through the lows into the targets. Rallies will provide another opportunity here imo.,Target Zone Reached,2026-06-29T15:02:14Z
1069,AVGO,Inactive,2026-06-22T18:14:24.259Z,Short-Term (1-3 weeks),396.0,Short,None,400.0 - 406.0,379.5 - 370.0,> 415.0,Weekly corrective phase and clear laggard in group - weekly momentum remains down. Daily corrective phase - post earnings bear flag. Watching for failures around daily EMAs and lower into early - mid July. See Video.,Hit target,Target Zone Reached (Early / Missed Entry),2026-06-26T16:32:53Z
1068,GM,Inactive,2026-06-16T13:48:58.915Z,Intermediate-Term (3-8 weeks),84.68,Long,None,85.2 - 85.2,87.6 - 91.0,< 82.6,Weekly rising phase as it continues to test the 78.6 Daily shakeout and now back to highs - watching same pivot here at recent swing highs. Close over breakout level and will turn green- targeting swing highs first and then 61.8 extension,Never triggered,Pending / Inactive,
1067,MDT,Inactive,2026-06-09T14:42:37.612Z,Short-Term (1-3 weeks),82.18,Long,None,82.2 - 82.2,85.9 - 89.8,< 78.5,Weekly rising phase just getting underway with IHI. Daily earnings gap up and mini flag - decent RS name. See video.,back to back days of trying to do something (aka breakout) and squatting. removing it,Pending / Inactive,2026-06-25T18:50:04Z
1066,XLF,Inactive,2026-06-09T14:16:07.369Z,Short-Term (1-3 weeks),52.59,Long,None,52.6 - 52.6,53.92 - 54.62,< 51.7,Weekly rising phase. Daily rising phase and trying to clear 200 sma daily. Targeting a 61.8 fib extension on weekly and the weekly 78.6. Financials generally have been showing relative strength throughout this deleveraging event in high beta. Now they are all turning up. Look at KRE regionals as there are many great bull consolidations occurring there! Update: This hit T1 right off open on 6/15,"This hit T1 right off open on 6/15, Hit T2 + 4% 9:45 AM ET on 6/17! Look at the catch up play in JPM specifically - big driver for the XLF.",Target Zone Reached,2026-06-15T13:46:01Z
1065,GM,Inactive,2026-06-03T16:05:42.004Z,Short-Term (1-3 weeks),83.0,Long,None,84.2 - 84.2,87.6 - 91.0,< 80.3,Weekly rising phase in GM. Daily rising phase and trying to form a flag. Mini pivot developing vs 84.20. Needs close over that level to turn green for the site. Re-eval in that situation would be a new low vs today's low. See video.,Has not triggered - this is why closes help avoid chop. Changed state from yellow to red.,Pending / Inactive,2026-06-10T14:53:39Z
1064,CWEN,Inactive,2026-06-02T18:06:31.677Z,Intermediate-Term (3-8 weeks),41.42,Long,None,41.5 - 41.5,43.45 - 45.55,< 39.4,Weekly rising phase + daily rising phase. Rectangle breakout play with measured move towards 46.  Will turn green if it closes over breakout level.,never triggered - alert remains in place if it approaches the prior pivot,Pending / Inactive,2026-06-09T14:36:39Z
1063,NVDA,Inactive,2026-06-02T01:31:48.819Z,Short-Term (1-3 weeks),222.35,Long,None,221.5 - 218.0,230.0 - 236.0,< 215.0,Weekly test of breakout area and move higher post conference. We can disregard the late sell on the MSCI rebalance on Friday given today's action. Stock is trading 222.20 after hours @ 9:19 PM ET on 6/1. Expecting to see dip buyers tomorrow AM re-emerge if this stock has in fact made a S-T low. No video - see Office hours from 5/28 for a review of this name.,Now in target,Target Zone Reached (Early / Missed Entry),2026-06-02T13:56:09Z
1062,CVNA,Inactive,2026-06-01T15:27:22.739Z,Short-Term (1-3 weeks),69.8,Short,None,69.81 - 72.5,64.1 - 61.1,> 75.2,Weekly corrective period - low due 6/22 - 8/10. Daily peaking phase as it is stalling at the 61.8. Watching for a daily LHT to form vs the anchor high from 5/28. Clear relative weakness name... see video. Update - T1 hit +8% on 6/2,CVNA hit target 2 +12%. Will pull the active setup now from the site. Great move.,Target Zone Reached,2026-06-03T16:48:52Z
1061,AMZN,Inactive,2026-05-29T13:54:40.707Z,Short-Term (1-3 weeks),273.9,Long,None,273.56 - 273.56,285.0 - 294.0,< 264.0,Weekly rising phase bull flag retesting breakout. Daily rising phase. Watching for close over daily 78.6 to set this up for higher. Targeting 38.2 - 50 fib extensions. Re-eval is on close below daily 21 EMA. See video.,Never triggered and now testing lows.,Pending / Inactive,2026-06-02T13:57:35Z
1060,ABBV,Inactive,2026-05-28T15:01:32.352Z,Short-Term (1-3 weeks),218.5,Long,None,219.5 - 219.5,226.0 - 228.0,< 211.0,Weekly rising phase just getting underway as XLV sector also turns up. If it closes over the 200 sma daily that will set this as green vs the 21 daily EMA. Targeting 226-228 which is a high volume area for the stock .. often times as price starts to approach areas of heavy trade that zone acts like a magnet. See video.,Never triggered and failed now at the 200 SMA,Pending / Inactive,2026-06-02T13:58:04Z
1059,URI,Inactive,2026-05-28T01:47:09.277Z,Short-Term (1-3 weeks),978.0,Long,None,980.0 - 980.0,1020.0 - 1060.0,< 936.0,"Weekly rising phase. Daily rising phase. Transports coming to life - GM, F, Airlines (DAL, UAL) see video.",Tried to move up over 1k and sellers came in - removing it as it tests favorable again.,Pending / Inactive,2026-06-01T14:50:09Z
1058,HWM,Inactive,2026-05-20T14:40:11.308Z,Short-Term (1-3 weeks),260.0,Long,None,258.0 - 260.0,269.0 - 274.0,< 251.0,Weekly rising phase. Daily earnings gap up and flag retesting the breakout. Targeting move towards 61.8 - 78.6. Re-eval is new daily low. See video. If it closes over the favorable zone today will turn it green.,never triggered - waiting for daily closes help filter opportunities,Pending / Inactive,
1057,LLY,Inactive,2026-05-19T14:31:18.687Z,Short-Term (1-3 weeks),1012.0,Long,None,1012.0 - 1002.0,1050.0 - 1073.0,< 971.0,"weekly rising phase, xlv starting to get a bid and trying to move over 200d, lly is a leader in the group. Bull flag on daily - see video.",scratching LLY. Missed the target on this AM swing up.,Pending / Inactive,2026-05-20T16:45:27Z
1056,CSX,Inactive,2026-05-15T14:30:41.768Z,Short-Term (1-3 weeks),45.55,Long,None,45.55 - 45.0,47.57 - 48.59,< 44.24,Weekly rising phase. Daily bull flag post earnings. Nice reaction day yesterday to the upside and now testing the breakout line. See video.,Good initial lift +1.20 or so and then falling back to the EMAs - just no sponsorship here in spite of the strong weekly pattern and post earnings flag.,Pending / Inactive,2026-05-22T17:22:29Z
1055,FIGR,Inactive,2026-05-14T16:05:14.769Z,Short-Term (1-3 weeks),42.3,Long,None,42.43 - 42.43,47.0 - 51.7,< 39.0,Weekly - there is no enough data for cycle analysis. Daily - ascending triangle starting to build. Some volume starting to come into the name as well. Seeing if we can get an extension back higher.. highly volatile name so just an attempt for a squeeze play.,FIGR closed fine on Friday but then today bid came out of tech across the board and that has taken FIGR d own with it.,Re-evaluation Level Hit,2026-05-18T18:09:10Z
1054,BABA,Inactive,2026-05-14T14:40:46.076Z,Short-Term (1-3 weeks),142.0,Long,None,143.8 - 143.8,154.5 - 162.0,< 137.0,Weekly rising phase. Daily rising phase. Very high volume reversal yesterday and today is a test into range. Given choppy daily condition - need to see breakout vs prior swing high with confirmed close over that level (will turn green IF that happens). See video.,No trigger and kept it yellow for this reason.. Waiting till daily close can really help with getting caught in noise.,Pending / Inactive,2026-05-15T18:29:31Z
1053,APA,Inactive,2026-05-12T14:41:53.404Z,Short-Term (1-3 weeks),36.62,Short,None,36.45 - 37.8,33.64 - 30.81,> 38.63,Weekly corrective phase low due 6/1 - 7/13. Daily corrective phase.. bearish earnings gap and now potential flag. See video.,Moving through re-eval,Re-evaluation Level Hit,2026-05-15T18:29:06Z
1052,TSLA,Inactive,2026-05-11T15:01:53.138Z,Short-Term (1-3 weeks),429.0,Long,None,416.0 - 406.0,449.0 - 455.0,< 396.54,Weekly rising phase. Daily rising phase. Bull flag expected above the 200d. See video. Raised levels on 5/12,In target.,Target Zone Reached (Early / Missed Entry),2026-05-14T19:59:07Z
1051,MDY,Inactive,2026-05-05T16:18:38.963Z,Short-Term (1-3 weeks),668.0,Long,None,668.0 - 668.0,680.0 - 689.0,< 657.0,Weekly rising phase and flag. Daily rising phase and trying to move out of consolidation. See video.,Conditions for this idea satisfied. Hit the target in one day + 12.,Target Zone Reached,2026-05-06T14:23:09Z
1050,FDX,Inactive,2026-05-05T15:17:40.649Z,Short-Term (1-3 weeks),361.7,Short,None,364.0 - 370.0,344.0 - 342.0,> 380.0,"Weekly stalling after making a new high, daily corrective phase post AMZN news related to opening up supply chain. Expecting this reaction up to fail. See video.",I have kept this yellow purposely since it was not setting up properly. Removing it here..,Pending / Inactive,2026-05-07T13:47:14Z
1049,XBI,Inactive,2026-05-04T15:12:34.097Z,Short-Term (1-3 weeks),132.85,Long,None,132.25 - 131.25,136.74 - 139.0,< 129.0,"Weekly analysis suggests rising phase, daily analysis suggests S-T low due. See video.",XBI conditions for this idea have been satisfied. XBI has since rallied into the target +4% on an ETF.,Target Zone Reached,2026-05-07T13:46:29Z
1048,EEM,Inactive,2026-04-30T19:13:29.076Z,Short-Term (1-3 weeks),63.74,Long,None,63.75 - 63.75,65.4 - 66.6,< 61.76,Weekly rising phase. Daily rising phase and tight triangle forming just below swing highs - looking for resolution higher,Conditions satisfied for this idea. 1) confirmed close over breakout level 2) It has now hit the target zone.,Target Zone Reached,2026-05-05T14:22:48Z
1047,KBE,Inactive,2026-04-27T18:59:27.519Z,Short-Term (1-3 weeks),64.39,Long,None,64.3 - 64.3,67.09 - 69.9,< 62.79,Weekly analysis suggests KBE is in a rising phase with positive momentum. Daily analysis suggests KBE is due to form a low around the end of April. There is a clear bull flag forming. Re-eval is on a close below the 21 EMA daily. Move through favorable on close will set this up as green.  See video.,scratching KBE today - no lift as it hovers above the breakout level.. clearly no demand for this group.,Pending / Inactive,2026-05-06T17:11:49Z
1046,ETHA,Inactive,2026-04-14T13:13:27.883Z,Short-Term (1-3 weeks),17.93,Long,None,17.82 - 18.11,19.8 - 21.33,< 16.46,Weekly analysis suggests ETHA is in a rising phase. Daily analysis suggests a rising phase as well. Tight ascending triangle forming. Breakout setup. See video. Note needs to close over favorable to turn green!,ETHA is chopping around in favorable - scratching,Pending / Inactive,2026-05-05T14:22:31Z
1045,ASTS,Inactive,2026-04-14T12:53:43.674Z,Short-Term (1-3 weeks),102.7,Long,None,101.89 - 103.17,117.4 - 129.89,< 91.74,Weekly analysis suggests ASTS has just formed a mid-cycle low and in a rising phase. Daily rising phase - clear pivot at 103.17 in place. Needs to move through 101.89 and 103.17 on a closing basis to confirm the next move higher. See video.,Never triggered. Note it needed to close over the breakout level to be active on the site. It failed to do so.,Pending / Inactive,2026-04-15T19:23:31Z
1044,ALB,Inactive,2026-04-13T16:19:41.939Z,Short-Term (1-3 weeks),187.5,Long,None,187.0 - 187.0,206.0 - 206.0,< 171.0,Weekly analysis suggests ALB is in a new rising phase. Daily base breakout targeting swing highs. Re-eval move to new swing lows.,Solid ~15% return on this idea.,Target Zone Reached,2026-04-16T18:39:50Z
1043,TER,Inactive,2026-04-07T16:25:03.780Z,Short-Term (1-3 weeks),316.72,Long,None,324.8 - 324.8,345.0 - 355.0,< 309.59,Weekly analysis suggests TER is early in a rising phase. There is an inside pivot developing vs 324.80. On a daily close over that - re-eval will be today's LOD as it would signify a re-entry into range and a failure in the breakout pattern. Targeting a move to retest swing highs and the minor 127.2 Ext.,gapped through favorable into target!,Target Zone Reached (Early / Missed Entry),2026-04-16T18:39:28Z
1042,EWZ,Inactive,2026-04-01T14:15:48.759Z,Short-Term (1-3 weeks),38.44,Long,None,38.0 - 37.2,39.69 - 40.43,< 36.46,Weekly low was due to form 3/9 - 5/4. We highlighted in stock sectors that LATAM was due to form a low around this time.  Daily rising phase clear. Watching for mini flags and moves to new highs! Also review ILF as we discuss this in the video.,This hit target today +6% + from favorable,Target Zone Reached,2026-04-08T13:19:03Z
1041,NFLX,Inactive,2026-04-01T13:29:20.792Z,Short-Term (1-3 weeks),96.0,Long,None,95.5 - 94.5,98.2 - 100.2,< 92.2,Weekly rising phase.. Daily rising phase and coming out of a base. See video.,Strong 6% + move in NFLX up and through my primary target for this name.,Target Zone Reached,2026-04-06T13:30:57Z
1040,NVDA,Inactive,2026-03-30T13:42:04.699Z,Short-Term (1-3 weeks),169.0,Short,None,170.0 - 173.0,164.25 - 159.0,> 174.5,Weekly corrective period with low due around mid april. Daily corrective period - breakdown out of range on Friday and now bear flag potential for one final downdraft into the trough. See video.,Straight through resistance on the Iran news...,Re-evaluation Level Hit,2026-03-31T19:59:56Z
1039,GOOGL,Inactive,2026-03-24T14:30:31.220Z,Short-Term (1-3 weeks),296.0,Short,None,296.0 - 296.0,285.0 - 278.0,> 306.0,Weekly analysis suggests corrective phase low due in may-june. Daily analysis suggests a potential LHT - breakdown setup vs 296 targeting 285-278. Re-eval is the 21 ema daily. If it closes below 296 will turn green.,Perfect move into the target.. Note the META bear triangle posted on discord also hitting targets here.,Target Zone Reached,2026-03-26T13:33:59Z
1038,META,Inactive,2026-03-23T17:33:44.695Z,Short-Term (1-3 weeks),601.0,Short,None,614.0 - 623.0,582.0 - 557.0,> 632.0,Weekly analysis suggests late in weekly corrective phase. Daily corrective phase - mini bear flag - watch 2 hr for setup with daily trend down. low due early april.,This morphed into bear triangle as we discussed on discord last night (3/25) - perfect move into the target. Disregard the favorables posted here.,Target Zone Reached (Early / Missed Entry),2026-03-26T13:34:53Z
1037,AAPL,Inactive,2026-03-23T17:16:11.606Z,Short-Term (1-3 weeks),251.0,Short,None,251.0 - 254.0,245.0 - 241.0,> 257.0,Weekly corrective phase with low due in April. Daily corrective phase and LHT.. Flag back to daily EMAs,AAPL is chopping around and leaving an odd shaped daily cycle - removing the idea for now.,Pending / Inactive,2026-03-25T13:13:27Z
1036,FXI,Inactive,2026-03-19T01:07:37.629Z,Short-Term (1-3 weeks),36.2,Short,None,36.4 - 36.77,35.4 - 34.88,> 37.11,FXI has been a laggard for weeks. Bear flag clear on daily. Rejection so far at the falling 21 EMA.. Given bearish daily cycle config - targeting new lows. Fed induced selling today... if it tries to uptick will be looking on short side here. No video for this idea.,This idea also played out nicely and has moved right into targets.,Target Zone Reached,2026-03-20T15:31:14Z
1035,MSFT,Inactive,2026-03-18T16:42:26.900Z,Short-Term (1-3 weeks),394.0,Short,None,394.0 - 394.0,382.0 - 382.0,> 404.0,Weekly analysis suggests MSFT has a low due right around March-April. Daily analysis suggests all the EMAs are down and it is entering into a corrective period. Low due end of Mar early April. Breakdown setup vs 394. Wil turn green if daily close below.,Good clean move into target.,Target Zone Reached,2026-03-20T14:00:40Z
1034,RKLB,Inactive,2026-03-17T19:40:48.514Z,Short-Term (1-3 weeks),77.15,Long,None,78.2 - 78.2,85.94 - 91.94,< 71.27,Weekly analysis suggests a mid-cycle low is due to form. Daily analysis indicates a trend roll up is occurring.. Ribbon now neutral and a positive RS. If it closes over 78.20 will turn green. Targeting 61.8 - 78.6. Re-eval is LoD from 3/17.,Unfortunately this name closed over the favorable and then news came out overnight that it issued a convertible!,Re-evaluation Level Hit,2026-03-18T19:22:19Z
1033,PLTR,Inactive,2026-03-17T14:06:12.795Z,Short-Term (1-3 weeks),155.26,Long,None,156.0 - 156.0,164.0 - 174.0,< 148.58,Weekly analysis suggests PLTR is in a rising phase.. given the macro backdrop it makes sense to see PLTR showing some relative strength off of the recently low. Looking at this as a bull consolidation. Needs daily close > 156 to set this up as green on the site. Targeting 61.8 and 78.6 retracements. A loss of the daily 21 ema on a closing basis invalidates the setup.,Just missed the target by < 1% and now back to breakeven. Have to mark it as a scratch for the tracker.,Pending / Inactive,2026-03-24T13:46:49Z
1032,GLD,Inactive,2026-03-16T15:05:36.569Z,Short-Term (1-3 weeks),458.75,Long,None,457.35 - 449.14,476.4 - 491.05,< 445.5,Weekly analysis suggests GLD is due to form a low. Daily low due right around mid-March. This stock needs to form a mini base to show signs of support right now it is in price exploration mode. Note the GLD cycle is slightly wider vs what is in /GC 48 vs 42 bars.,Base never formed on the 2hr so we never turned this setup green.. Please see the video as it highlights an important process associated with cycle lows..,Pending / Inactive,2026-03-18T12:16:41Z
1031,HOOD,Inactive,2026-03-13T17:35:33.962Z,Short-Term (1-3 weeks),73.8,Short,None,74.6 - 76.8,70.43 - 69.2,> 79.5,Weekly corrective phase with low due May-June. Daily corrective phase after losing uptrend line and failing at falling EMAs. Mini bear flag on 30min likely to set this up. See video.,6.5% move in HOOD that just missed target. Now back to breakeven - marking a scratch.,Pending / Inactive,2026-03-19T19:12:22Z
1030,DOCN,Inactive,2026-03-13T13:47:28.131Z,Short-Term (1-3 weeks),66.59,Long,None,65.0 - 62.0,74.26 - 80.58,< 60.0,Weekly analysis suggests DOCN is in a rising phase. Firmly positive momentum. Multi-year base in place. Daily looking for a cup and handle to form and for this to move sharply higher. Nice RS on the daily vs market.,DOCN exploded into the target.,Target Zone Reached (Early / Missed Entry),2026-03-17T19:37:37Z
1029,DELL,Inactive,2026-03-11T15:08:10.027Z,Short-Term (1-3 weeks),148.57,Long,None,148.66 - 148.66,155.7 - 160.06,< 141.5,Weekly rising phase and leader off recent market trough. Daily bull flag and flush out yesterday.. see video. note it needs daily close over favorable to turn green on site.,Removing DELL - nice little almost 3% pop that quickly stalled.,Pending / Inactive,2026-03-13T14:58:12Z
1028,TSLA,Inactive,2026-03-04T16:29:43.471Z,Short-Term (1-3 weeks),402.0,Long,None,405.0 - 405.0,425.0 - 436.0,< 392.0,Weekly mid-cycle low due as it tests the recent swing low. Daily low also due - I want to see a daily close over 405 to set this up. Targeting 78.6 and recent swing high. Re-eval is the 200 SMA. See video. Clearly counter-trend given bearish RS and SlimRibbon.,TSLA is right at the favorable level here with no strong buying. Pulling it for now.. When it looked at PDH (prior day highs) no one was there. Scratching.,Pending / Inactive,2026-03-05T17:19:32Z
1027,CRM,Inactive,2026-03-03T18:13:00.910Z,Short-Term (1-3 weeks),195.75,Long,None,196.0 - 196.0,205.0 - 212.0,< 187.8,Weekly low due shortly in the IGV names and CRM. Daily higher low. Breakout setup. Close over favorable turns this green.,This came within 50c of the target -  I will look for a new setup.,Target Zone Reached,2026-03-05T18:00:22Z
1026,NEM,Inactive,2026-02-26T16:21:19.636Z,Intermediate-Term (3-8 weeks),125.5,Long,None,127.17 - 127.17,134.88 - 137.13,< 119.12,"Weekly rising phase, daily consolidation. Targeting old highs and short term 78.6 fib extension. It will turn green if it closes over favorable.",This hit my target in the overnight session.. However in the RTH it sold off back to breakeven. To be conservative I am marking this as breakeven but there clearly was $ to be had here in this setup.,Pending / Inactive,2026-03-02T16:35:18Z
1025,AA,Inactive,2026-02-25T15:29:22.572Z,Short-Term (1-3 weeks),63.66,Long,None,64.46 - 64.46,"67.46 - 67.46, 71.22 - 74.97",< 59.57,Weekly low due note the retest of the prior multi-year breakout area. Daily bull base - playing for a larger move. See video.. needs to close over breakout level to set as green on site,Failed to hold breakout on 2/26 - closed right around breakout marking b/e,Pending / Inactive,2026-02-26T19:31:56Z
1024,COPX,Inactive,2026-02-24T14:56:36.681Z,Short-Term (1-3 weeks),91.5,Long,None,91.5 - 91.5,96.0 - 100.0,< 85.74,"Weekly rising phase with clear bull flag forming. Daily low just formed and now a breakout attempt vs base. Needs to close over favorable zone to set up as green for the site. Opted for this ETF setup vs SCCO strictly due to risk/reward, real target is the century mark here.",COPX hit target 1,Target Zone Reached,2026-02-27T19:32:57Z
1023,KGC,Inactive,2026-02-23T22:40:50.130Z,Intermediate-Term (3-8 weeks),35.5,Long,None,35.5 - 34.9,"37.34 - 39.11, 40.15 - 42.68",< 32.36,"Weekly mid-cycle low is due. Daily working out of its base. Note that other gold miners are at  or near-new highs like FNV, AU etc. Gold holding high is supportive for the miners. Expecting a bullish short-term translation to prove the weekly mid-cycle low formed.",Scratching this as market is weakening post NVDA earnings. That is carrying miners with it.,Pending / Inactive,2026-02-26T15:23:24Z
1022,ISRG,Inactive,2026-02-23T16:19:36.964Z,Short-Term (1-3 weeks),490.0,Short,None,492.0 - 502.0,466.0 - 452.0,> 515.0,Weekly corrective phase with low due in April. Daily low formed and bear flag with now stalling daily EMAs. See video.,Made some progress towards target but overall wrong group in spite of having the right timing for a pullback.,Pending / Inactive,2026-03-10T13:32:12Z
1021,ABBV,Inactive,2026-02-13T16:57:32.069Z,Intermediate-Term (3-8 weeks),234.0,Long,None,232.5 - 228.5,245.0 - 254.0,< 223.0,Weekly analysis suggests low due 12/22 - 2/16. Daily analysis suggests early in a rising phase coming out of the weekly bull flag. Watching for small dip to set up higher.. See video. update 2/23: 236 is now an important pivot will only turn green if it can move through on a closing basis.,,Pending / Inactive,2026-02-23T13:42:30Z
1020,META,Inactive,2026-02-11T01:53:53.575Z,Short-Term (1-3 weeks),672.0,Short,None,678.0 - 688.0,646.0 - 631.0,> 695.0,Weekly peaking phase - momentum remains up. Daily cycle high likely formed after the exhaustion gap post earnings. Looking at this as a 30min bear flag. Resistances up to the 200d. Targeting recent swing lows and 78.6 retrace.,Hit T1 +30,Target Zone Reached,2026-02-12T17:43:05Z
1019,AA,Inactive,2026-02-10T14:55:09.117Z,Short-Term (1-3 weeks),61.0,Long,None,61.5 - 60.5,"64.46 - 66.95, 71.22 - 71.22",< 58.18,Weekly analysis suggests AA is due to form a low 1/26 - 3/2. Daily analysis suggests AA is due to form S-T low around end of Jan. Daily ribbon is just trying to turn up today. RS needs to turn up as well. Aluminum futures are also due to form a low so let's see if this can move up out of this consolidation. See video.,Got up to first target +4.5% and is now moving back to favorable. Noting it as a breakeven for the performance tracker.,Pending / Inactive,2026-02-12T15:50:52Z
1018,NSC,Inactive,2026-02-10T12:40:30.232Z,Intermediate-Term (3-8 weeks),305.0,Long,None,300.0 - 296.0,316.0 - 328.0,< 293.7,Weekly analysis suggests NSC is early in a rising phase after breaking out of a monthly base in price. Daily analysis suggests it is early in a rising phase and forming a tight bull flag. See video.,NSC hit the target. Analyze this momentum setup as it is classic - 2 bars up big - 3 bars down small and continuation. Error on my part as favorable should have been above prior day highs 307 vs at lows again.,Target Zone Reached (Early / Missed Entry),2026-02-11T15:18:26Z
1017,TSLA,Inactive,2026-02-06T16:34:00.072Z,Short-Term (1-3 weeks),410.0,Long,None,406.0 - 400.0,421.0 - 429.0,< 393.0,Weekly corrective phase but it has just now tested prior weekly lows - range play.. Daily low due watching for higher low on 30min to set up test into daily EMAs. See video!,This played out exactly as outlined.,Target Zone Reached (Early / Missed Entry),2026-02-09T18:27:40Z
1016,IBKR,Inactive,2026-02-06T14:50:28.005Z,Short-Term (1-3 weeks),72.0,Long,None,72.29 - 72.29,75.06 - 76.7,< 69.01,Weekly rising phase. Daily bull flag into low timing. Breakout setup vs 30min highs.,Now hitting primary targets +6%,Target Zone Reached,2026-02-09T16:03:36Z
1015,NXT,Inactive,2026-02-06T14:28:07.482Z,Short-Term (1-3 weeks),116.0,Long,None,118.4 - 114.6,126.99 - 131.59,< 110.1,"Weekly analysis suggests NXT is late in a rising phase with positive momentum. Daily analysis suggests NXT has a low due around now 2/4 - 2/12. This has had a controlled pullback to the prior resistances and has not filled the earnings gap. Watching for a flag move to the upside. 2/9 premkt
raised favorable, re-eval and targets
due to likely S-T low now in place",In light of the action today going to pull this setup as it hovers above favorable. R/R is not there. Had another chance today and just reaffirmed the line in the sand to the upside,Pending / Inactive,2026-02-10T20:52:46Z
1014,GOOGL,Inactive,2026-02-05T15:36:46.195Z,Short-Term (1-3 weeks),318.0,Short,None,322.0 - 332.0,306.0 - 296.0,> 340.0,Weekly analysis suggests GOOGL is entering a peaking phase post earnings.. Daily cycle breakdown and watching for a WEAK bear flag. Please watch this video - we dive into earnings plays that develop post news. You want to see confirmation that BEARS are in control.,Hitting T1 +16,Target Zone Reached,2026-02-13T14:54:48Z
1013,AVGO,Inactive,2026-02-03T15:29:26.956Z,Short-Term (1-3 weeks),321.5,Short,None,323.5 - 328.0,"307.0 - 303.5, 293.4 - 293.4",> 340.0,"Weekly corrective phase, daily corrective phase. Semis weakening under hood relative weakness developing in KLAC, AVGO, NVDA. Watching for a final LHT to develop on S-T in AVGO to set up the  trough in late Feb - March.",Strong move down into the targets..,Target Zone Reached,2026-02-04T18:20:09Z
1012,BA,Inactive,2026-02-02T16:33:02.678Z,Short-Term (1-3 weeks),235.64,Short,None,239.26 - 245.03,230.2 - 223.61,> 249.13,Weekly rising phase still underway with fist potential rejection.. note there is no daily cycle breakdown to raise odds of weekly peaking phase just yet! Daily ribbon has turned neutral - watching for lower daily high to fail around daily EMAs - see video. Tested resistances AM on 2/3 within 25c so turning green,At base of favorable. Likelihood of getting down to my original target is lower. Will monitor,Pending / Inactive,2026-02-12T14:42:02Z
1011,BAC,Inactive,2026-01-30T15:36:08.714Z,Short-Term (1-3 weeks),53.27,Long,None,53.5 - 53.5,54.43 - 55.17,< 52.0,Weekly analysis suggests a peaking phase with momentum just turning down. Daily analysis suggests a S-T low is likely in on 1/28. Daily gap down on earnings and key pivot is at 53.50 - need daily close over to  turn green. Targeting 50 - 61.8 retracements. It will likely close above the breakout zone today (2/2) - turning green,Conditions for this idea have been satisfied. BAC broke through the favorable zone and has now traded into my primary target (78.6% retrace).,Target Zone Reached,2026-02-03T14:44:30Z
1010,MSFT,Inactive,2026-01-30T15:20:47.970Z,Short-Term (1-3 weeks),436.0,Long,None,441.0 - 442.5,452.0 - 459.0,< 427.0,Weekly analysis suggests MSFT is in a corrective period low due Mar - April. Daily analysis needs more information - it could be a LHT (lower odds) or it is a late low formed on earnings.. Most often it is a late low but the stock needs to prove it ! 30min timeframe is a potential base setup post earnings. This is a breakout play so I need to see a 30min close over the gap high to turn green.,Unlikely to trigger.,Pending / Inactive,2026-02-02T17:09:50Z
1009,JBL,Inactive,2026-01-30T14:53:02.194Z,Short-Term (1-3 weeks),243.75,Long,None,243.26 - 239.0,253.23 - 258.0,< 235.51,"Weekly rising phase, daily low due. Zone is based on daily EMAs. Re-eval is new lows vs 1/29. Targeting 78.6 and prior highs.",Already moving through re-eval  today no support shown all day so really no confirmation today.,Re-evaluation Level Hit,2026-01-30T18:22:45Z
1008,YPF,Inactive,2026-01-29T15:17:07.345Z,Short-Term (1-3 weeks),38.66,Long,None,37.64 - 36.56,39.8 - 41.23,< 35.78,Weekly analysis suggests YPF is in a rising phase with positive momentum. Daily analysis suggests early stages of a rising phase. Watching for move back to rising ribbon and resumption play on daily. see video.,Removing YPF before it hits favorable. Better opportunities elsewhere.,Pending / Inactive,2026-02-03T16:07:44Z
1007,LOW,Inactive,2026-01-28T15:58:40.911Z,Short-Term (1-3 weeks),272.9,Long,None,273.0 - 267.0,284.0 - 287.0,< 264.0,weekly analysis suggests LOW is in a rising phase and showing relative strength vs HD. Bullish right hand translation forming on daily as it tests EMAs.. I am looking for this to be minor support. Targeting a short-term 127.2 Extension and prior All time high (ATH). See video.,Nice clean move into target once low formed.,Target Zone Reached,2026-02-10T16:32:20Z
1006,HL,Inactive,2026-01-27T01:48:47.435Z,Short-Term (1-3 weeks),30.33,Short,None,31.5 - 33.3,"28.05 - 25.1, 24.2 - 24.2",> 34.17,THIS IS A COUNTER-TREND SETUP. Strong reversal yesterday on the highest volume ever for SLV.. HL is in a too far too fast move and with the over-extension I am looking for rally attempt to fail and turn down. 2/2 - 2/9 is when the low is due. V-reversals (If this turns out to be one) - do not correct sideways.,Got to 31+ in pre-market and then sold straight off into target.,Target Zone Reached (Early / Missed Entry),2026-01-27T22:55:41Z
1005,C,Inactive,2026-01-23T20:16:59.839Z,Short-Term (1-3 weeks),113.65,Short,None,113.5 - 114.5,"110.47 - 110.47, 108.58 - 105.65",> 117.32,"weekly analysis suggests rising phase, daily analysis suggests corrective phase and left hand translation. bear triangle on daily forming - watching for follow through.. see video.",This remains in the favorable. Removing it here.,Pending / Inactive,2026-01-29T15:11:26Z
1004,STT,Inactive,2026-01-23T19:57:07.108Z,Short-Term (1-3 weeks),126.3,Short,None,126.6 - 128.7,"123.11 - 123.11, 121.7 - 119.35",> 130.3,Weekly analysis suggests STT is in a peaking phase. Daily analysis shows a breakdown vs prior cycle low. Bear flag post earnings setting up another wave lower. See video.,Moving through re-eval,Re-evaluation Level Hit,2026-01-29T14:36:36Z
1003,NFLX,Inactive,2026-01-23T15:42:47.375Z,Short-Term (1-3 weeks),85.25,Long,None,85.4 - 85.4,88.0 - 90.0,< 82.5,Weekly analysis suggests NFLX is in a corrective period. Daily low is due post earnings - higher low setup. see video.,removing NFLX as it is stalling around favorable,Pending / Inactive,2026-01-28T17:42:12Z
1002,COIN,Inactive,2026-01-22T21:27:48.287Z,Short-Term (1-3 weeks),223.14,Short,None,228.0 - 235.0,216.5 - 203.8,> 241.0,Weekly corrective phase with negative momentum. Daily corrective phase with clear relative weakness.. See video.,COIN sold off into target. A few hours late on this idea.,Target Zone Reached (Early / Missed Entry),2026-01-26T15:09:41Z
1001,CIFR,Inactive,2026-01-21T15:28:46.068Z,Short-Term (1-3 weeks),19.15,Long,None,19.56 - 19.56,"22.44 - 22.86, 23.9 - 25.52",< 17.06,Weekly low due - just like IREN. Rising phase and tight pattern forming on daily into the low. see video. Note it needs a close over the 78.6 daily to turn green on site.,No trigger and now given the selling we are likely  extending out the daily low.. Will be watching for new setup.,Pending / Inactive,2026-01-21T17:29:39Z
1000,IREN,Inactive,2026-01-15T16:12:02.246Z,Short-Term (1-3 weeks),52.06,Long,None,49.0 - 46.0,56.67 - 60.24,< 43.64,Weekly analysis suggests IREN is in a rising phase. Daily analysis suggests there is a bullish right hand translation forming. Expecting a MILD flag to form into the daily EMAs and then resumption higher.. please watch this video.,In target. Did not get into the favorable I published.,Target Zone Reached (Early / Missed Entry),2026-01-16T18:14:04Z
999,ETHA,Inactive,2026-01-15T15:13:28.922Z,Short-Term (1-3 weeks),25.3,Long,None,24.91 - 24.38,26.13 - 27.3,< 23.54,Weekly analysis suggests ETH is just getting into rising phase. Daily analysis suggests it is entering new rising phase after breaking out of a triangle. SlimRibbon and ReversalScout are positive. Looking for modest flags and then higher.. 27.30 is really the area I am looking for on the upside. See video.,Gap down through re-eval,Re-evaluation Level Hit,2026-01-20T21:12:28Z
998,TLT,Inactive,2026-01-14T18:56:15.866Z,Short-Term (1-3 weeks),88.37,Long,None,88.2 - 87.8,89.54 - 90.17,< 87.12,Weekly analysis suggests TLT is forming a minor weekly low. Momentum remains slightly negative. Daily analysis suggests TLT is just entering a new rising phase. See the video.,Clear failure in bonds and notes leaves TLT in a choppy place. We remain in favorable zone. Removing it here,Pending / Inactive,2026-01-16T18:09:00Z
996,MSFT,Inactive,2026-01-13T19:03:32.281Z,Short-Term (1-3 weeks),467.55,Short,None,469.0 - 473.0,459.0 - 451.0,> 480.5,Weekly analysis suggests MSFT is breaking down from its weekly triangle in a corrective phase. Daily analysis suggests MSFT is breaking lower - RS and SlimRibbon daily are negative. If it re-claims the 200d that would invalidate this setup. See video.,Conditions satisfied. MSFT traded into favorable and has since moved into first target. The stock appears to be trying to form a bear flag daily. Will look to establish another setup with this in mind. Note that 450 is still my next target.,Target Zone Reached,2026-01-16T17:09:55Z
995,AAPL,Inactive,2026-01-13T18:36:47.104Z,Short-Term (1-3 weeks),260.2,Short,None,262.8 - 265.7,256.6 - 250.0,> 267.5,Weekly analysis suggests suggests AAPL is in a corrective period with negative momentum. Daily analysis suggests AAPL is in a left hand translation. Mini bear flag forming on daily. Watching the 2hr for when the RS can turn back down as confirmation of the next leg lower.. See video.,Monster setup in AAPL. Hit final targets at 245,Target Zone Reached (Early / Missed Entry),2026-01-20T21:11:53Z
994,BABA,Inactive,2026-01-12T15:27:37.514Z,Intermediate-Term (3-8 weeks),163.0,Long,None,166.37 - 166.37,182.53 - 192.67,< 154.0,Weekly analysis suggests BABA is just now trying to form that weekly low.. Momentum is just turning positive. Daily analysis indicates that BABA is trying to entering into a short-term rising phase. Breakout setup vs 166.37 - needs to close over that level on a daily basis to turn this setup green. Re-eval is the RISING 21 EMA daily. See video.,Great move in BABA - looked towards the 78.6 and now will look to set up new idea on dips!,Target Zone Reached,2026-01-22T18:39:21Z
993,RCL,Inactive,2026-01-08T14:58:14.884Z,Short-Term (1-3 weeks),304.8,Long,None,304.0 - 304.0,320.0 - 323.0,< 289.0,Weekly analysis suggests RCL just formed a low with the rest of the cruiseliners. Breakout setup vs 304 - needs to see daily close above to be green on the site. IF it loses right around the 13 EMA on the daily that would invalidate this setup. See video.,Failed to show consolidation around the breakout area - now through the re-eval.,Re-evaluation Level Hit,2026-01-13T16:59:19Z
992,SHOP,Inactive,2026-01-07T17:22:14.304Z,Short-Term (1-3 weeks),169.0,Long,None,169.0 - 164.0,178.0 - 184.0,< 160.4,Weekly analysis suggests SHOP is early in a rising phase. Daily analysis suggests S-T low just formed. If SHOP can get over 173 that should trigger a quick move into targets. see video.,Scratched SHOP - needs to get over 170 on closing basis for a new setup,Pending / Inactive,2026-01-13T15:20:54Z
991,KRE,Inactive,2026-01-06T21:48:08.497Z,Short-Term (1-3 weeks),67.23,Long,None,67.0 - 65.7,69.0 - 70.15,< 65.0,Weekly analysis suggests it has been in a rising phase. ATH on radar. daily analysis suggests rising phase just getting underway.. See video. Put it live again 9:50 AM ET on 1/8,Just missed target and now back to favorable,Pending / Inactive,2026-01-12T14:31:46Z
990,FXI,Inactive,2026-01-06T14:52:53.393Z,Intermediate-Term (3-8 weeks),40.05,Long,None,40.0 - 39.5,41.25 - 42.0,< 38.75,"Weekly low due, daily rising phase. See video",FXI hovering near the breakout area in pre-market the air came out of this name post Iran-China tariff news. Will continue to keep BABA active as it is acting as expected and so far!,Pending / Inactive,2026-01-14T14:01:16Z
988,BABA,Inactive,2026-01-05T14:52:44.159Z,Short-Term (1-3 weeks),153.8,Long,None,154.0 - 151.75,162.0 - 166.0,< 148.0,"weekly low due, daily low due. expecting to see mini bull flag on 2hr form here and another turn up.. Nice wedge forming on daily basis.",Moved through re-eval,Re-evaluation Level Hit,2026-01-08T15:15:08Z
987,APP,Inactive,2025-12-19T16:56:59.405Z,Short-Term (1-3 weeks),721.0,Long,None,727.0 - 727.0,"772.76 - 800.79, 800.79 - 840.7",< 674.0,"Weekly rising phase, daily rising phase and a tight coil building below ATH.. See video. Need daily close over favorable zone to turn green.",Never triggered,Pending / Inactive,2026-01-02T18:49:06Z
986,TSLA,Inactive,2025-12-12T14:49:27.249Z,Short-Term (1-3 weeks),457.0,Long,None,457.0 - 457.0,"474.0 - 482.0, 500.0 - 500.0",< 440.33,Same setup as before but now a breakout setup vs old range high.. Close over the 457 at end of day and you want a bullish close today to confirm,Stock got smoked due to weakness in the stock. Changed the status back to yellow around 454. Given the action now down here at 443 we will just inactivate it. Remember you wanted to see the stock have a trend day! What does the stock do a trend day - opening drive higher - tight early consolidation and higher. this failed right at 10 AM.. That was your signal to get out of dodge.,Pending / Inactive,2025-12-12T16:56:04Z
985,GLD,Inactive,2025-12-10T20:59:46.147Z,Short-Term (1-3 weeks),389.46,Long,None,391.7 - 391.7,403.0 - 403.0,< 384.0,Weekly low likely formed and in rising phase. Daily rising phase and breakout setup vs recent highs. See video.,Got very close to the target today and then reversed back to favorable.,Pending / Inactive,2025-12-12T16:43:19Z
984,URA,Inactive,2025-12-09T20:21:09.978Z,Short-Term (1-3 weeks),48.52,Long,None,48.5 - 48.5,50.74 - 51.87,< 46.5,Weekly analysis suggests URA has a low due. Daily SlimRibbon trying to turn up here. See video.,No close over favorable saved a quick stop out.,Pending / Inactive,
983,TSLA,Inactive,2025-12-08T15:04:20.580Z,Short-Term (1-3 weeks),446.0,Long,None,440.0 - 431.0,474.0 - 482.0,< 421.0,Weekly analysis suggests TSLA is just entering into a new rising phase - momentum has just turned up. Daily analysis suggests TSLA is forming a bullish right hand translation. Watching for flag to resolve higher and we see a move towards new highs into year-end. See video.,Market weakening on ORCL earnings. This has dragged TSLA back towards the top of favorable around 443 at 10:30 PM ET. Removing it here and will be waiting for the breakout setup now through 460,Pending / Inactive,2025-12-11T03:31:29Z
982,RTX,Inactive,2025-12-04T16:26:07.111Z,Short-Term (1-3 weeks),171.7,Long,None,174.0 - 174.0,178.0 - 181.0,< 168.65,Weekly analysis suggests low is due to form right around now. Daily low due and a double star morning star forming. See video.,Just missed the target today on that spike post FOMC - scratching it here.,Pending / Inactive,2025-12-10T21:01:10Z
981,EQT,Inactive,2025-12-03T19:42:45.846Z,Short-Term (1-3 weeks),61.19,Long,None,61.26 - 61.26,63.27 - 65.48,< 58.0,Weekly analysis suggests EQT is in a rising phase. Daily rising phase and breakout setup vs 61.26. Need to see subsequent buying here quickly - stalling or sideways here is not what I am looking for. See video.,Stalling at breakout - removing it,Pending / Inactive,2025-12-04T14:57:13Z
980,PAAS,Inactive,2025-12-02T18:07:57.783Z,Short-Term (1-3 weeks),44.6,Long,None,43.0 - 41.5,46.6 - 48.29,< 40.0,Weekly analysis suggests PAAS is in a rising phase with positive momentum. Daily analysis suggests PAAS is in a rising phase and forming a flag on 2hr. See video.,PAAS entering into targets,Target Zone Reached (Early / Missed Entry),2025-12-09T15:25:24Z
979,SLV,Inactive,2025-12-02T16:19:45.203Z,Short-Term (1-3 weeks),52.0,Long,None,50.8 - 49.6,53.66 - 56.09,< 48.2,Weekly analysis suggests SLV is in a rising phase with positive momentum. Clear outperformance vs gold. Daily analysis suggests SLV is in a rising phase after breaking out of its consolidation pattern. Mini bull flag potential. See video.,This did exactly as I had expected. I had anchored my favorable to the 2-hour and it moved up with price but I failed to update it on the site.,Target Zone Reached (Early / Missed Entry),
978,VLO,Inactive,2025-12-01T18:46:52.075Z,Short-Term (1-3 weeks),181.3,Long,None,181.3 - 176.76,192.4 - 198.9,< 173.4,Weekly analysis suggests VLO is in a rising phase. The stock looked at the all time high and has paused just below it. Daily analysis suggest VLO has just entered a new rising phase. See video.,Stock showed an inability to rally over 182.05 on 12/3 - that was a key observation here. Also note that the market is buying the beaten up stocks not the ones that have been strong...,Re-evaluation Level Hit,2025-12-04T15:41:22Z
977,PLTM,Inactive,2025-11-28T16:54:06.192Z,Short-Term (1-3 weeks),16.06,Long,None,15.96 - 15.51,16.68 - 17.14,< 14.99,Weekly analysis suggests PLTM is in a rising phase. Daily low just formed and has since seen a base breakout. Mini bull flag play. See video.,Removing PLTM as it trades near top of favorable. Some air came out of the metals post thanksgiving.,Pending / Inactive,2025-12-03T16:59:56Z
976,PALL,Inactive,2025-11-28T16:36:41.261Z,Short-Term (1-3 weeks),132.7,Long,None,132.5 - 134.7,143.0 - 148.5,< 125.5,Weekly analysis suggests Palladium is in a rising phase. Base break setup on daily. See video.,"Last night - palladium tries to move through breakout and stalled right at the prior highs. Today, PALL hovers around the breakout zone but is clearly not in play yet. If Palladium approaches 1566 on the March contract again that will offer an opportunity",Pending / Inactive,2025-12-01T19:46:17Z
974,AU,Inactive,2025-11-24T21:40:52.713Z,Short-Term (1-3 weeks),83.95,Long,None,83.96 - 83.96,88.15 - 90.9,< 79.87,Weekly rising phase and tight consolidation forming. Daily triangle trying to breakout to the upside. See video.,Conditions for this idea have been satisfied. AU traded into favorable and has now moved into first targets +5%.,Target Zone Reached,2025-11-26T16:06:29Z
973,GDX,Inactive,2025-11-24T21:19:39.580Z,Short-Term (1-3 weeks),77.95,Long,None,78.18 - 77.0,85.0 - 87.5,< 72.45,Weekly analysis suggests GDX is forming the weekly cycle low.. Daily basing cycle is confirming this. Targeting new highs - see video.,A 6% + move from favorable but just missed my official target. It remains  4% above favorable as we remove it and mark as breakeven.,Pending / Inactive,
972,PHM,Inactive,2025-11-24T14:58:20.375Z,Short-Term (1-3 weeks),118.99,Long,None,118.5 - 115.48,124.99 - 128.14,< 113.8,Weekly analysis suggests a low is due in the group. Daily low due as well in the group and in PHM. Trend roll up potential on the daily. see video.,After trading into our favorable zone.. PHM blasted off into our targets +6%.  This is an area of focus for us moving forward.. Watch Sectors ETFs video from 11/25 - located in stock sectors.,Target Zone Reached,2025-11-26T15:47:34Z
971,TSLA,Inactive,2025-11-20T15:06:38.368Z,Short-Term (1-3 weeks),424.0,Long,None,424.5 - 424.5,454.0 - 475.0,< 393.0,Weekly analysis suggests low is due 9/15 - 12/1. Daily analysis suggests TSLA has likely formed a S-T low and is trying to re-enter the trading range. Natural destination would be the other side 470+. See video.,No breakout over 424.50 and daily close over looks unlikely.. will be removing it.,Pending / Inactive,2025-11-20T16:25:25Z
970,GFI,Inactive,2025-11-12T15:13:29.349Z,Intermediate-Term (3-8 weeks),42.14,Long,None,42.14 - 40.5,47.18 - 49.45,< 38.88,Weekly analysis suggests GFI is due to form a low. Weekly low due around Nov 2025.. Daily analysis suggests GFI is reversing S-T trend to the upside. Flag forming on 2hr. See video.,Moved through re-eval,Re-evaluation Level Hit,2025-11-24T14:38:23Z
969,HL,Inactive,2025-11-11T21:00:20.875Z,Intermediate-Term (3-8 weeks),14.7,Long,None,15.5 - 15.5,16.87 - 18.25,< 14.06,Weekly analysis suggests HL is in a rising phase.. daily analysis suggests HL is in a rising phase and showing good relative strength vs other silver miners.. 48% of revs come from silver about 37% from gold.. See video. Update 11/12 at 10:15 AM ET - changed the setup now to a breakout vs 15.50 cycle highs. If it rejects then re-eval is on the gap fill from 11/7,This rejected on 11/13 - finally closed below official re-eval today,Re-evaluation Level Hit,2025-11-17T19:28:06Z
968,FEZ,Inactive,2025-11-11T20:05:25.864Z,Short-Term (1-3 weeks),63.66,Long,None,63.7 - 63.7,64.81 - 65.72,< 65.4,Weekly analysis suggests FEZ is trying to breakout of a rectangle and in a rising phase. Daily analysis suggests FEZ is at a key breakout zone. Please see the video.,Back to favorable - scratch for now,Pending / Inactive,2025-11-13T18:40:09Z
967,XLE,Inactive,2025-11-11T15:42:02.800Z,Short-Term (1-3 weeks),91.58,Long,None,90.0 - 89.25,92.9 - 94.23,< 88.25,Weekly analysis suggests XLE has resumed its rising phase - momentum is up. Daily analysis suggests XLE is late in a short-term rising phase. Watching for a mini flag on the daily to set up this move higher! See video. Entered favorable on 11/17,This is in the money by about a point - taking it off here.,Pending / Inactive,2025-11-20T16:26:45Z
966,UBER,Inactive,2025-11-10T19:06:46.550Z,Short-Term (1-3 weeks),93.75,Long,None,95.0 - 95.5,99.44 - 101.99,< 92.25,weekly analysis suggests low is due 10/6 - 12/8. Daily analysis suggests low is due to form. The stock has not be able to close below the LOD on earnings gap down - is it a sell out? Watching for move through breakout zone (which I am using as favorable) to set up this move higher. See video.,Never broke through breakout zone -,Pending / Inactive,2025-11-13T18:28:43Z
965,HPQ,Inactive,2025-11-06T20:49:53.202Z,Short-Term (1-3 weeks),26.26,Short,None,26.57 - 27.07,25.76 - 25.46,> 27.43,Weekly analysis suggests HPQ is in a corrective phase - momentum is down. Low due early 2026. Daily analysis suggests HPQ is in a corrective phase. Bear flag setup.  See video.,Strong rejection off open in HPQ. Traded right up into the favorable and collapsed 5%.,Target Zone Reached,2025-11-10T14:59:09Z
964,SHOP,Inactive,2025-11-06T15:26:54.385Z,Short-Term (1-3 weeks),160.0,Short,None,162.52 - 166.95,153.0 - 145.0,> 170.11,weekly analysis suggests SHOP is in a rising phase.. daily analysis suggests SHOP is in a corrective phase post earnings. see video. 11/6 - revised levels lower,Already in target. Will look again on a bounce as downside risk remains based on daily cycles,Target Zone Reached (Early / Missed Entry),2025-11-07T20:39:00Z
963,GDX,Inactive,2025-11-05T15:25:14.254Z,Short-Term (1-3 weeks),69.65,Short,None,69.7 - 71.3,66.58 - 64.58,> 72.4,Weekly analysis suggests GDX is in a period of risk and selling off. Momentum is down. Daily analysis suggests that GDX is forming a daily bear flag. Trend and RS are down on daily. Watching for move through 68.20 to accelerate into the targets. See video.,This never set up properly. Detailed in discord that I had an alert set for a move below 69.48 to trigger the short setup.,Re-evaluation Level Hit,2025-11-07T20:37:23Z
962,COIN,Inactive,2025-11-04T19:55:58.811Z,Short-Term (1-3 weeks),308.0,Short,None,314.0 - 326.0,292.5 - 281.5,> 336.0,Weekly corrective phase. Daily corrective phase. Breaking through recent swing low. Crypto weakness hurting COIN. Mini bear flag on 2hr and expecting a washout lower. See video.,Hit our 200d MA target +10%,Target Zone Reached,2025-11-07T19:09:20Z
961,DELL,Inactive,2025-11-04T17:12:22.697Z,Short-Term (1-3 weeks),156.7,Short,None,159.0 - 162.5,151.0 - 146.33,> 165.0,Weekly analysis suggests DELL is in a rising phase with positive momentum. Daily analysis suggests DELL is in a peaking phase - RS daily needs to turn down. Watching for a lower high setup. Please see the video.,DELL is in target,Target Zone Reached (Early / Missed Entry),2025-11-05T14:53:39Z
960,VLO,Inactive,2025-11-03T16:22:34.789Z,Short-Term (1-3 weeks),169.92,Long,None,169.7 - 165.74,176.0 - 178.0,< 163.27,Weekly analysis suggests VLO is early in a rising phase. Base case is for a test of highs > 178. VLO in the short-term is in a rising phase. There is a bull flag forming on daily. See video.,VLO is back at the top of the favorable. Removing it here.,Pending / Inactive,2025-11-04T17:20:18Z
959,MSFT,Inactive,2025-11-03T15:05:35.029Z,Short-Term (1-3 weeks),522.75,Short,None,522.0 - 527.0,515.0 - 506.0,> 531.0,Weekly analysis suggests MSFT is in a peaking phase with a clear double top on weekly. There has been no violation yet of the 78.6 retrace at 505 - need to see a close below that level to increase likelihood we have seen the weekly cycle highs. Momentum remains modestly positive. Daily analysis suggests the underlying is in a corrective period. The relative weakness in what is a HOT industry group and sector is notable. Bear flag on 2hr is on radar. See video.,First target hit same day. Note given their equity stake in OpenAI -  MSFT loses in the short-term as OpenAI losses balloon. Compute providers benefit in S-T as OpenAI signs more compute deals. This is the narrative that is at play..  We will continue to monitor this idea for continuation into target 2.,Target Zone Reached,2025-11-03T20:33:45Z
958,KWEB,Inactive,2025-10-31T17:34:57.533Z,Short-Term (1-3 weeks),38.91,Short,None,40.1 - 40.73,38.1 - 37.45,> 41.35,Weekly analysis suggests KWEB is in a corrective period - RS is negative. Daily peaking phase RS needs to turn down to confirm. See video,After good 3% move it is now back to favorable scratching it here.,Pending / Inactive,2025-11-06T14:39:52Z
957,HD,Inactive,2025-10-29T19:15:28.512Z,Short-Term (1-3 weeks),377.7,Short,None,379.0 - 382.0,368.5 - 362.25,> 389.5,Weekly analysis suggests HD is the final stages of a corrective period - a wash out low is likely. Daily analysis suggests an early high is forming on daily - RS is close to turning down and the SlimRibbon is down. Update 10/31 - putting this idea back as active - 3 equal lows now vs prior low - watching for a move lower as discretionary names starting to weaken. watch the new video.,Scratched - as we have been detailing in the trade ideas feed on discord - there are no sellers in HD.. if there were you would have seen one of these tests of 374.70 finally go to the downside!!,Pending / Inactive,2025-11-04T16:10:05Z
956,XOP,Inactive,2025-10-29T19:04:19.676Z,Short-Term (1-3 weeks),127.0,Short,None,127.0 - 128.0,124.0 - 122.2,> 130.36,Weekly analysis suggests XOP is in a corrective phase. Daily analysis suggests XOP is stalling and in a peaking phase. Watching for this to be a bear flag and resolution lower. See video.,Just sitting in the resistance zone with no follow through lower. Removing it,Pending / Inactive,2025-10-30T15:05:37Z
955,BAC,Inactive,2025-10-24T20:05:29.865Z,Short-Term (1-3 weeks),52.46,Long,None,52.88 - 52.88,54.3 - 55.47,< 51.11,Weekly analysis suggests BAC is in a rising phase and is showing relative strength vs major banks. Daily analysis suggests BAC is in a rising phase - there is a breakout setup vs 52.88. If it closes over that level it will be turned green. Re-eval is LOD from 10/23. S-T Targets 100 - 127.2% extension zone.,Market is very choppy - BAC remains above favorable but will be removing it here.,Pending / Inactive,2025-10-30T18:43:09Z
954,HD,Inactive,2025-10-21T15:14:07.332Z,Short-Term (1-3 weeks),393.23,Long,None,393.5 - 393.5,400.76 - 406.9,< 383.97,Weekly low due daily low due and tight consolidation. Looking for mini break out through 393.50 to trigger move into target zone. Re-eval is the higher low from 10/16. HD tried to move through favorable but failed to do so at the close on 10/21 - it needs to get over that level to have any shot of rallying!,No  breakout here - just sitting 0.5% below breakout zone. Removing it here,Pending / Inactive,2025-10-22T15:22:01Z
953,KBE,Inactive,2025-10-20T20:03:47.972Z,Short-Term (1-3 weeks),57.3,Long,None,57.0 - 56.0,"58.8 - 59.45, 60.77 - 60.77",< 54.691,Weekly analysis suggests KBE is due to form a low 9/1 - 11/3. Daily analysis suggests KBE has a low due 10/8 - 10/20. Watching for a higher low play on 2hr. See video.,KBE remains above favorable but the action S-T is lackluster. Pulling for now.,Pending / Inactive,2025-10-21T20:25:43Z
952,AFRM,Inactive,2025-10-15T18:33:41.348Z,Short-Term (1-3 weeks),73.0,Short,None,73.0 - 76.0,68.4 - 66.5,> 77.96,Weekly corrective period low due 11/3 - 12/29. Daily corrective period. Bear flag on 2Hr. S-T low due around end of Oct early Nov. See video.,AFRM first target hit and still has time to go in corrective period.,Target Zone Reached,2025-10-16T19:10:00Z
951,XLE,Inactive,2025-10-15T15:28:57.686Z,Short-Term (1-3 weeks),86.48,Short,None,86.6 - 87.5,85.05 - 84.1,> 88.06,Weekly corrective period. Daily corrective period bear flag forming. Setting targets to recent swing lows. Watch 2hr for the flag failure.,XLE first target hit and still has time to go in corrective period.,Target Zone Reached,2025-10-16T19:09:30Z
950,WMT,Inactive,2025-10-14T19:09:52.418Z,Short-Term (1-3 weeks),107.5,Long,None,106.7 - 106.0,110.0 - 113.5,< 104.0,Weekly analysis suggests WMT is in a rising phase with positive momentum. Daily analysis suggests WMT is in a rising phase breaking out of an ascending triangle. The next 1-2 sessions here are critical for WMT to show ACCEPTANCE of today's move. The market is all about (in my eyes) 2 core concepts - acceptance and rejection. Are we accepting at higher levels in this case or rejecting. Let's see. Watch the video. 10/20 - changed status back to active - let's see if this flag resolves higher. Update 10/21: If WMT clears 108.30 will be turning this green for the site.,never set up,Pending / Inactive,
949,MCD,Inactive,2025-10-10T16:43:21.268Z,Short-Term (1-3 weeks),296.0,Long,None,296.0 - 296.0,"299.7 - 301.0, 302.0 - 303.0",< 292.0,Weekly corrective period stock is testing the 78.6 retracement level. Daily low due to form need to see 2 hr RS turn up and likely a price base to form on 2hr.,This AM we saw a 15min low form this morning to trigger the move into first target. 302-303 secondary target hit on 10/14.,Target Zone Reached,2025-10-13T17:46:22Z
948,KRE,Inactive,2025-10-09T14:35:18.389Z,Short-Term (1-3 weeks),62.6,Short,None,62.6 - 63.2,61.29 - 59.75,> 64.59,Weekly analysis suggests KRE is in a corrective period. RS is negative. Daily analysis suggests KRE is in a corrective period. Trend is turning down on daily with the RS firmly down. Low due in early Nov. see video. First target hit 10/10.,Target #1 and 2 hit here. Great setup to refer back to later,Target Zone Reached,2025-10-11T02:10:33Z
947,CRWD,Inactive,2025-10-08T15:18:40.595Z,Short-Term (1-3 weeks),502.0,Long,None,503.5 - 507.2,521.0 - 533.0,< 486.0,Weekly tight triangle pattern below highs - RS is positive. Daily low due and trying to turn up. Ribbon and RS are positive. See video.,Nice pop right to prior highs over 517 and then swiftly rejected back to favorable. Scratching it here.,Pending / Inactive,2025-10-10T15:03:05Z
946,LVS,Inactive,2025-10-07T15:48:42.098Z,Short-Term (1-3 weeks),51.82,Short,None,51.6 - 51.6,50.15 - 48.99,> 53.11,Weekly analysis suggests LVS is in a corrective period with negative momentum. Daily analysis suggests LVS is in a corrective period with bearish RS and SlimRibbon (Slim Ribbon only just turned negative).. see video. Note you need to see a close below 51.60 and sellers to re-emerge in this name to take it back to the 10/3. A poke below 51.60 and a reversal doesn't count!,This is why the trigger was where it was - no acceptance below swing low - no setup!,Pending / Inactive,2025-10-08T14:12:06Z
945,RBLX,Inactive,2025-10-07T15:14:53.440Z,Short-Term (1-3 weeks),123.7,Short,None,125.5 - 128.75,118.55 - 112.0,> 131.28,Weekly analysis suggests RBLX is in a corrective period low due 10/6 - 11/24. Daily analysis suggests RBLX is in a corrective period. There is a bear triangle forming over the last 3 sessions. Watching for follow through into daily low due in latter part of Oct. See video.,Base of favorable on the tape bomb - removing it here.,Pending / Inactive,2025-10-10T16:15:01Z
944,SBUX,Inactive,2025-10-06T14:29:24.371Z,Short-Term (1-3 weeks),83.5,Short,None,83.76 - 84.47,81.45 - 80.51,> 86.28,Weekly analysis suggests SBUX is in a corrective period. Low due end of 2025 in to early 2026 Daily analysis suggests SBUX is in a peaking phase. There is now a bear flag channel building that appears to be breaking down. Note we need to see price acceptance below 82.60 to raise odds of a move into target. See video.,This played out perfectly. Trigger day on 10/6 - bear breakdown from channel.,Target Zone Reached (Early / Missed Entry),2025-10-08T14:14:16Z
943,PALL,Inactive,2025-10-03T14:54:23.046Z,Intermediate-Term (3-8 weeks),115.0,Long,None,115.0 - 112.25,121.26 - 126.0,< 110.34,Weekly rising phase and approaching key inflection point as it tries to break out of massive saucer bottom. Daily rising phase RS and SlimRibbon are firmly positive. See the video. Target 1 hit on 10/6 3:00 PM ET.,Great move into the target +8% +,Target Zone Reached,2025-10-07T15:43:30Z
942,CCL,Inactive,2025-10-03T13:57:24.087Z,Short-Term (1-3 weeks),29.11,Short,None,29.24 - 29.45,27.85 - 27.46,> 30.18,Weekly analysis suggests CCL is in a corrective phase with negative momentum. Daily analysis suggests CCL is in a left hand translation aka a corrective period where the high forms early in the cycle. Watching for a mini 2hr bear flag to turn back down... See video,CCL just missed target by 0.5%,Pending / Inactive,2025-10-08T14:13:03Z
941,AMD,Inactive,2025-10-02T19:50:37.952Z,Short-Term (1-3 weeks),170.62,Long,None,170.26 - 166.13,178.7 - 186.65,< 161.66,Weekly analysis suggests AMD is due to form a low RS negative. Daily analysis suggests AMD is breaking out of a price base. See video.,Hit target on news up to 220+ in pre market. This could only marked positive pr break even as it never hit the official re/eval,Pending / Inactive,2025-10-06T12:24:57Z
940,META,Inactive,2025-10-02T14:49:47.356Z,Short-Term (1-3 weeks),721.77,Short,None,729.65 - 735.66,710.0 - 696.2,> 741.66,Weekly analysis suggests META is in a corrective period. Daily analysis suggests META is in a corrective period. Mini bear flag on 2hr on radar. See video.,After hitting the favorable zone off open META got smoked and is already in the first target. This is getting inactivated solely for the performance tracker. I always watching for a wash out move into the trough. My game plan in this situation is to sell some and then trail vs 2hr EMAs playing for T2. Update 10/7 - hit T2. +5.5% in 2 days,Target Zone Reached,2025-10-03T19:59:43Z
939,/BTC,Inactive,2025-10-01T14:31:31.700Z,Short-Term (1-3 weeks),118000.0,Long,None,118400.0 - 119200.0,112600.0 - 126200.0,< 114600.0,"Weekly low due to form, daily W-Bottom forming and approaching breakout zone. see video. Only turns green if it can clear the breakout zone on a closing basis. Note: first target hit 10/3",BTC hitting ATH and meeting our targets for this setup. +7k from breakout zone,Target Zone Reached,2025-10-03T19:51:52Z
938,PYPL,Inactive,2025-09-30T23:58:39.652Z,Short-Term (1-3 weeks),67.06,Short,None,67.15 - 68.39,64.13 - 62.44,> 69.77,Weekly analysis suggests PYPL is in a corrective period - momentum down. Low due in late Q4 2025. Daily analysis suggests PYPL is forming a bear rectangle on daily - watching for a continuation move towards the target zone. No video for this setup.,PYPL never triggered as it did not move through the lower edge of the rectangle. Regardless given that it has now moved through re-eval it will be marked as a loser,Re-evaluation Level Hit,2025-10-06T13:30:34Z
937,SBUX,Inactive,2025-09-24T14:01:31.582Z,Intermediate-Term (3-8 weeks),84.75,Short,None,84.56 - 86.63,81.45 - 80.51,> 87.5,Weekly analysis suggests SBUX is in a corrective phase low due around end of year. Daily analysis suggests SBUX forming a bear flag - RS mildly positive and needs to turn back down. See video.,Pulling SBUX as it retests base of favorable.  Showing some RS this morning.,Pending / Inactive,2025-09-29T14:06:59Z
936,DUK,Inactive,2025-09-23T18:29:52.311Z,Short-Term (1-3 weeks),122.9,Long,None,122.9 - 122.9,"124.73 - 126.1, 126.1 - 127.85",< 120.0,Weekly analysis suggests DUK is entering into a new rising phase on the weekly. Daily analysis suggests a low has likely formed - RS now positive and SlimRibbon close to turning neutral. see video.,2 day move and now back to breakout level. Better setup was in SO.,Pending / Inactive,2025-09-25T16:21:27Z
934,MSFT,Inactive,2025-09-23T18:04:05.276Z,Short-Term (1-3 weeks),509.69,Short,None,509.6 - 515.0,498.0 - 493.0,> 521.0,Weekly analysis suggests MSFT is in a corrective phase still as the weekly RS remains red! Daily analysis suggests MSFT has  bear daily cycle configuration. This rising phase has only tested the base of the daily resistance zone. Playing for a cycle peaking phase to get underway and some selling to accelerate into low 10/3 - 10/15. Market is weakening!,MSFT chopping around base of favorable scratching here.,Pending / Inactive,2025-09-26T14:02:32Z
933,AMZN,Inactive,2025-09-23T17:07:57.968Z,Short-Term (1-3 weeks),222.68,Short,None,223.0 - 226.0,217.3 - 211.4,> 228.0,"Weekly analysis suggests AMZN is in a peaking phase - RS has just turned down. Low due 9/29 -12/15. Daily analysis suggests AMZN is in a corrective phase as it tests recent cycle low. RS has turned down, SlimRibbon daily neutral. Low due early to mid Oct. See video.",On 9/24 pre-market we saw AMZN gapping into favorable on the BABA news - odds favored that gap getting sold and it was! Straight down into the targets.,Target Zone Reached,2025-09-25T19:44:46Z
932,BRK/B,Inactive,2025-09-23T15:08:30.186Z,Short-Term (1-3 weeks),497.7,Long,None,497.7 - 497.7,507.25 - 512.51,< 489.5,Weekly suggests BRKB is in a rising phase with positive momentum. Daily cycle base likely forming here. SlimRibbon neutral and RS negative - both need to improve. The stock is trying to breakout of a mini base here. See video. Update 1:20 PM ET on 9/23: BRKB is 2 pts underwater vs the breakout level.. it formed a clear poke above that this morning and then rejection. It needs to get back over and close over 497.70 for this to have a chance to move higher again.,,Pending / Inactive,
931,XOP,Inactive,2025-09-23T14:55:11.800Z,Short-Term (1-3 weeks),135.0,Long,None,136.4 - 134.8,"139.13 - 142.09, 142.09 - 145.86",< 132.16,Weekly analysis suggests XOP is in a rising phase with positive momentum. Daily consolidation and now setting up for a potential break higher. Please see the video. Update 9/24: This stock is eating the tail from yesterday putting it back as active as it moves through recent swing highs 135.86.,"XOP first target hit. Note the daily patterns in XOP, XLE. Exactly the patterns that are worth studying.",Target Zone Reached,2025-09-26T14:28:11Z
930,NTRS,Inactive,2025-09-22T15:40:12.604Z,Short-Term (1-3 weeks),131.8,Long,None,132.94 - 132.94,138.2 - 141.9,< 128.1,Weekly suggests NTRS is in a rising phase with positive momentum now re-established (for now - it only just flipped positive). Daily 4 equal highs and ascending triangle. See video. NOTE - NTRS needs a close over the breakout level to turn positive,Setup has not triggered. It poked highs and quickly rejected.,Pending / Inactive,2025-09-23T17:24:29Z
929,CDNS,Inactive,2025-09-22T14:45:46.837Z,Short-Term (1-3 weeks),368.67,Long,None,374.3 - 376.45,391.5 - 409.5,< 356.4,Weekly analysis suggests CDNS is early in a rising phase on weekly with now an upturn in momentum. Daily analysis suggests CDNS is in a riisng phase on daily - Consolidation pre-breakout. See video.,Setup has not triggered,Pending / Inactive,2025-09-23T17:23:39Z
928,COIN,Inactive,2025-09-18T14:37:39.608Z,Short-Term (1-3 weeks),337.0,Long,None,337.75 - 326.54,368.0 - 386.0,< 311.3,Weekly low due. Daily rising phase and now entering the gap. Expecting to see some follow through towards 50-61.8 retracement zone.,Nice move after trigger to 352 or so that has now stalled. Removing setup in pre at 332,Pending / Inactive,2025-09-22T10:30:28Z
927,VRT,Inactive,2025-09-15T16:05:00.677Z,Short-Term (1-3 weeks),141.07,Long,None,141.22 - 141.22,152.84 - 162.14,< 133.56,Weekly analysis suggests VRT is due to form a low 7/28 - 9/8. Daily analysis suggests VRT has just formed a daily low. SlimRibbon and RS daily are positive now. Please see the video. VRT needs to  get over 141.22 on a closing basis to turn green,Has not triggered.,Pending / Inactive,
926,LHX,Inactive,2025-09-12T14:47:57.137Z,Short-Term (1-3 weeks),280.45,Long,None,281.0 - 279.0,289.0 - 296.0,< 271.0,Weekly analysis suggests LHX is due to form a low 8/18 - 10/27. Daily analysis suggests LHX is due to form a short-term low 9/3 - 9/18. There is a clear rectangle forming on the daily and is poised for a breakout. Measured move out of the rectangle is ~293. See the video.,Scratching LHX off open as it trades back into favorable. Was about 5 pts or so in this setup and just missed target.,Pending / Inactive,2025-09-18T13:31:37Z
925,BX,Inactive,2025-09-12T12:45:07.339Z,Short-Term (1-3 weeks),183.9,Long,None,181.75 - 177.1,"188.85 - 192.03, 192.03 - 200.01",< 174.56,Weekly analysis suggests BX is in a rising phase. Daily analysis suggests B is in a rising phase. Watching for mini flag on 2 hr to set up higher. See video.,BX target hit as it moved +4.2% from my entry.  You can see how when you can identify the momentum condition based on the strength of the daily trend -  you have a good sense for the expected price behavior of the underlying on shorter timeframes like the 2-hour.,Target Zone Reached,2025-09-18T14:28:31Z
924,SO,Inactive,2025-09-11T17:02:42.175Z,Short-Term (1-3 weeks),91.89,Long,None,91.88 - 91.23,"93.49 - 94.18, 94.18 - 95.18",< 90.53,Weekly low is due in SO 9/8 - 10/20. Momentum is down. Daily low is due 9/4 - 9/22. SlimRibbon and ReversalScout are negative. This is a reversal play off the  daily low (clearly counter-trend). 2hr ReveralScout has turned positive and SlimRibbon neutral this is the primary focus here on this reversal play. Also the XLU has a weekly and daily low and some clear buying showing up off the daily trough.,I am seeing the rest of the XLU get weaker today. Even though SO remains above favorable I will keep it inactive for now.. However I am certainly still watching it for a shift back to the upside.  Needs to clear 92.44,Pending / Inactive,
923,INDA,Inactive,2025-09-11T14:52:35.930Z,Intermediate-Term (3-8 weeks),53.22,Long,None,53.0 - 52.8,54.41 - 55.12,< 52.38,Weekly analysis suggests low is due 7/28 - 10/6. RS needs to turn up to confirm new rise. Daily  analysis suggests S-T low due 8/19 - 9/8. RS has just turn positive (needs to hold) and SlimRibbon is back to neutral. See the video,Conditions for this idea have been satisfied. INDA traded into favorable and has since moved into target +2.25%.,Target Zone Reached,2025-09-17T18:49:25Z
922,DELL,Inactive,2025-09-11T14:28:13.716Z,Short-Term (1-3 weeks),127.85,Long,None,127.7 - 128.45,135.0 - 137.0,< 123.42,Weekly analysis suggests a low is due 7/28 - 9/22. Momentum is slightly negative. Daily analysis suggests a S-T low is due. Earnings gap down and then a test of the low and rejection (upside reversal). Breakout setup for a move into the gap. Video walkthrough is available.,No lift yet in DELL - scratching for now. Again just keeping everything tight. If it doesn't go when it could that suggests the need for a different entry approach vs breakout,Pending / Inactive,2025-09-11T16:48:24Z
921,COIN,Inactive,2025-09-09T19:36:56.324Z,Short-Term (1-3 weeks),317.77,Long,None,316.25 - 307.75,337.5 - 350.0,< 292.5,Weekly analysis suggests low is due 7/14 - 9/8. Daily analysis suggests S-T low is due to form 9/4 -- 9/16. SlimRibbon starting to curl but remains negative. RS is positive on daily. See video.,Still above favorable but a weak day today overall. Clear the board and will watch.,Pending / Inactive,2025-09-10T19:16:49Z
920,DE,Inactive,2025-09-09T14:36:16.258Z,Short-Term (1-3 weeks),472.5,Short,None,472.5 - 477.5,453.23 - 440.72,> 486.0,Weekly analysis suggests DE is in the late stages (highest risk of downside) of a corrective period. Momentum is firmly negative. Low due 9/15 - 11/17. Daily analysis suggests DE is in a short-term corrective period and a left hand translation (cycle high formed early in the daily cycle). Low due end of Sept early Oct. Rejection occurring at the 200d SMA. Please see the video.,DE is hovering around the base of favorable. Lack of follow through and FOMC in a few hours will have me remove this one for now.,Pending / Inactive,2025-09-17T14:01:30Z
919,NDAQ,Inactive,2025-09-09T13:29:36.267Z,Short-Term (1-3 weeks),95.0,Long,None,95.0 - 93.0,"97.6 - 99.08, 100.98 - 103.39",< 92.12,Weekly analysis suggests NDAQ is forming a bull flag - with a mildly negative RS. Low due 9/8 - 11/10. Daily analysis has a low due 8/29 - 9/15. Please see the video.,Scratching NDAQ - wasn't ready. Had an attempt over my key reference and looked back into range.,Pending / Inactive,2025-09-10T17:10:25Z
918,IBM,Inactive,2025-09-08T18:55:39.070Z,Short-Term (1-3 weeks),255.73,Long,None,257.0 - 253.0,"265.0 - 265.0, 272.0 - 282.0",< 250.0,Weekly suggests low due 7/21 - 10/20. Daily suggests a reversal to the upside is now underway. Recapture of the 200D SMA. Watching for a test into today's bar in the coming 1-2 sessions to represent a bull consolidation to play this move higher. Please see video. Raised levels 9/12,Scratching IBM for now - the tight flag I was looking for was negated as we saw weak action on Friday. Now we have FOMC Wednesday so will be more cautious with existing setups if they are not following through as expected. (Note this remains above favorable on the exit),Pending / Inactive,2025-09-15T14:54:50Z
917,SCHW,Inactive,2025-09-08T14:04:33.201Z,Short-Term (1-3 weeks),92.26,Short,None,93.0 - 94.0,89.95 - 88.72,> 95.0,Weekly suggests a peaking phase in SCHW - momentum has just turned down. Daily suggests short-term corrective phase is underway. Monitoring for a mini bear flag to form in the context of a bear 2hr ribbon and reversal scout. video is available.,Market gaining strength and with SCHW chopping in the favorable will scratch this.,Pending / Inactive,2025-09-11T19:36:46Z
915,MU,Inactive,2025-09-07T20:49:16.968Z,Short-Term (1-3 weeks),130.7,Long,None,130.2 - 126.2,138.68 - 145.54,< 123.85,Weekly analysis in MU is VERY positive. The stock is coming off a positive cycle and has an early upturn in weekly momentum. 155-160 is a reasonable weekly target as long as momentum remains positive. Daily analysis suggests MU is breaking out. This is a strong momentum setup if it wants to continue. Please see the video.,Conditions for this idea have been satisfied. MU traded into favorable and spiked up to target.,Target Zone Reached,2025-09-09T17:18:09Z
914,AMZN,Inactive,2025-09-05T13:58:32.212Z,Short-Term (1-3 weeks),234.95,Long,None,234.0 - 231.5,238.3 - 243.16,< 228.5,Weekly analysis suggests AMZN is in a rising phase with positive momentum. The stock is breaking out of a triangle to the upside. Daily analysis suggests AMZN is early in a short-term rising phase. SlimRibbon and ReversalScout are positively configured. Please see the video for a walkthrough. NOTE: 10:45 AM ET - in spite of entering favorable I am keeping status as yellow. Yields down this much shifts cross asset money flows. Turned green as of 11:45 AM ET on 9/5.,Hit Target 1.,Target Zone Reached,2025-09-10T13:40:49Z
913,RJF,Inactive,2025-09-03T13:29:54.447Z,Short-Term (1-3 weeks),168.32,Long,None,168.5 - 167.0,174.32 - 176.94,< 164.15,Weekly analysis suggests RJF is in a rising phase. The tight weekly pattern is suggestive of another move towards highs is pending. Momentum is up. Daily analysis suggests a basing period. Watching for a break over 170.88 to setup a move into the targets. Loss of 61.8 invalidates this thesis.,Disappointing action in RJF closed +2.60 from favorable as of Thursday's close but then sold off fairly hard right off open on Friday back to top of favorable.. Scratching it here.,Pending / Inactive,2025-09-05T13:47:04Z
912,/BTC,Inactive,2025-09-02T14:34:23.999Z,Short-Term (1-3 weeks),111950.0,Long,None,114450.0 - 114450.0,119112.0 - 122190.0,< 109750.0,Weekly low due to form and daily low due to form. Watching for a move above 8/28 high in BTC to trigger buying. Targeting 61.8 and 78.6 retracement on the upside. See the video.,Again lack of follow through as it tries higher. Will remove it for now.,Pending / Inactive,2025-09-10T19:17:39Z
911,VRT,Inactive,2025-08-28T13:32:22.284Z,Short-Term (1-3 weeks),132.0,Long,None,131.24 - 131.24,"137.45 - 141.2, 141.2 - 146.6",< 123.93,Weekly analysis suggests VRT is due to form a low. Daily analysis suggests a low is due to form - higher low in place potentially on daily now and trying to clear recent swing high 131.24. Targets shown in charts.,NVDA rally up and failure causing weakness in linked names - scratching VST and VRT,Pending / Inactive,2025-08-28T13:57:14Z
910,HWM,Inactive,2025-08-27T15:54:48.052Z,Short-Term (1-3 weeks),176.01,Long,None,175.5 - 173.5,181.0 - 184.0,< 170.85,Weekly analysis suggests that HWM is in a peaking phase on the intermediate-term with negative momentum. Daily analysis suggests a low is due and there is ATTEMPTED basing now in terms of price. SlimRibbon and ReversalScout daily remain negative. Key breakout level is 177.41 for me. Favorable is a bit below that but I am looking at this like any cycle reversal play - how the underlying reacts as it approaches the breakout line will be the key determinant into whether or not this plays out.,Conditions for this idea have been satisfied. Note how HWM moved through the equal highs at 177.46 and that triggered the quick move into target!,Target Zone Reached,2025-09-04T14:58:01Z
909,VST,Inactive,2025-08-27T15:29:54.509Z,Short-Term (1-3 weeks),196.0,Long,None,196.0 - 193.5,204.0 - 210.0,< 189.35,Weekly analysis suggests a low is due 8/11 - 9/22. Daily analysis suggests VST is due to form a low 8/14 - 8/28. Pretty consistent cycles on the daily. Attempted basing on the 2hr. RS has turned up on the 2hr. Please review the video.,NVDA rally up and failure causing weakness in linked names - scratching VST and VRT,Pending / Inactive,2025-08-28T13:57:36Z
908,APP,Inactive,2025-08-27T12:41:04.833Z,Short-Term (1-3 weeks),469.33,Long,None,454.0 - 439.0,"486.0 - 516.0, 516.0 - 551.0",< 423.0,Weekly analysis suggests APP is in a rising phase. The pause vs the weekly 78.6 allows for a reset and another push higher (if it chooses to do so!). Daily analysis suggests it is in a new rising phase. Clear Relative Strength (RS) vs the market and some decent volume coming into the stock in spite of the pre-holiday week of trade. Overall this looks poised for a retest of the ATH 525+ prior to having greater risk for a pullback. I have structured this setup around the rising daily SlimRibbon. It needs to hold that 21 EMA daily. Please see the video. Added initial target 12:13 PM ET on 8/27,APP just missed favorable and the 2hr trend and turned right up into the targets,Target Zone Reached (Early / Missed Entry),2025-08-28T16:37:20Z
907,SOXX,Inactive,2025-08-13T15:46:33.035Z,Short-Term (1-3 weeks),250.38,Long,None,250.5 - 245.2,260.43 - 268.07,< 242.71,Weekly analysis suggests SOXX is in rising phase with positive momentum. Daily analysis suggests SOXX is in rising phase with positive SlimRibbon + ReversalScout. Watching for mini flag on 2hr and resumption higher. Short window for this setup to play out.,While SOXX remains above favorable here in pre-market the AMAT earnings (stock down 13%)  is causing some selling in the group. Will be removing it..,Pending / Inactive,2025-08-15T12:32:13Z
906,BRK/B,Inactive,2025-08-13T13:59:26.276Z,Short-Term (1-3 weeks),472.7,Long,None,472.7 - 472.7,481.48 - 488.63,< 465.06,"Weekly analysis suggests corrective phase on dominant cycle, minor cycle due to form low - sum of evidence here is a bear flag should form. Daily sell out post earnings, breakout setup vs 472.70 as detailed on 8/12 in discord is now in play.",This hit target today... reward = 1.26*risk on this setup.,Target Zone Reached,2025-08-15T13:36:41Z
905,AXP,Inactive,2025-08-12T16:56:59.187Z,Short-Term (1-3 weeks),304.85,Long,None,303.5 - 301.5,313.55 - 320.41,< 294.5,Weekly analysis suggests AXP is due to form a low 7/21 - 9/8. Daily analysis suggests AXP has likely just form a trough. Watching for a minor dip over the next 1-2 days followed by higher. Please see the video.,Not showing great lift today with the small caps leading the way. Pulling the setup for now,Pending / Inactive,2025-08-13T15:37:28Z
903,SLV,Inactive,2025-08-07T13:36:40.089Z,Short-Term (1-3 weeks),34.8,Long,None,34.8 - 34.3,"36.13 - 36.95, 36.95 - 38.0",< 33.85,Weekly low due 7/7 - 9/1. Weekly momentum positive. Daily low due 7/28 - 8/6. SlimRibbon turning up and RS daily close to turning up.  Watching for move through recent swing highs given bullish daily structure and how the silver miners ETF is behaving. Please see the video.,SLV remains in favorable. Scratching it here as it is just chopping.,Pending / Inactive,2025-08-14T13:51:54Z
902,ROKU,Inactive,2025-08-06T16:35:58.416Z,Short-Term (1-3 weeks),85.25,Short,None,84.5 - 87.13,79.05 - 77.0,> 89.03,Weekly analysis suggests ROKU is in a corrective period. Momentum is down. Daily analysis suggests ROKU is in a left hand translation. Bear flag post earnings play. Will post video shortly.,ROKU continues to trade below favorable however the broad market is strengthening here and that is not favorable obviously for this setup..,Pending / Inactive,2025-08-12T16:36:08Z
901,SPOT,Inactive,2025-08-05T19:06:57.637Z,Short-Term (1-3 weeks),648.0,Short,None,662.0 - 673.0,615.0 - 593.0,> 690.0,Weekly analysis suggests SPOT is in a corrective period with negative momentum. Low due 8/4 - 9/22. Daily analysis suggests SPOT is in a short-term corrective period. SlimRibbon and RS daily are bearish. I am looking at this as a post earnings bear flag. Please see the video.,SPOT setup is random here as the action today is stronger than I would have liked. It remains in the middle of favorable so I’ll pull it here. Will look again if it can show signs of stalling on 2hr,Pending / Inactive,2025-08-06T21:13:32Z
900,SBUX,Inactive,2025-08-05T15:42:28.104Z,Short-Term (1-3 weeks),89.87,Short,None,89.7 - 90.98,84.43 - 80.51,> 93.07,Weekly analysis suggests SBUX is in a peaking phase with a negative RS. Daily analysis suggests a bear flag is forming after the earnings gap. Please see the video.,scratching SBUX as it is at base of favorable. Wanted to see it react lower with the market and it is just sitting here.,Pending / Inactive,2025-08-07T14:44:30Z
899,DG,Inactive,2025-08-05T13:39:56.223Z,Short-Term (1-3 weeks),110.9,Long,None,109.7 - 108.0,113.77 - 116.4,< 106.7,Weekly low due 6/9 - 8/18 - RS weekly negative. Daily low due with negative RS daily. Watch the video.,Conditions satisfied. DG traded into favorable and is already in the target 1.3R on this setup. Meaning reward was 1.3*risk,Target Zone Reached,2025-08-06T15:49:58Z
898,QCOM,Inactive,2025-08-04T14:02:37.003Z,Short-Term (1-3 weeks),150.0,Short,None,150.3 - 153.0,143.51 - 142.38,> 154.59,"Weekly analysis suggests QCOM is in a corrective phase with negative momentum. Daily LHT. Bear flag forming. See video walkthrough,.",This sequence is done. It missed the target by <0.5% will remove this idea and look to set up another one on a bounce.,Target Zone Reached,2025-08-07T00:10:52Z
897,ZM,Inactive,2025-07-30T14:29:19.307Z,Short-Term (1-3 weeks),73.91,Short,None,74.65 - 75.07,"73.07 - 72.4, 70.33 - 67.75",> 75.87,Weekly analysis suggests ZM is in a corrective period low due 8/18 - 10/6. Daily analysis suggests ZM is in a short-term left hand translation where the cycle high formed early. Note the bearish SlimRibbon and RS daily - this needs to remain negative. Bear flag forming on daily and now breaking down. Please see the video. Update 8/1 - already at 2.5*risk on the downside. Adding another set of targets lower!,"Hit our targets 1,2 and just missed target 3 before reversing",Target Zone Reached,2025-08-06T20:31:17Z
896,AEM,Inactive,2025-07-22T14:47:01.493Z,Short-Term (1-3 weeks),126.45,Long,None,126.66 - 126.66,132.89 - 137.87,< 121.0,Weekly rising phase just like KGC setup with tight ascending triangle. Daily consolidation pre breakout and now testing the breakout. Needs to close over the breakout and see quick follow through in the coming days.,Gold is showing an inability to move out of the triangle. Had a nice day post breakout but then no follow through. AEM 126 in pre market removing it here.,Pending / Inactive,2025-07-24T10:37:11Z
895,KGC,Inactive,2025-07-21T14:42:09.676Z,Short-Term (1-3 weeks),16.1,Long,None,15.95 - 16.1,16.78 - 17.26,< 15.29,Weekly analysis suggests KGC is attempting a breakout - tight weekly pattern that can be an ascending triangle. Daily likely entering into new rising phase. NOTE * we have not yet broken out cleanly to the upside - anytime you are at the edge of a range you are at risk for failure and a bull trap forming. Always staying cognizant about both sides of the trade.. Reactivating this setup 7/22 10:30 AM ET,Gold is showing an inability to move out of the triangle. Had a nice day post breakout but then no follow through. KGC 16 in pre market removing it here.,Pending / Inactive,2025-07-24T10:37:26Z
894,MU,Inactive,2025-07-21T13:29:09.240Z,Short-Term (1-3 weeks),114.39,Short,None,116.3 - 118.55,110.4 - 105.6,> 120.34,Weekly analysis suggests MU is in a peaking phase. Daily analysis suggests MU has broken down and in a corrective phase. Monitoring for a 2hr bear flag and a failure. Please see the video for a walkthrough.,This missed the favorable by a few cents. I can’t make these levels more exact. The point is you watch to see if it tests the zone and if it rejects then you have clear sign it is respecting your zone of interest. We have now quickly moved into short term target. This is still likely heading lower and will watch for another setup,Target Zone Reached (Early / Missed Entry),2025-07-22T14:10:37Z
893,LPX,Inactive,2025-07-10T18:02:10.227Z,Short-Term (1-3 weeks),97.22,Long,None,96.15 - 94.67,100.6 - 101.95,< 92.6,Weekly analysis suggests LPX is in a rising phase momentum has turned back up. Daily analysis suggests LPX is in a rising phase after breaking out from a W-bottom base. Watching for minor consolidation on this big move to set up resumption higher. Video available.,Stock is too loose off open here - levels need to be adjusted.,Pending / Inactive,2025-07-11T14:21:20Z
892,DE,Inactive,2025-07-10T15:09:45.389Z,Short-Term (1-3 weeks),526.4,Long,None,529.0 - 529.0,544.0 - 559.0,< 510.5,Weekly analysis suggests that DE is forming a weekly flag in the rising phase. Momentum remains up. Daily analysis suggests DE has  clear trendline breakout setup that is on radar. A daily close over 529 sets this up for the POTENTIAL to break out of the flag to the upside. On a daily closing breakout a loss of the low of day (LOD) from 7/10 would invalidate the setup. Targeting the 38.2 to 50 Fib extensions,Failed right at the breakout line - this is why confirmation is very important.,Pending / Inactive,
891,IBIT,Inactive,2025-07-09T20:02:50.079Z,Short-Term (1-3 weeks),63.5,Long,None,63.6 - 62.9,66.06 - 67.75,< 61.04,Weekly analysis confirms rising phase. Momentum up. Daily rising phase and now a breakout setup.,Nice breakout move into our target +5.5%. Still expecting this to offer continuation setups in the coming days (alongside ETH).,Target Zone Reached,2025-07-11T18:54:01Z
890,FCX,Inactive,2025-06-30T14:30:38.443Z,Short-Term (1-3 weeks),43.34,Long,None,43.45 - 42.38,44.9 - 45.76,< 41.78,Weekly analysis suggests FCX is in a rising phase with positive momentum. Daily analysis suggests FCX is in a short-term rising phase. Watching for support to come in around prior cycle high and the 8 day EMA. Re-eval is the 21 EMA daily. Targeting prior swing highs from a couple of days ago and the top of a 78.6 - 100% Fib extension zone. Video walkthrough is available.,FCX traded into our favorable and held the 2hr supports and has now traded towards the upper end of our initial target zone +5%. You can see the importance of identifying the strength of trend here and what targeted timeframe you want to use to monitor your trades..,Target Zone Reached,2025-07-02T14:04:59Z
889,TWLO,Inactive,2025-06-27T13:51:34.929Z,Short-Term (1-3 weeks),122.0,Long,None,122.0 - 120.0,129.87 - 135.29,< 117.44,Weekly analysis suggests TWLO is in a rising phase with firmly positive momentum. Daily analysis suggests TWLO is in a rising phase and is close to a breakout. Please see the video.,TWLO moved to new swing highs and is stalling a bit. There are better setups out there. Small 2-3% winner,Pending / Inactive,2025-07-01T13:49:27Z
888,TOL,Inactive,2025-06-27T13:26:41.769Z,Short-Term (1-3 weeks),113.83,Long,None,113.8 - 11.7,119.78 - 124.92,< 108.6,Weekly analysis suggests TOL is in a rising phase with positive momentum. Daily analysis suggests TOL is in a short-term rising phase with positive Slim Ribbon and ReversalScout. TOL is showing good relative strength in the category with a clear base. Video forthcoming.,TOL traded into favorable and has since had a 6% run into target.,Target Zone Reached,2025-07-01T19:46:33Z
887,INDA,Inactive,2025-06-26T13:50:48.789Z,Short-Term (1-3 weeks),55.65,Long,None,55.5 - 54.9,56.64 - 58.11,< 54.2,Weekly analysis suggests INDA remains in a rising phase. Weekly momentum has turned up again. Daily analysis suggests INDA is in a short-term rising phase. Watching for a bull flag to set this idea up. Please see the video.,INDA hovering around the breakeven area without much progress - will inactivate it.,Pending / Inactive,2025-07-15T19:04:29Z
886,ADBE,Inactive,2025-06-25T17:59:35.007Z,Short-Term (1-3 weeks),386.23,Short,None,390.0 - 395.0,374.0 - 367.0,> 400.0,Weekly analysis suggests ADBE is in a peaking phase as momentum is now negative. Daily analysis suggests ADBE is in a corrective period. Slim Ribbon and ReversalScout daily are firmly negative. Watching for a bear flag to form post earnings and resolution lower. This group is a weak group and the MCM helps us identify strong vs weak industry sub groups.,Scratching ADBE as it is back to the base of favorable.,Pending / Inactive,2025-06-27T15:44:03Z
885,FXI,Inactive,2025-06-25T13:55:05.539Z,Short-Term (1-3 weeks),37.0,Long,None,36.95 - 36.5,"38.0 - 38.73, 38.73 - 39.52",< 35.68,Weekly analysis suggests FXI is in a rising phase. Daily analysis suggests FXI is in a new rising phase. SlimRibbon and RS are positive again. Looking for dip buyers to come back in. Video included.,FXI continues to trade in the favorable but the lack of follow through is giving pause. Will remove it for now,Pending / Inactive,2025-07-02T14:03:04Z
883,UBER,Inactive,2025-06-24T15:20:22.752Z,Short-Term (1-3 weeks),91.67,Long,None,91.4 - 88.0,98.35 - 102.24,< 85.25,Weekly analysis suggests UBER is in a rising phase with positive momentum. Daily analysis suggests Uber is early in a rising phase.. Breakout setup vs 93.60 and looking long for an idea ahead of that. video forthcoming.,This played out nicely. Trading into favorable and came within 60c or so of target.,Target Zone Reached,2025-07-08T14:12:12Z
882,EEM,Inactive,2025-06-24T14:45:03.918Z,Short-Term (1-3 weeks),47.72,Long,None,47.7 - 47.4,48.83 - 49.56,< 46.5,Weekly analysis suggests EEM is in a rising phase with positive momentum. Daily analysis suggests EEM is now early in a rising phase. RS daily has just turned up. SlimRibbon has remained positive throughout. Watching for mini flag on 2hr and then continuation higher. Raised level 6/25 9:48 AM ET.,EEM missed my published favorable zone by 12c but it did exactly what we had expected. It held the 2hr trends and followed into target.,Target Zone Reached (Early / Missed Entry),2025-07-03T14:40:25Z
881,COST,Inactive,2025-06-23T14:27:55.825Z,Short-Term (1-3 weeks),992.0,Long,None,992.0 - 989.0,"1009.49 - 1020.49, 1020.49 - 1031.49",< 973.0,Weekly analysis suggests COST is in a peaking phase. RS weekly is down. Daily analysis suggests COST is due to form a trough. RS on the 2hr has turned up please see the video for a walkthrough on how I am approaching this reversal play.,COST missed published target this AM by 0.3% and has now traded back towards the top of favorable. Removing it.,Pending / Inactive,2025-06-24T14:57:31Z
880,KGC,Inactive,2025-06-18T12:35:11.119Z,Short-Term (1-3 weeks),15.6,Long,None,15.58 - 15.18,16.77 - 17.71,< 14.71,Weekly analysis suggests KGC is firmly in a rising phase. ReversalScout weekly is firmly positive. Daily analysis suggests KGC is in a rising phase. There is a clear ascending triangle forming on the daily. Please refer to the video for a detailed walkthrough.,Weak close today as it tried to get over prior highs. Triple top holding (for now).,Pending / Inactive,2025-06-24T00:40:28Z
879,TEAM,Inactive,2025-06-18T00:41:25.845Z,Intermediate-Term (3-8 weeks),198.2,Short,None,200.0 - 205.0,188.5 - 177.05,> 210.0,Weekly analysis suggests TEAM is in a corrective phase. Low due 8/18 - 10/13. Daily analysis suggests TEAM is in a corrective phase. Ribbon and RS are negative. Watching for this to be a mini bear flag. S-T low due 7/14 - 7/28. Please see the video.,Scratching TEAM for now as it trades in favorable mini bear flag on 2hr failing.,Pending / Inactive,2025-06-27T14:03:34Z
878,DE,Inactive,2025-06-16T19:52:33.303Z,Short-Term (1-3 weeks),524.0,Long,None,525.0 - 519.0,"541.0 - 551.0, 551.0 - 565.0",< 506.0,Weekly analysis suggests DE is breaking out of a massive base. Momentum remains up. Daily analysis suggests DE is forming a bull consolidation. See the video.,DE tagged prior daily highs and is now back to favorable.,Pending / Inactive,2025-06-20T19:49:43Z
877,DECK,Inactive,2025-06-16T16:34:17.727Z,Short-Term (1-3 weeks),103.7,Short,None,105.5 - 107.5,99.58 - 96.1,> 110.0,Weekly analysis suggests DECK is in a corrective phase. Low due late July/August. Daily analysis suggests DECK is in a corrective phase. RS and SlimRibbon are negative on daily. Expecting attempts back to falling ribbon to fail. Please refer to today's video. We have a GREAT upgrade to the MCM for you to see.,DECK straight down into the target. Never even got a minor uptick I was looking for.,Target Zone Reached (Early / Missed Entry),2025-06-23T16:58:30Z
876,MCD,Inactive,2025-06-13T14:05:21.058Z,Short-Term (1-3 weeks),303.4,Long,None,303.4 - 301.45,309.57 - 312.44,< 297.19,Weekly low due. Daily low due. Support at 200d. Targeting 50-6.18 retrace zone. Re-eval is on a move to new lows. 2 hr RS turning up.,Failed at the gap and selling off further as the basing period is failing (for now)..,Re-evaluation Level Hit,2025-06-16T16:03:32Z
875,NEM,Inactive,2025-06-13T13:34:46.423Z,Short-Term (1-3 weeks),56.6,Long,None,56.2 - 55.22,58.57 - 60.34,< 53.5,Weekly analysis suggests NEM is in a rising phase. Daily analysis suggetss NEM is now in a rising phase. Will be watching for an attempt to gap fill to then turn this back towards the target. Video available.,NEM is in the target,Target Zone Reached (Early / Missed Entry),2025-06-16T16:06:21Z
874,SILJ,Inactive,2025-06-11T15:32:23.399Z,Short-Term (1-3 weeks),14.81,Long,None,14.6 - 14.2,15.6 - 16.73,< 13.81,Weekly analysis suggests SILJ is in a rising phase with positive momentum. Daily analysis suggests SILJ is in a MODEST corrective period. Expecting the SlimRibbon to act as minor support. Please see this video walkthrough.,SILJ remains above favorable the action so far off the low has been lackluster.,Pending / Inactive,2025-06-24T00:40:08Z
873,SHOP,Inactive,2025-06-11T12:53:07.719Z,Short-Term (1-3 weeks),111.6,Long,None,112.6 - 112.6,119.36 - 124.55,< 106.66,"Weekly analysis suggests SHOP is in a rising phase with positive momentum. Daily analysis suggests SHOP is early in a rising phase. SlimRibbon remains firmly positive and the RS is flat (albeit slightly negative). This is a breakout setup vs prior highs, the breakout zone is purposely set a little above the actual swing high to allow for some noise around the breakout level. Please see the video.",Nice day trade move +~5 pts and now back to breakout level. Pulling it here.,Pending / Inactive,2025-06-12T13:54:17Z
872,BK,Inactive,2025-06-10T17:10:01.320Z,Short-Term (1-3 weeks),90.32,Long,None,90.34 - 90.63,94.23 - 95.74,< 87.8,Weekly analysis suggests BK is in a rising phase with positive momentum. Very strong name in this group already at all time highs. Daily rising phase likely underway. There is a rectangle forming on the daily. A breakout over the prior swing highs should set this up for meaningfully higher. Only a move below the cycle low on 6/2 will invalidate this thesis.,No follow through as it tries to move over highs - pulling the setup.,Pending / Inactive,2025-06-18T13:18:04Z
871,FSM,Inactive,2025-06-10T16:34:32.938Z,Short-Term (1-3 weeks),6.88,Long,None,6.83 - 6.61,7.55 - 7.9,< 6.39,"Weekly analysis suggests FSM is in a rising phase with positive momentum. Daily analysis suggests there is a flag forming. Watching for support to form around the 8, 13 EMAs on the daily. If it moves below the 21 day EMA that would invalidate this thesis. Please see the video.",Scratching FSM as it moves back towards top of favorable.,Pending / Inactive,2025-07-01T14:00:01Z
870,GOOGL,Inactive,2025-06-10T00:58:15.241Z,Short-Term (1-3 weeks),176.0,Long,None,174.0 - 171.0,183.0 - 187.0,< 167.5,"Weekly analysis suggests GOOGL is in a rising phase with positive momentum. Daily analysis suggests GOOGL is now in a short-term rising phase. It has formed now back to back higher cycle lows and higher cycle highs. Importantly, it has also cleared the 200d SMA. Mini flags on the 2hr are likely to set up a move towards the weekly 61.8 Fib retracement around the low 180s. We have our short-term target around this same spot. Only a loss of the rising 21d EMA on a closing basis will invalidate this thesis. Video available.",Airstrikes triggering sell off in equities overnight. Removing existing longs to let the dust settle.,Pending / Inactive,2025-06-13T00:47:38Z
869,KRE,Inactive,2025-06-09T18:55:13.166Z,Short-Term (1-3 weeks),58.825,Long,None,58.8 - 57.5,61.81 - 63.33,< 56.05,Weekly analysis suggests KRE is in a rising phase with positive momentum. Daily analysis suggests KRE is in a rising phase with positive trend. Please see video.,KRE remains in favorable but is still rejecting the 200SMA. Will monitor,Pending / Inactive,2025-06-11T20:12:08Z
868,BABA,Inactive,2025-06-06T14:50:25.795Z,Short-Term (1-3 weeks),118.99,Short,None,118.5 - 123.0,110.6 - 104.0,> 125.79,Weekly analysis suggests BABA is in a peaking phase. Momentum is mildly positive. Daily analysis suggests BABA is forming a bear flag. Low due 6/13 - 6/25. Please see the video. To reinforce as of 6/9 AM session - BABA is not setting up yet. It needs to move back below 118.22 to set up..,BABA continues to trade in the lower end of the favorable. This action however is not in line with expectations.,Pending / Inactive,2025-06-10T14:06:55Z
867,ETN,Inactive,2025-06-06T14:33:30.847Z,Short-Term (1-3 weeks),332.0,Long,None,331.0 - 325.0,349.14 - 359.28,< 315.0,Weekly analysis suggests ETN is in a rising phase with positive momentum. Daily analysis suggests ETN is in a short-term rising phase. Watching for a breakout over 334 to lead to a grind to the target. Please see the video walkthrough.,Scratching ETN as it tried to break out yesterday and then backed off into close on Monday. It is right at the top of favorable as of the close.,Pending / Inactive,2025-06-18T13:17:11Z
866,CSCO,Inactive,2025-06-03T13:52:09.910Z,Short-Term (1-3 weeks),63.96,Long,None,64.05 - 63.3,65.8 - 66.3,< 62.3,Weekly analysis suggests CSCO is in a rising phase and early. Momentum is positive. Daily post earnings bull flag. Needs to breakout over 64.05 on a closing basis to set up a test towards earnings day highs. Please see the video.,CSCO hit targets 1 and 2.,Target Zone Reached,2025-06-09T21:06:17Z
865,META,Inactive,2025-06-03T13:15:54.907Z,Short-Term (1-3 weeks),671.0,Long,None,662.0 - 653.0,685.0 - 713.0,< 644.0,Weekly analysis suggests META is in a rising phase. Daily analysis suggests it is now early in a new rising phase. Watching for a mini flag on the 2hr to set this up for fresh swing highs. Please see the video.,META just missed favorable < 0.5% and then has since hit target. Please note this did exactly what we expected in the video which was to find support at prior swing highs..,Target Zone Reached (Early / Missed Entry),2025-06-05T17:09:12Z
864,NOW,Inactive,2025-06-03T13:14:40.217Z,Short-Term (1-3 weeks),1012.0,Long,None,1033.0 - 1033.0,1095.0 - 1142.0,< 973.0,Weekly analysis suggest NOW is in a rising phase. Daily analysis suggests there is a flag forming. It needs to breakout vs the downtrend to setup. Please see the video.,,Pending / Inactive,
863,RTX,Inactive,2025-05-28T20:02:04.625Z,Short-Term (1-3 weeks),132.85,Long,None,135.0 - 132.5,141.5 - 149.5,< 128.5,Weekly analysis suggests RTX is in a rising phase with positive momentum. Daily analysis suggests RTX has a low due 5/23 - 6/13. SlimRibbon and daily RS are positive. 4 hr RS is negative - IF it turns positive I will turn this setup green. Please review the video.,Aerospace and defense has been a rockstar industry group since the lows. RTX rallied today into our target ~+5%,Target Zone Reached,2025-06-09T21:04:16Z
862,ANET,Inactive,2025-05-28T17:32:07.725Z,Short-Term (1-3 weeks),93.13,Long,None,93.3 - 89.3,102.94 - 108.42,< 85.85,Weekly analysis suggests ANET is in a rising phase with positive momentum. Daily analysis suggests a low is due 5/19 - 6/2. We are testing the rising ribbon and the RS daily is flat (slightly negative) suggesting a pause in the uptrend. Watching for this flag on the 2hr to break to the upside and the Ribbon to turn neutral on the 2hr. Please note the bullish cross in the MCI. Video walkthrough available. Update 5/29 - 2 hr RS needs to turn back positive.,2 hour turned down still has a low due. Will turn green if it sets up. Currently it is not in play.,Re-evaluation Level Hit,2025-05-29T19:18:51Z
861,NOW,Inactive,2025-05-28T01:07:31.943Z,Short-Term (1-3 weeks),1027.0,Long,None,1027.0 - 1010.0,1095.0 - 1142.0,< 974.0,Weekly analysis suggests NOW is in a rising phase with positive momentum. Daily analysis suggests a low is due 5/9 - 5/27. RS turned negative and therefore this is a cycle low reversal play. RS on the 2hr has just turned up so this is in play now to the upside as long as the 2hr RS can stay positive and we see a move towards recent highs ~ 1045. Note that this was one of the leaders off the April swing lows and is working post a bull earnings gap. MCI had a bull cross on 5/7. All of this is supportive information for higher prices.,Scratching NOW as we hover around the favorable. Will be waiting for a clearer setup as this flag may continue to build out.,Pending / Inactive,2025-05-30T16:53:41Z
860,XHB,Inactive,2025-05-27T14:49:59.030Z,Short-Term (1-3 weeks),95.6,Short,None,95.5 - 98.11,91.31 - 88.31,> 99.44,Weekly analysis suggests XHB is in a rising phase with positive momentum. Daily S-T corrective phase. SlimRibbon and RS are negative. Watching for a bear flag to form to set up a move into the S-T 61.8 and 78.6 supports. RS 4 hr should remain negative on the flag for it to stay valid.,Conditions for this idea have been satisfied. It entered favorable and failed. XHB has since traded to within a few cents of target. This was good for a 5% move.,Target Zone Reached,2025-06-02T19:49:53Z
859,WPM,Inactive,2025-05-21T17:11:14.884Z,Short-Term (1-3 weeks),85.27,Long,None,84.5 - 81.5,90.66 - 94.81,< 79.0,Weekly analysis suggests WPM is in a rising phase with positive momentum. Daily analysis suggests WPM just formed a low and is in a rising phase. SlimRibbon just turned up and RS  close to turning up. Please review the video.,Great move into first target today +7% with only 4c of heat. Now it hit target 2 +12%,Target Zone Reached,2025-06-05T13:50:21Z
858,PLTR,Inactive,2025-05-20T17:35:24.091Z,Short-Term (1-3 weeks),126.69,Long,None,122.8 - 116.12,133.5 - 144.5,< 111.36,Weekly analysis suggests PLTR is in a rising phase with positive momentum. Daily analysis suggests PLTR is forming a bull flag with a daily low due between now and late May.  I am expecting this flag to hold between the 8 and 21 EMA ribbon on the daily. Targeting a move over prior highs and the 127.2 Extension. Please see the video for a walkthrough. As detailed today in Discord I am waiting for the RS 2hr to turn positive for this to be activated to Green status. Update 10:15 AM ET 5/30/25  turned status to green.,Nice little surge to 131.50 and now backing off to 128. We are inactivating it for now. Overall about a 7% move from the favorable. Since it missed the target I am noting it as breakeven.,Pending / Inactive,2025-05-21T19:18:16Z
857,MSTR,Inactive,2025-05-20T01:28:50.694Z,Short-Term (1-3 weeks),413.0,Long,None,412.0 - 393.0,445.0 - 477.0,< 383.0,Weekly analysis suggests MSTR is in a rising phase with positive momentum. Low due 6/16 - 7/28. Daily analysis suggests MSTR is due to form a low 5/12 - 5/21. SlimRibbon and ReversalScout are positive. I am targeting the prior daily cycle high and the weekly 78.6 retrace. Video walkthrough is available and worth reviewing!,Noted early this morning that it was weak and now sold off.. Pulling setup.,Pending / Inactive,2025-05-21T17:36:26Z
856,TSLA,Inactive,2025-05-19T14:26:45.477Z,Short-Term (1-3 weeks),341.0,Long,None,330.0 - 314.0,373.0 - 401.0,< 302.0,Weekly analysis suggests TSLA is in a rising phase. ReversalScout weekly is positive. Daily analysis suggests TSLA is in a rising phase. Watching for a bull flag to form. Please see the video.,TSLA just missed favorable yesterday and now seeing Trump recommend 50% tariff on EU. We will remove this setup in pre-market as VIX appears to be forming an important trough on daily,Pending / Inactive,
855,B,Inactive,2025-05-15T19:35:21.449Z,Short-Term (1-3 weeks),17.75,Short,None,18.1 - 18.4,17.24 - 16.61,> 18.79,Weekly analysis suggests Barrick is in a corrective period. Momentum is down. Low due 6/30  - 9/15. Daily analysis suggests Barrick is in a short-term corrective period. SlimRibbon and ReversalScout daily are negative. Watching for bear flag on 2hr to set up short setup. Video walkthrough included. 5/20 - today's bar is telling us a late daily low formed in GDX and all the miners. This setup is not in play just yet - will let the market rally more before monitoring for stalling..,This setup is not in play. The low formed late and I have been posting about this on Discord..  I am just going to inactivate it to avoid confusion.,Re-evaluation Level Hit,
854,HOOD,Inactive,2025-05-08T13:29:21.229Z,Short-Term (1-3 weeks),51.42,Long,None,51.45 - 50.5,54.9 - 58.94,< 45.56,Weekly analysis suggests rising phase for HOOD - momentum positive. Daily analysis suggests it is entering into new short-term rising phase. SlimRibbon and RS are positive. Re-eval occurs on move below recent swing low. Targets prior daily cycle high and intermediate 78.6 retrace. video will be posted by 945 am et.,Conditions satisfied for this idea. Traded into favorable in pre-market and ripped straight to the target. Please note this is in no way an exit signal.. Traders evaluate that based on their style/approach.,Target Zone Reached,2025-05-08T20:05:13Z
853,IBKR,Inactive,2025-05-07T14:46:14.092Z,Short-Term (1-3 weeks),180.7,Long,None,176.65 - 171.5,196.32 - 214.01,< 166.5,Weekly analysis suggests IBKR is early in a rising phase with positive momentum. Daily analysis suggests a clear base is now in place. Bullish cycle forming. Please see the video walkthrough.,In target and remains candidate to long side on pullbacks to  daily ribbon.,Target Zone Reached (Early / Missed Entry),2025-05-12T14:28:22Z
852,USD/JPY,Inactive,2025-05-07T14:11:20.097Z,Short-Term (1-3 weeks),143.3,Short,None,144.2 - 145.54,139.88 - 139.57,> 149.89,Weekly analysis suggests USDJPY is in a corrective period  with a low due around mid July. Daily analysis suggests USDJPY is in a corrective period with a short-term low due mid June. SlimRibbon is bearish and RS is curling up weakly as a minor rising phase on the daily forms a bear flag. Please see the video walkthrough.,Kept this inactive even as it traded into favorable as it never showed stalling in the resistances.. I have been watching a likely weekly trough form in the DXY and that gave me caution on this setup.,Pending / Inactive,2025-05-12T12:53:52Z
851,PG,Inactive,2025-05-01T00:58:33.616Z,Short-Term (1-3 weeks),162.57,Short,None,162.3 - 164.13,156.71 - 153.34,> 166.0,Weekly analysis suggests PG is in a corrective phase. Momentum is down. Low due 6/23 - 8/25. Daily analysis suggests PG is in a corrective phase on the short-term. Watching for a post earnings bear flag. Low due early to mid June. Please see the video. update 5/5 lowered levels,PG never stalled in the resistance and is now going to close over re-eval.,Re-evaluation Level Hit,2025-05-27T18:26:54Z
850,GEV,Inactive,2025-04-30T15:14:00.965Z,Short-Term (1-3 weeks),366.0,Long,None,355.25 - 337.5,405.7 - 447.5,< 322.0,There is not enough data for weekly cycles. Daily low due 4/29 - 5/9. Expecting the rising daily ribbon to act as support. Please see the video.,GEV bottomed the daily we posted this and has since turned up to the target.,Target Zone Reached (Early / Missed Entry),2025-05-08T20:02:08Z
849,DGX,Inactive,2025-04-30T14:50:37.116Z,Short-Term (1-3 weeks),176.0,Long,None,175.3 - 172.0,180.9 - 187.37,< 169.67,Weekly rising phase - momentum up. Daily rising phase and watching for a bull flag to form into rising daily ribbon.. Please see the video. Raised levels on 5/5,DGX missed the target by 90c. Posted on discord at the time even though it couldn't technically be pulled the sequence was done.. I have to mark it as breakeven since it did not technically hit the target.,Pending / Inactive,2025-05-21T15:18:37Z
848,UNG,Inactive,2025-04-29T20:31:56.314Z,Short-Term (1-3 weeks),16.88,Long,None,16.55 - 16.26,17.74 - 18.58,< 15.87,Weekly UNG has a low due 3/10 - 4/28. Daily low is due 4/4 - 5/2. 2hr SlimRibbon and RS are positive. Please see the video.,Conditions for this idea have been satisfied. UNG traded into favorable on the higher low and rallied 7% into target.,Target Zone Reached,2025-05-01T18:45:37Z
847,IBIT,Inactive,2025-04-24T17:25:07.647Z,Intermediate-Term (3-8 weeks),53.42,Long,None,52.54 - 50.56,57.73 - 61.75,< 49.15,Weekly low likely now in place in BTC weekly. RS curling up. Daily cycle high breakout confirms int low. Watching for bull flag to rising ribbons. We have been very focused on this in our discord trade ideas feed. Please see the live commentary to see how this setup materialized. Video analysis is now available. Update 5/5 - raised daily levels,This played out just as expected. Worth studying the base breakout on 4/21 followed by the swamped cycle that completed on 5/6 that led to this move..,Target Zone Reached (Early / Missed Entry),2025-05-08T19:58:11Z
846,KRE,Inactive,2025-04-11T17:46:27.210Z,Intermediate-Term (3-8 weeks),49.46,Short,None,51.64 - 53.08,47.14 - 45.16,> 54.53,Weekly analysis suggests KRE is in a corrective period with a low due 6/16 - 8/11.. KRE has shown continued relative weakness in spite of upticks coming into the XLF and other stocks. This is likely due to continued weakness in the consumer. S-T there is a low due 5/6 - 5/27. SlimRibbon and ReversalScout daily are bearish. I am watching the 4 hour timeframe closely. It is currently negatively configured. Watching for a move towards the 4 hr SlimRibbon around the 21 EMA for an opportunity to look on the short side. The four hour filter some of the noise present at times in the 2hr timeframe. Please let me know if you would prefer written format like this for my explanations or video.,This did not play out as the bear flag reversed to the upside.,Re-evaluation Level Hit,2025-04-29T18:31:55Z
845,AMAT,Inactive,2025-04-10T13:23:40.781Z,Short-Term (1-3 weeks),145.2,Long,None,142.5 - 137.25,153.0 - 157.0,< 134.14,Weekly analysis suggests a low is due to form 3/31 - 6/9. Daily analysis suggests AMAT is in a rising phase. The SlimRibbon and RS daily will lag in this case given the very sharp sell off in a brief period of time. 2hr RS is positive and SlimRibbon is positive. Please see the video.,While there was a little bounce off that 61.8 retracement level - this set up is not in play. It ground through the favorable like it wasn't there. A stronger market would have held in the upper third of yesterday's body,Re-evaluation Level Hit,2025-04-10T17:21:58Z
844,CMG,Inactive,2025-04-01T19:12:50.724Z,Short-Term (1-3 weeks),51.24,Long,None,51.3 - 50.68,53.56 - 54.98,< 48.85,Weekly analysis suggests a low is due 2/3 - 5/5. Momentum is down. Daily analysis suggests a S-T rising phase. SlimRibbon is now neutral and RS daily is positive. Please see trade idea video.,Got to first scale spot +2% and then reversed back to favorable after tariff news. Will monitor for new setup.,Pending / Inactive,2025-04-03T11:13:20Z
843,ADBE,Inactive,2025-03-28T14:24:19.535Z,Intermediate-Term (3-8 weeks),392.8,Short,None,393.0 - 401.0,369.0 - 345.0,> 409.0,Weekly analysis suggests ADBE is late in corrective period. Low due 3/31 - 5/26. Daily analysis suggests ADBE is forming an early daily cycle peak. We are seeing the first lower low now on 2hr. Please review the video for further detail.,Conditions for this idea have been satisfied as ADBE has now had a 6% + move to the downside into target.,Target Zone Reached,2025-04-03T14:49:28Z
842,SOXX,Inactive,2025-03-27T20:19:28.438Z,Short-Term (1-3 weeks),194.56,Short,None,196.8 - 199.11,189.11 - 184.5,> 201.59,Weekly analysis suggests SOXX is in a corrective phase. RS is firmly negative. Low due 5/5 - 7/7. Daily analysis suggests SOXX is in a corrective phase. SlimRibbon is negative and RS is curling over (but remains positive at the moment). Watching for a bear flag on 2hr and a turn down. 2HR RS should remain negative on the flag if this idea is going to play out as expected. Video is available for review.,Already in target.,Target Zone Reached (Early / Missed Entry),2025-03-28T19:52:27Z
841,NEE,Inactive,2025-03-26T14:48:24.018Z,Short-Term (1-3 weeks),69.27,Short,None,69.8 - 70.7,67.5 - 65.89,> 71.49,Weekly analysis suggests NEE is in the late stages of a corrective period. Low due 3/24 - 5/26. Momentum is modestly positive. Daily analysis suggests NEE is in a left hand translation. SlimRibbon is negatively configured as is the RS daily. The S-T low is due 4/15 - 5/2.,As we have discussed as this moved into favorable zone - this was acting as a flight to safety and was not in play. In spite of this we will mark it a loser but I want to be clear that was trade idea was never in play.,Re-evaluation Level Hit,2025-04-03T15:50:09Z
840,WMT,Inactive,2025-03-24T16:50:09.903Z,Intermediate-Term (3-8 weeks),87.09,Short,None,87.76 - 88.84,83.87 - 82.73,> 90.23,Weekly analysis suggests WMT is in a corrective period. Weekly RS is firmly negative. Low due 3/31 - 7/7. Daily analysis suggests that WMT is forming a bear flag in a daily corrective mode. Low due 4/16 - 5/6. SlimRibbon and ReversalScout daily are negative. Please see the video for a walkthrough.,Another setup that just missed the target. This set up overall provided a solid opportunity on the short side. Don’t get so concerned with exactly hitting the target,Pending / Inactive,2025-03-31T14:51:01Z
839,XLB,Inactive,2025-03-21T14:25:07.798Z,Intermediate-Term (3-8 weeks),85.05,Short,None,85.5 - 86.2,"83.09 - 82.3, 82.3 - 80.88",> 87.53,Weekly analysis suggests XLB is in a corrective period - momentum is now negative. Daily analysis suggests XLB is forming an early cycle high and in a corrective period. SlimRibbon and ReversalScout are negative. S-T low due 4/30 - 5/16. Please see the video for walkthrough.,Sunday evening - removing the XLB setup.. I don't like that the RS appears to be flattening out on the daily. Suggests another upside attempt possible.,Pending / Inactive,2025-03-23T01:30:42Z
838,AMZN,Inactive,2025-03-20T14:47:01.707Z,Short-Term (1-3 weeks),198.5,Long,None,198.5 - 192.0,208.28 - 213.42,< 189.38,Weekly analysis suggests low is due 1/27 - 5/5. Momentum is negative. Daily low due 3/5 - 3/21. Mini bear trap forming on hourly. RS on 4 hr turning up. Please see trade idea video.,Just missed target by < 1%. Overall we saw a solid move from the favorable.,Pending / Inactive,2025-03-26T19:18:32Z
837,HWM,Inactive,2025-03-19T20:11:33.819Z,Short-Term (1-3 weeks),131.98,Long,None,129.23 - 126.9,135.95 - 140.55,< 123.9,"Weekly analysis suggests HWM is in a rising phase - momentum is flat. Daily analysis suggests HWM is in a riisng phase - SlimRibbon neutral, RS close to turning positive. Please see the video walkthrough.",Removing HWM before it hits favorable. Environment is weakening and less favorable for longs,Pending / Inactive,2025-03-21T15:35:51Z
836,BLK,Inactive,2025-03-19T19:01:40.110Z,Short-Term (1-3 weeks),952.0,Long,None,952.0 - 933.0,991.0 - 1013.0,< 922.0,Discussed this yesterday on Discord. Daily low due. Re-eval is a 61.8. Targeting 50 - 61.8 retracement zone.,Pulling BLK as it trades above favorable. Lagging some of the other financials.,Pending / Inactive,2025-03-20T17:44:53Z
835,EBAY,Inactive,2025-03-19T15:27:45.377Z,Intermediate-Term (3-8 weeks),66.87,Short,None,67.78 - 68.65,63.68 - 61.55,> 69.89,Weekly analysis suggests a peaking phase on the intermediate-term. RS has just now turned negative. Low due 3/31 - 6/2. Daily analysis suggests that EBAY is in a peaking phase. SlimRibbon SlimRibbon is negative and RS is negative. There is a clear triangle forming on the 4hr. I am leaving open the potential for it to test the upper end of that triangle. S-T low due 4/23 - 5/9. Please refer to the Trade Idea video for a walkthrough.,EBAY remains in favorable. However as we have articulated for days -  EBAY is not doing anything that aligns with a short setup right now - removing it will watch for a new setup.,Pending / Inactive,2025-04-01T13:34:48Z
834,GE,Inactive,2025-03-17T18:07:25.642Z,Short-Term (1-3 weeks),201.79,Long,None,200.9 - 196.2,"212.19 - 213.98, 213.98 - 220.18",< 191.67,"Weekly rising phase bull flag forming. Momentum slightly negative. Daily rising phase getting underway. SlimRibbon close to neutralizing, RS down. Please see the video for further detail.",Conditions for idea have been satisfied. Solid +5.5% move off the daily trough.,Target Zone Reached,2025-03-25T16:03:31Z
833,EQT,Inactive,2025-03-14T16:31:18.190Z,Short-Term (1-3 weeks),50.42,Long,None,50.47 - 48.56,54.2 - 56.66,< 47.27,Weekly analysis suggests EQT is due to form a low 2/3 - 4/7. Daily analysis suggests EQT is due to form a daily trough 2/28 - 3/18. There is now a W - formation on the daily indicative of a basing period. SlimRibbon is close to neutral but remains negative and the RS is also negative (both need to turn up to confirm the low). I am watching the 4 hr as there is a turn to neutral now for the first time since the selling started here and a curl up to positive in the RS 4hr. Please see the trade idea video for a walkthrough.,This hit our target today +7.5% from favorable. The big takeaway here was this showed RELATIVE STRENGTH off the bottom!,Target Zone Reached,2025-03-20T14:25:45Z
832,IRM,Inactive,2025-03-14T15:11:53.260Z,Intermediate-Term (3-8 weeks),86.17,Short,None,89.94 - 92.55,"81.5 - 79.34, 70.3 - 66.52",> 95.16,Weekly analysis suggests IRM is in a corrective period. Weekly momentum is firmly down. Low due 4/7 - 6/9. Daily analysis suggests IRM has a low due 2/27 - 3/13. Expecting a bear flag to form that fails around the falling SlimRibbon daily. Please see the trade idea video for a walkthrough. Added 2nd  targets as the minor weekly 161.8 extension and the 200 w sma,Conditions for this idea have been satisfied.,Target Zone Reached,2025-04-09T20:13:01Z
831,FNF,Inactive,2025-03-14T14:22:04.394Z,Intermediate-Term (3-8 weeks),63.43,Long,None,63.0 - 61.36,67.08 - 68.49,< 60.2,Weekly analysis suggests FNF is in a rising phase with positive momentum. Note the retest of the breakout into the 1/13 weekly lows. Daily analysis suggests a trough due 3/5 - 3/20. SlimRibbon and RS are both positive on the daily. Please refer to the trade idea video for further details.,This just missed target. Removing it pre market.,Pending / Inactive,2025-04-03T11:15:36Z
830,VLO,Inactive,2025-03-13T23:03:32.270Z,Intermediate-Term (3-8 weeks),125.8,Short,None,126.31 - 130.41,119.74 - 116.84,> 132.16,"Weekly analysis suggests VLO is in a corrective period. Low due 4/28 - 6/23. Momentum negative. Daily analysis suggests VLO is in a corrective period and left hand translation. Low due 3/31 - 4/17. SlimRibbon is firmly negative along with ReversalScout. Please refer to the trade idea video for a detailed walk through,",This one never set up as it just ran through the resistances.,Re-evaluation Level Hit,2025-03-17T17:33:51Z
829,UPS,Inactive,2025-03-13T22:46:15.135Z,Intermediate-Term (3-8 weeks),115.23,Short,None,117.0 - 119.3,110.02 - 106.79,> 123.3,Weekly analysis suggests UPS is in a corrective period. Cycle structure indicates it is in a left hand translation (high formed early and looking for a corrective period to extend into the next weekly trough). The next trough is due 6/2 - 7/21. Momentum is firmly negative. Daily analysis suggests that UPS is entering into a corrective period. SlimRibbon is now negative and the daily RS is very close to turning negative. Next daily low is due 4/10 - 4/30. Please see the trade idea video for a walkthrough.,Conditons for this idea have been satisfied. Great +6% move with no heat.,Target Zone Reached,2025-03-25T16:05:14Z
828,PAAS,Inactive,2025-03-12T17:06:03.915Z,Short-Term (1-3 weeks),25.1,Long,None,25.1 - 24.7,"26.23 - 27.17, 27.17 - 28.37",< 23.66,Weekly analysis suggests PAAS is early in a rising phase with positive momentum. Daily analysis suggests PAAS early in a rising phase as well. SlimRibbon close to turning positive. RS daily curling up but remains negative at this point. Based on revised silver analysis - I am looking for a push out of the downtrend in PAAS. Video is available for review.,First and second target hit in PAAS - please note it is being removed only for performance tracking purposes on the site. This is not an exit signal. Every trader owns that decision.,Target Zone Reached,2025-03-18T10:45:11Z
827,PANW,Inactive,2025-03-12T14:19:53.545Z,Near-Term (1-5 days),180.5,Long,None,179.75 - 177.03,186.29 - 190.51,< 175.09,Weekly analysis suggests PANW is in a peaking phase. Momentum is negative. We have tested the 78.6. Daily analysis suggests a low is due 3/3 - 3/18. Watching if a higher low can form vs 38.2 to 61.8. Re-eval is the 78.6. Video will be available by 10:30 AM ET.,Conditions for idea have been satisfied. PANW traded into favorable and has now moved to target,Target Zone Reached,2025-03-17T16:00:00Z
826,UBER,Inactive,2025-03-06T15:46:28.718Z,Short-Term (1-3 weeks),76.7,Long,None,77.0 - 77.7,78.95 - 82.1,< 73.53,Weekly analysis suggests UBER is forming a bull flag. Momentum is firmly positive. Daily bull flag forming. SlimRibbon is neutral and the RS is mildly negative right now. We are in a trading range right now. IF UBER can start to trade and close over 77 an 77.70 this has a shot towards the 78.6 and prior cycle high. A Loss of 73.53 would invalidate the  setup. Video is available.,Scratching UBER right around where we established the idea. IF it approaches 77.70 again will set it up again.,Pending / Inactive,2025-03-07T15:32:47Z
825,PAAS,Inactive,2025-03-05T15:47:50.216Z,Short-Term (1-3 weeks),24.45,Long,None,24.45 - 24.04,25.81 - 26.05,< 23.61,"Weekly analysis suggests that PAAS is in a rising phase with positive momentum. Daily analysis suggests PAAS had a low due 2/21 - 3/7. SlimRibbon is neutral and RS is negative (want to see this turn positive). Please refer to the extended trade idea video for further detail. We look at SIL, PAAS and Silver itself.",PAAS hit first scale around +3% around the 78.6 and is stalling. Pulling it here as it remains above favorable.,Pending / Inactive,2025-03-07T15:38:33Z
824,EQT,Inactive,2025-03-04T19:22:14.177Z,Short-Term (1-3 weeks),50.64,Long,None,50.0 - 48.6,54.42 - 56.66,< 46.2,Weekly analysis suggests that EQT is due to form a low 2/10 - 3/31. Bullish RHT on weekly. Daily analysis suggests that EQT is due to form a short-term low 2/28 - 3/13. Daily RS is negative and needs to turn up. SlimRibbon is modestly negative. Please see the trade idea video for a walkthrough.,This was pulled a while back. Low remains due on daily,Re-evaluation Level Hit,2025-03-13T19:30:25Z
821,SYK,Inactive,2025-02-26T15:08:07.178Z,Short-Term (1-3 weeks),393.22,Long,None,391.37 - 385.0,406.53 - 412.94,< 379.36,"Weekly analysis suggests that SYK is in a rising phase with positive momentum. Daily analysis suggests SYK is in a bottoming phase, RS on the daily is negative but flattening out and suggestive of a pending trough. SlimRibbon is now just turning up. Please review today's trade idea video on SYK - we highlight important context we are deriving from the reversal scout (RS).",SYK had a chance to rally towards target yesterday and was rejected today. Will pull idea and monitor.,Pending / Inactive,2025-03-06T17:46:51Z
820,HAL,Inactive,2025-02-24T14:28:16.653Z,Short-Term (1-3 weeks),26.3,Short,None,26.4 - 27.2,24.77 - 24.15,> 27.79,Weekly suggests that HAL is in a left hand translation with negative momentum. Low due 4/21 - 6/23. Daily analysis suggests that HAL is in a short-term rising phase. We are seeing stalling at the daily resistance zone. IF daily reversal scout (RS) can turn negative that would raise odds of a daily cycle peak. Targeting a move to the 50 - 61.8 fib extension zone. Please see the video for a walkthrough.,Excellent almost 10% move down from the favorable. For studying this setup - look at how XOP set up going into this decline. Bearish triangle and consequent breakdown...,Target Zone Reached,2025-03-04T15:32:03Z
819,FCX,Inactive,2025-02-13T18:30:39.729Z,Short-Term (1-3 weeks),39.5,Long,None,39.5 - 38.5,42.05 - 43.74,< 37.45,Weekly analysis suggests FCX is due to bottom 12/30  -  2/17. Weekly RS is turning up. Daily analysis suggests FCX is in a rising phase. Please review the trade idea video for a walkthrough. Re-eval occurs if daily close occurs below low on 2/12.,FCX will likely close below re-eval.,Re-evaluation Level Hit,2025-02-21T20:14:29Z
818,EXPE,Inactive,2025-02-11T20:47:53.782Z,Short-Term (1-3 weeks),197.48,Long,None,191.49 - 186.48,207.73 - 217.0,< 181.46,Weekly analysis suggests EXPE is in a new rising phase with positive momentum. Daily analysis suggests a new rising phase is also underway post earnings. Core thesis is to watch for a flag to form and a resumption higher. Please review the trade idea video for a detailed walkthrough. We also look at the 2hr analysis.,EXPE traded into target. It did not test favorable,Target Zone Reached (Early / Missed Entry),2025-02-21T18:25:24Z
817,CMI,Inactive,2025-02-07T18:53:16.764Z,Intermediate-Term (3-8 weeks),369.0,Long,None,367.0 - 360.0,387.0 - 404.0,< 352.0,Weekly analysis suggests that CMI is turning up off a mid-cycle low. Momentum is now curling positive. Given that this is an intermediate-term trade idea - this is the premise behind the timing of the long idea. Daily analysis suggests SlimRibbon and Reversal Scout are positively. Please see a screenshot for the idea. Level 4 members - download the trade idea analysis to your platform via the chart grid archive and chart templates section on dashboard.,Conditions for this idea satisfied. CMI traded into favorable and has now traded into target.,Target Zone Reached,2025-02-20T15:11:35Z
816,INDA,Inactive,2025-02-04T15:52:18.366Z,Intermediate-Term (3-8 weeks),51.4,Long,None,51.47 - 50.5,53.66 - 54.54,< 49.91,Weekly analysis suggests a low is due 12/9 - 2/10. RS weekly remains negative. Daily analysis suggests INDA is in a bottoming phase. The S-T MCM bias has now shifted slightly bullish. RS daily is now positive. Please see the trade idea video for a walkthrough.,INDA has closed below re-eval,Re-evaluation Level Hit,2025-02-18T19:59:54Z
815,AAPL,Inactive,2025-02-03T19:36:57.460Z,Intermediate-Term (3-8 weeks),228.5,Short,None,233.44 - 236.45,219.38 - 215.18,> 242.59,Weekly analysis suggests that AAPL is in a corrective phase. Momentum is down. Need to see weekly close below cycle low 219.71 for this be a confirmed breakdown. Daily analysis suggests a peaking phase and a daily close below the 78.6 would increase likelihood we have seen a daily cycle high form. Next low due 2/21 - 3/10. 2hr timeframe RS and SlimRibbon are bearishly configured. Watching for rallies towards the gap to set up a short setup. Note I have noted this as a intermediate-term timeframe setup due to when the next trough is due.. Please see the trade idea video walkthrough.,Stock was down about 8 pts from favorable overnight. Pre market we got news that AAPL is working with BABA for use of AI in iPhones in Chinese market. Stock is now back to base of favorable.  Removing it here.,Pending / Inactive,2025-02-11T15:56:35Z
814,XHB,Inactive,2025-02-03T15:56:07.109Z,Intermediate-Term (3-8 weeks),106.61,Short,None,107.8 - 109.96,101.49 - 98.26,> 111.5,Weekly analysis suggests XHB late in corrective period. RS has just turned positive. Critical for it to turn back down which of course will only occur IF price turns down. Low due 1/27 - 4/14. Daily analysis suggests XHB is in a short-term peaking phase. We have yet to see a daily close below 78.6 - if that occurs then it would transition to a corrective phase in the S-T. S-T low due 2/27 - 3/13. Please see the video for a walkthrough.,Going to remove XHB setup here as it is still just below favorable - this reversal to the upside is going along with a big reversal to downside in DXY and an increasing likelihood we are seeing a at least short-term base forming in bonds..,Pending / Inactive,2025-02-05T15:55:37Z
813,LVS,Inactive,2025-01-30T22:12:27.838Z,Short-Term (1-3 weeks),48.24,Long,None,46.64 - 45.35,49.81 - 51.41,< 44.43,Weekly analysis suggests that LVS is due to form a low 12/23 - 3/3. Daily analysis suggests that LVS has likely formed a short-term low. Low was due 1/17 - 1/30. Please see the trade idea video for a walkthrough.,Tariff news driving down stocks. LVS tried a gap fill and saw selling.. Removing it here and marking as a loser even though it hasn't moved below re-eval as of yet.,Re-evaluation Level Hit,2025-02-03T15:17:28Z
812,GM,Inactive,2025-01-29T20:51:42.969Z,Short-Term (1-3 weeks),49.87,Short,None,51.39 - 52.79,48.4 - 47.4,> 53.7,Weekly analysis suggests that GM is in a corrective phase on the intermediate-term. Momentum is negative. Low due 2/24 - 5/12. Daily analysis suggests that GM is in a short-term corrective period. Daily SlimRibbon and ReversalScout (RS) are firmly negative. Next daily low due 2/6 - 2/20. 2hr is the targeted timeframe for this idea. There is a firmly negative 2hr RS and SlimRibbon - watching for bear flag to form. Please see the trade idea video for a walkthrough.,GM entered target. It just missed favorable.,Target Zone Reached (Early / Missed Entry),2025-01-30T20:51:14Z
811,MKC,Inactive,2025-01-25T17:35:08.037Z,Short-Term (1-3 weeks),74.89,Long,None,74.0 - 72.4,77.56 - 79.6,< 71.38,"Weekly analysis suggests low due 12/23 - 3/3, weekly RS remains negative. Daily analysis suggests MKC is in a short-term rising phase. Daily RS has turned positive and SlimRibbon close to neutralizing. Important to note the bullish reaction post earnings. We are also observing buying coming into the staples at this phase of market cycle. Please review the trade idea video.",Rallied into target,Target Zone Reached (Early / Missed Entry),2025-01-28T19:12:11Z
810,NKE,Inactive,2025-01-24T00:09:35.324Z,Short-Term (1-3 weeks),74.0,Long,None,74.11 - 73.0,77.03 - 78.85,< 71.88,"Weekly low due to form - momentum negative. Daily low due, potential higher low on daily. RS daily now positive. Please watch the video walkthrough.",Rallied up out of consolidation and backed off before hitting target,Pending / Inactive,2025-01-28T19:47:43Z
809,CCJ,Inactive,2025-01-23T17:06:56.411Z,Short-Term (1-3 weeks),56.63,Long,None,55.25 - 54.03,59.47 - 62.55,< 53.16,"Weekly analysis suggests CCJ has entered into a new rising phase. Cycle Structure is positive on the intermediate-term. This positive cycle structure suggests a target of all-time-highs at 62.55 in this rising phase. Daily analysis suggests that CCJ is in a rising phase. SlimRibbon is now neutral. ReversalScout daily is positive. Watching for a modest flag for this idea. Targeting the 78.6 and prior weekly cycle high. Please see the trade idea video for a walkthrough,",As discussed we removed this idea off open.,Re-evaluation Level Hit,2025-01-27T20:12:23Z
808,NVDA,Inactive,2025-01-14T14:30:15.952Z,Short-Term (1-3 weeks),135.88,Short,None,136.0 - 137.5,129.51 - 126.86,> 140.86,Weekly analysis suggests that NVDA is in a corrective period. Weekly RS is firmly negative. Low due 1/27 - 3/31. Daily analysis suggests that NVDA is in a short-term corrective period. SlimRibbon is neutral and ReversalScout (lagging in this situation) remains positive. Daily low due 1/21 - 2/4. The 2hr is the targeted timeframe for this idea. 2hr RS is firmly down - critical that it remains so for this idea to play out as expected. Please review the video for a walkthrough.,Conditions for this idea have been satisfied.,Target Zone Reached,2025-01-14T20:31:08Z
807,SCCO,Inactive,2025-01-08T15:59:06.522Z,Short-Term (1-3 weeks),94.86,Long,None,94.86 - 92.93,99.27 - 101.26,< 90.8,Weekly analysis indicates low due 12/23 - 2/17. HG appears to be attempting to form a weekly trough. For SCCO - need to first see a daily close over 21 EMA 95.32 and a shift in the daily ReversalScout (RS) to positive and finally a move to neutral in the SlimRibbon. This clearly has work to do to improve short-term momentum conditions.,Conditions for idea have been satisfied. Trades into favorable and now in target. Please note THIS IS NOT AN EXIT SIGNAL. Inactivated only for performance tracking purposes.,Target Zone Reached,2025-01-17T14:47:15Z
806,CAT,Inactive,2025-01-06T18:31:29.079Z,Intermediate-Term (3-8 weeks),365.0,Short,None,371.84 - 376.35,357.24 - 346.64,> 380.86,Weekly analysis suggests CAT is late in a corrective period. Momentum negative. Low due 12/23 - 3/10. Daily analysis suggests CAT is in a corrective period. SlimRibbon and RS daily are negative. Watching for a bear flag to form to setup target of recent swing low from 12/20 to the 161.8 extension level. Next daily low due around earnings 2/4 - 2/19. Video available.,CAT entered target zone.,Target Zone Reached (Early / Missed Entry),2025-01-14T20:31:40Z
805,IBB,Inactive,2025-01-03T19:14:39.180Z,Short-Term (1-3 weeks),134.6,Long,None,134.6 - 132.74,137.79 - 140.01,< 130.98,Weekly analysis indicates a trough is due 9/30 - 12/16. Daily low likely formed as a clear higher low is in place now. Targeting 61.8 - 78.6. Re-eval is on the higher low from 12/30. Please review trade idea video for walkthrough.,Missed target by 80c. Levels will not be perfect and there was a good move to be had.,Pending / Inactive,2025-01-08T17:56:49Z
804,MELI,Inactive,2025-01-03T15:04:37.566Z,Short-Term (1-3 weeks),1812.0,Long,None,1805.0 - 1772.0,1896.0 - 1955.0,< 1713.0,Weekly analysis indicates MELI is due to form a low. Positive structure in place. Momentum negative. Daily analysis indicates a low is due to form. RS daily needs to turn positive. Watching for a dip into the rising daily ribbon to hold and a move towards the 50 - 61.8 retracement zone. Please review the trade idea video for a walkthrough.,"Action lackluster as it tries out of this ascending triangle, still a 50+ point swing on this name and now removing it here. Note it missed the target by < 1% so we are noting it as breakeven.",Pending / Inactive,2025-01-21T14:37:46Z
803,VST,Inactive,2025-01-03T14:18:36.881Z,Intermediate-Term (3-8 weeks),149.66,Long,None,150.0 - 145.0,168.67 - 176.58,< 138.26,Weekly suggests low due 11/25 - 1/6 and has a bullish right hand translation forming.. Momentum negative. This timing is in line with the group. Daily trough likely formed. RS daily needs to turn positive. Expecting to see a bullish right hand translation on daily to set up a retest of all time highs - this is the base case target for this 3-8 week timeframe idea. Please review the video for a walkthrough.,Missed target slightly. Removing the idea,Pending / Inactive,2025-01-08T17:56:04Z
802,GM,Inactive,2024-12-12T15:49:44.256Z,Short-Term (1-3 weeks),52.25,Short,None,53.47 - 54.82,50.1 - 47.47,> 55.77,Weekly analysis suggests that GM in a peaking phase. Weekly momentum is now negative. Next low due around March-April 2025. Daily analysis suggests that GM is in a left hand translation. SlimRibbon and ReversalScout daily are negatively configured. Low due 12/27 - 1/13. Please see the trade idea video walkthrough. Note we show this video again on MarketWeek on Friday.,In target,Target Zone Reached (Early / Missed Entry),2024-12-20T16:49:07Z
801,NTAP,Inactive,2024-12-09T21:11:26.700Z,Short-Term (1-3 weeks),127.6,Long,None,127.73 - 125.35,134.97 - 136.5,< 122.96,Weekly analysis suggests NTAP is in a rising phase with positive momentum. Daily analysis suggests that NTAP is in a short-term corrective phase with a positive SlimRibbon  + ReversalScout daily. Low due 12/11 - 12/23. Please review the trade idea video for a walkthrough.,Again this did not set up - moved straight through support zone.,Re-evaluation Level Hit,2024-12-10T19:02:46Z
800,META,Inactive,2024-12-05T19:55:44.189Z,Short-Term (1-3 weeks),609.0,Long,None,603.0 - 592.0,629.0 - 648.0,< 585.42,Weekly analysis suggests that META is in a rising phase with positive momentum. Short-term rising phase with positive SlimRibbon and ReversalScout. The stock has broken out of a range to the upside. Favorable starts at a retest of the breakout area. Re-eval is the 61.8. Targeting intermediate-term 50 - 61.8 extension levels. Please review the video for a walkthrough.,META hit the target zone.,Target Zone Reached (Early / Missed Entry),2024-12-09T19:38:14Z
799,MCO,Inactive,2024-12-04T15:21:32.854Z,Short-Term (1-3 weeks),495.6,Long,None,495.0 - 489.0,510.63 - 523.44,< 483.0,MCO weekly suggests it is in a rising phase with a positive RS (reversal scout). Daily indicates there is a bull flag forming. Mid-cycle low due in early December. Please refer to the video for a walkthrough.,Scratching MCO after a decent run on 12/11 it is back to top of favorable. Typical solid setups resulting in lackluster moves as we approach year end..,Pending / Inactive,2024-12-12T20:29:40Z
798,SPGI,Inactive,2024-12-02T20:37:31.995Z,Short-Term (1-3 weeks),523.0,Long,None,519.0 - 512.0,533.0 - 540.0,< 507.91,Weekly analysis suggests that SPGI is in a rising phase with a positive weekly RS (reversal scout). There is a multi-year base in place and we have just re-tested the breakout level. Daily analysis suggests that SPGI is in a rising phase. There are rising minor supports coinciding with the SlimRibbon (this is the favorable). Note a test of the rising 8 day will turn this trade idea green (Active). Targeting the prior swing high and 50% Extension level. Please see the trade idea video for a walkthrough,After a 9pt move off favorable it is fading a bit intraday - will pull it for now and watch to see if it can flag more on the downside.,Pending / Inactive,2024-12-04T19:10:39Z
797,LRCX,Inactive,2024-12-02T19:05:31.131Z,Short-Term (1-3 weeks),78.02,Long,None,76.92 - 75.7,"81.63 - 82.49, 85.09 - 86.32",< 73.66,"Weekly analysis suggest that a low is due to form in LRCX 10/28 - 12/23. We have been talking about a rotation into ""non-AI""for the past week or 2 in the trade ideas feed on Discord. LRCX first set up the higher low counter-trend long idea on 11/27 and is now in a momentum setup (with a positive Ribbon and ReversalScout) on the 2hr. Please see the trade idea video for walkthrough of the analysis.",Removing LRCX as it is back to the top of favorable zone and entering the big range bar from 12/2. Weaker than I would like to see.,Pending / Inactive,2024-12-05T14:47:17Z
796,URA,Inactive,2024-11-22T15:44:34.531Z,Short-Term (1-3 weeks),32.91,Long,None,32.12 - 31.2,34.83 - 36.13,< 30.54,Weekly analysis suggests URA is in a rising phase - RS weekly is positive. Daily analysis suggests that URA is in a rising phase - RS daily and SlimRibbon are positively configured. There is a minor cycle low due around the latter part of Nov into very early Dec. Please see the video walkthrough for detail.,As we detailed in our feed on Discord - this idea never set up. Since it moved through re-eval it will be marked as a loser for the tracker.,Re-evaluation Level Hit,2024-12-09T21:05:21Z
795,MDY,Inactive,2024-11-21T17:00:00.462Z,Short-Term (1-3 weeks),599.0,Long,None,597.0 - 591.5,"611.63 - 621.11, 621.11 - 630.59",< 584.66,Weekly analysis suggests MDY is in a rising phase. RS weekly is positive. Daily analysis suggest S-T low due 11/15 - 12/9. SlimRibbon is now positive and RS daily is positive. Please see the video walkthrough for further detail.,In target,Target Zone Reached (Early / Missed Entry),2024-11-26T01:20:54Z
794,DECK,Inactive,2024-11-21T01:57:00.657Z,Short-Term (1-3 weeks),176.36,Long,None,172.99 - 167.27,184.48 - 190.05,< 163.19,Weekly analysis suggests DECK is in a rising phase - momentum positive. Daily analysis suggests DECK is in a bullish right hand translation. Daily low due 11/20  - 12/5. Please see the video walkthrough for further detail.,DECK is in the target - only got to within 1% of favorable.  We discussed the potential for a slightly early low in the video - that has clearly now played out.,Target Zone Reached (Early / Missed Entry),2024-11-22T14:58:33Z
793,MCD,Inactive,2024-11-18T15:20:55.378Z,Short-Term (1-3 weeks),294.44,Short,None,295.1 - 298.43,286.47 - 281.75,> 303.81,Weekly analysis suggests that MCD is in a corrective period with negative momentum. Low due 12/9 - 2/3. Daily analysis suggests that MCD is in a short-term corrective period. Note we have yet to breakdown on the daily cycle! That is critical for this to be a proper left hand translation (negatively configured cycle). Favorable is a minor 38.2 to 61.8 zone. Re-eval is on a daily close over the recent swing high on 11/11. Targeting a short-term 61.8 - 78.6 extension zone. Video walkthrough is available.,Conditions for this first idea have been satisfied. Traded into favorable and now tested within a few cents of first target. So far the underlying is not showing acceptance below prior swing low.,Target Zone Reached,2024-11-19T16:32:05Z
792,TSM,Inactive,2024-11-08T14:12:57.058Z,Short-Term (1-3 weeks),203.58,Long,None,201.77 - 195.08,213.5 - 220.53,< 190.32,Weekly analysis suggests that TSM is in a rising phase - momentum is positive. Favorable zone is a minor 38.2 to 61.8. Re-eval is a minor 78.6. Targeting at first a 61.8 extension and then a 78.6 extension level on the upside. Video walkthrough is available.,TSM closed below re-evaluation. Weekly flag still forming so far on TSM (no violation of weekly 61.8) - suggests we may need to look at an alternate daily cycle bracket.,Re-evaluation Level Hit,2024-11-14T15:24:17Z
791,XBI,Inactive,2024-11-08T02:16:54.127Z,Short-Term (1-3 weeks),103.01,Long,None,102.18 - 100.37,106.27 - 108.9,< 99.42,Weekly analysis suggests that XBI is just entering into a rising phase. There is a multi-year base in place as we have been highlighting for months here. Momentum is now positive. Daily analysis suggests that XBI is forming a right hand translation. S-T low due 11/8 - 11/19. Watching for a small dip and a resumption higher. Please see the trade idea video walkthrough for further detail.,Failed breakout and will close below re-eval today.,Re-evaluation Level Hit,2024-11-14T20:36:23Z
790,IBIT,Inactive,2024-11-07T15:28:48.103Z,Short-Term (1-3 weeks),42.99,Long,None,41.9 - 40.84,44.85 - 46.67,< 40.08,Weekly analysis suggests IBIT is in a rising phase - momentum is positive. Daily analysis suggests that IBIT is in a very bullish rising phase. Favorable begins on a test of the prior day low. Targeting a short-term 78.6 - 100% extension zone. Reward/Risk 1.5:1. Please review the Bitcoin analysis from FutureSpeak.,IBIT up 12% and above the targets posted.,Target Zone Reached (Early / Missed Entry),2024-11-11T19:15:24Z
789,XLV,Inactive,2024-10-31T19:17:33.212Z,Short-Term (1-3 weeks),147.65,Long,None,147.7 - 146.9,150.32 - 151.43,< 145.62,Weekly low due 9/16 - 11/18 - momentum remains negative. Daily low due 10/25 - 11/5. Sold off sharply due to LLY earnings and closed 10/30 near highs. Watching to see if it can hold the 200d SMA (using this as a pivot area). Targeting minor 50 - 61.8 retracement zone. Video walkthrough will be posted shortly. NOTE This idea is counter to the askSlim Market Condition Monitor Short-term Bias - that needs to turn bullish to confirm - currently it is bearish.,Conditions for this idea have been satisfied. XLV traded into favorable and has now traded into target zone.,Target Zone Reached,2024-11-07T01:25:10Z
788,ITB,Inactive,2024-10-25T17:16:26.183Z,Short-Term (1-3 weeks),120.56,Short,None,123.11 - 124.26,118.01 - 114.78,> 125.41,Weekly analysis suggests that ITB is in a rising phase but stalling a bit as weekly momentum is now negative. The next minor trough is due in the mid November to early December time period. Daily analysis suggests that we have seen a minor cycle breakdown in ITB. SlimRibbon has turned negative (momentum breakdown). Favorable is a minor fib retracement zone. Targeting 78.6 and prior daily trough. S-T low due around mid November. Video will be posted shortly.,Bear flag resolved sharply on the downside. Only traded to within 0.7% of favorable.,Target Zone Reached (Early / Missed Entry),2024-10-29T14:10:05Z
787,XBI,Inactive,2024-10-24T18:10:14.775Z,Short-Term (1-3 weeks),97.5,Short,None,98.3 - 100.3,95.08 - 93.91,> 101.71,Weekly analysis suggest XBI is in a peaking phase. Momentum is now negative. Low due 12/2 - 2/3. Daily analysis suggests that XBI is likely forming a daily cycle high. Need to see a loss of 95.08 to see a breakdown in the cycle structure. Daily momentum has turned down. Next S-T low due 11/8 - 11/19. Please see the video walkthrough for further detail.,scratching XBI as it chops around and is now testing base of favorable.,Pending / Inactive,2024-11-01T13:46:10Z
786,NEM,Inactive,2024-10-24T13:29:04.770Z,Short-Term (1-3 weeks),55.8,Long,None,55.8 - 55.36,57.7 - 58.7,< 54.56,Weekly analysis suggests that NEM is early in a rising phase. Note: NEM is still in the period of risk on weekly and is vulnerable to another test - the daily translation will provide the necessary guide. Momentum is positive. Daily analysis suggests NEM is in a rising phase. Please see video for walkthrough.,NEM failed to move through 5min high and has moved through re-eval already. For evidence that supports were holding I wanted to see a move through that 5min high.,Re-evaluation Level Hit,2024-10-24T14:04:41Z
785,OXY,Inactive,2024-10-21T17:08:54.277Z,Short-Term (1-3 weeks),51.7,Short,None,52.35 - 53.13,50.58 - 49.75,> 53.69,Weekly analysis suggests that OXY is in a period of risk on the intermediate-term. Low due 9/30 - 11/25. Daily analysis suggests that OXY has likely formed a daily cycle high and is in a corrective period. Favorable is a minor resistance zone. Targeting 61.8% Fib extension zone and the prior daily cycle low. S-T low due in early to mid November. Please note we discussed this idea live on 10/18 MarketWeek - it has technically already tested the zone we discussed.,OXY trade idea has been satisfied. Stock traded into favorable and has since traded into the target.,Target Zone Reached,2024-10-28T13:46:51Z
784,BOTZ,Inactive,2024-10-21T14:00:01.005Z,Short-Term (1-3 weeks),32.2,Long,None,32.2 - 31.8,33.57 - 34.18,< 31.33,Weekly analysis suggests that BOTZ is in a rising phase on intermediate-term - momentum is positive. Daily analysis suggests that BOTZ is forming a daily trough. Low due 10/8 - 10/18. Targeting a 50 - 61.8% fib extension zone. Loss of 10/16 low invalidates thesis. Video walkthrough will be posted shortly.,BOTZ failed to break out of range and is trading below re Evan,Re-evaluation Level Hit,2024-10-23T13:41:02Z
783,XBI,Inactive,2024-10-14T18:27:20.719Z,Short-Term (1-3 weeks),98.1,Long,None,97.9 - 96.9,100.3 - 101.71,< 95.87,Weekly analysis suggests that XBI is in a peaking phase - momentum is negative. Daily analysis suggests that XBI just formed a  short-term low. Expecting a test into 10/11 range to be bought and resumption higher. Video available for review.,XBI came 0.5% of the published zone and has since traded into target.,Target Zone Reached (Early / Missed Entry),2024-10-16T17:18:58Z
782,BLDR,Inactive,2024-10-14T18:04:45.978Z,Short-Term (1-3 weeks),197.0,Long,None,197.2 - 191.86,206.58 - 211.28,< 189.84,"Weekly analysis suggests BLDR remains in a rising phase. Momentum is positive. Low due 11/11 - 12/30. Daily analysis suggests BLDR is attempting to come out of a daily trough. Low due 10/7 - 10/17. Ribbon is positively configured on daily, ReversalScout daily needs to turn up. Please see the trade idea video for a walkthrough.",Interesting attempted breakout  in BLDR as it rallied to 200 and now squatting. Will be removing this here as we get back to top of favorable. Keeping things tight,Pending / Inactive,2024-10-15T14:38:50Z
781,AVGO,Inactive,2024-10-09T13:47:52.240Z,Short-Term (1-3 weeks),178.0,Long,None,176.86 - 173.93,185.16 - 188.48,< 171.85,Weekly analysis suggests that AVGO is in a rising phase. Momentum is positive. Daily analysis suggests that AVGO is in a short-term rising phase. There are rising minor supports below current levels that coincide with the rising daily SlimRibbon. Targeting prior weekly cycle high and a short-term 50 - 61.8% Fib extension zone. A loss of the minor 78.6 would invalidate this S-T bull thesis. Video is available.,Conditions for this idea have been satisfied. AVGO traded into the favorable and traded into first targets in the afternoon.,Target Zone Reached,2024-10-09T18:00:00Z
780,OXY,Inactive,2024-10-01T14:37:19.299Z,Short-Term (1-3 weeks),52.55,Long,None,52.59 - 50.89,55.66 - 57.26,< 49.75,Weekly analysis suggests that OXY is due to form a low. Momentum is negative. Daily analysis suggests OXY is due to form a short-term low. Low due 9/13 - 10/1. Classic capitulation occuring on the daily. Watch for a first HIGHER HIGH vs 9/24 high at 53.11 to set up a squeeze. Reversal Scout is now POSITIVE. Video will be posted shortly.,Conditions for this idea have been satisfied. After trading in the favorable - OXY rallied up 7% into the target. If OXY were to form a bull flag we will watch for another idea to the long side.,Target Zone Reached,2024-10-07T14:39:39Z
779,MDT,Inactive,2024-09-30T20:04:22.040Z,Short-Term (1-3 weeks),89.99,Long,None,89.05 - 90.21,93.6 - 95.44,< 87.67,"Weekly analysis suggests that MDT is in a rising phase. Momentum is positive. Daily analysis suggests that MDT is in the early stages of a rising phase. There is a clear triangle forming on the daily (see screenshot). Watching for a breakout over the downtrend, a turn up in the daily reversal scout. A move through the re-eval on a daily basis invalidates this thesis. Targeting 38.2 to 50% fib extensions. Video is available for review.",MDT did not hold supports. We continue to expect a late daily trough to form.,Re-evaluation Level Hit,2024-10-07T20:07:58Z
778,IHI,Inactive,2024-09-30T13:34:27.599Z,Short-Term (1-3 weeks),58.75,Long,None,57.86 - 57.16,60.11 - 60.91,< 56.47,Weekly analysis suggests that IHI is in a rising phase with positive momentum. Daily analysis suggests - S-T corrective period in the overall context of a bullish cycle structure. Daily trough due 9/24 - 10/15. There are minor supports serving as the favorable zone. Favorable is a minor 50 - 61.8 retracement zone. Re-evaluation occurs on a move below the 78.6. Targeting prior daily cycle highs (given the bullish cycle structure) and a 38.2 Fib extension zone. Trade Idea video is available for your review. Updated levels 10/1. Keep in mind these are just potential support levels. Monitor for reactions off the levels,Conditions for this trade idea have been satisfied. IHI traded into favorable and has now traded into the target.,Target Zone Reached,2024-10-18T16:43:42Z
777,SYF,Inactive,2024-09-23T14:40:21.124Z,Short-Term (1-3 weeks),50.55,Long,None,49.51 - 48.37,52.57 - 54.89,< 47.57,Weekly analysis suggests that SYF is in a rising phase momentum is positive. Next trough due near year end. Daily analysis suggests that SYF is in a short-term rising phase. Rising minor supports below current levels. Watching for a flag back to the daily ribbon to set up a test of prior daily cycle highs. Please review the trade idea video for a walk through of the analysis.,SYF is trading back at the top of favorable. It never closed below re-evaluation. The underlying is just chopping around - will re-evaluate.,Pending / Inactive,2024-09-27T17:29:57Z
776,CCJ,Inactive,2024-09-20T17:25:42.379Z,Short-Term (1-3 weeks),44.4,Long,None,42.94 - 41.69,47.36 - 48.19,< 40.81,"Weekly analysis suggests that CCJ is early in a rising phase. There was a weekly low due 8/5 - 9/30. Momentum is now trying to turn up (see where the weekly bar closes). Daily analysis suggests that CCJ is in a rising phase and has broken out above prior cycle high. Also has a clear ""W-Bottom"" on the daily timeframe. Rising minor support zones act as favorable zone. Re-eval occurs on DAILY close below 78.6. Targeting short-term 127.2 Extension and 61.8 retracement. Video is available for review.",CCJ has now hit the target zone.,Target Zone Reached (Early / Missed Entry),2024-09-25T18:02:36Z
775,PH,Inactive,2024-09-12T13:49:36.761Z,Short-Term (1-3 weeks),583.0,Long,None,583.34 - 577.79,601.3 - 609.74,< 572.25,"Weekly analysis suggests PH is in a rising mode. Momentum is positive. Bull flag forming. Daily trough due 8/30 - 9/16. SlimRibbon is positive, ReversalScout (RS) daily is negative and needs to turn up. Testing minor support zone. Re-eval is the minor 61.8. Targeting prior swing highs and 38.2 Fib extension level. Video walkthrough is available.",PH traded into favorable and achieved the overall objective of the idea (testing prior cycle highs). Technically traded to within 0.27% of the target. This is not an exact science. We are removing the idea here.,Target Zone Reached,2024-09-13T22:28:26Z
774,QCOM,Inactive,2024-09-11T14:51:30.704Z,Short-Term (1-3 weeks),160.1,Short,None,164.82 - 169.22,151.39 - 151.39,> 172.36,Weekly analysis suggests that QCOM is late in a corrective period. Low due 9/23 - 11/11. Daily analysis suggests that QCOM is in a weak rising phase - we are watching for a left hand translation (read this as early cycle peak form in the S-T). Favorable is the 38.2 to 61.8. Re-eval is the short-term 78.6. Single target on the downside at the prior daily cycle trough that formed in early August. Trade idea video is available for review. Level 4 members can download the grid from the Chart Grid Archive and Chart Templates section on dashboard.,This has moved through re-evaluation. Please note: as with all ideas we provide commentary on Discord as the underlying got into the favorable. It is key to watch for failures in resistance and a shift back to the downside in the 2hr momentum - this never occurred in QCOM.,Re-evaluation Level Hit,2024-09-19T13:32:23Z
773,MDY,Inactive,2024-09-09T18:17:34.465Z,Short-Term (1-3 weeks),541.3,Short,None,547.98 - 551.22,534.17 - 524.41,> 554.59,Weekly analysis suggests that MDY is in a corrective period. Low due late fall. Daily analysis suggests MDY is in a short-term corrective period. Low due mid to end of Sept. SlimRibbon is now bearish on daily. Watching for mini bear flag to resolve lower. Trade idea video is available.,MDY had a mini flag that failed at the 2hr SlimRibbon. It did not retrace up to the Fib levels published.,Target Zone Reached (Early / Missed Entry),2024-09-11T14:32:36Z
772,LOW,Inactive,2024-09-06T13:29:03.838Z,Short-Term (1-3 weeks),244.11,Long,None,243.43 - 240.42,253.2 - 256.86,< 237.4,Weekly analysis suggests that LOW is in a rising phase with positive momentum. Daily analysis suggests that LOW is due to form a daily low. Daily trough due early to mid Sept. Testing a minor support zone. Re-eval is the minor 61.8. Targeting prior cycle high and base of minor Fib extension zone. Video walkthrough is available.,Conditions for this idea have been satisfied. LOW traded into favorable and has now hit first targets. This is not an exit signal. Only inactivating for the performance tracker.,Target Zone Reached,2024-09-13T14:02:20Z
771,BLDR,Inactive,2024-09-05T18:58:28.508Z,Short-Term (1-3 weeks),167.0,Long,None,166.87 - 161.21,181.36 - 193.37,< 155.55,Weekly analysis suggest BLDR is in a rising phase - momentum is positive. Daily analysis suggests BLDR is due to form daily trough (9/4 - 9/13). Bull flag is forming. This timing is alignment with ITB and XHB daily cycle timing. See trade idea walkthrough for further details on the analysis.,Conditions for this idea have been satisfied. BLDR traded into favorable and has now hit first targets. This is not an exit signal. Only inactivating for the performance tracker.,Target Zone Reached,2024-09-13T14:03:06Z
770,XOP,Inactive,2024-09-05T14:30:15.133Z,Short-Term (1-3 weeks),131.8,Short,None,134.88 - 135.97,130.87 - 127.75,> 137.05,Weekly analysis suggest that XOP is late in a corrective period. Low due 7/22 - 10/28. Weekly RS (ReversalScout) is negative. Daily analysis suggests XOP is in a short-term corrective period. DailyRibbon and Daily RS is negative. S-T low due 9/19 - 10/3 (this timing is in line with XLE and /CL daily as well). Trade Idea video walkthrough is available for your review. Level 4 members can upload the chart to their thinkorswim (TOS) platforms via the chart grid archive and chart templates section accessible from your dashboard.,XOP kept selling off into the target. Worth watching for another setup given that we still have a couple of weeks left to correct,Target Zone Reached (Early / Missed Entry),2024-09-10T13:56:35Z
769,CROX,Inactive,2024-08-28T01:12:24.953Z,Intermediate-Term (3-8 weeks),143.18,Long,None,139.13 - 134.08,154.02 - 165.32,< 130.48,Weekly analysis suggests that CROX is early in a rising phase (momentum is positive). Daily analysis suggests CROX is in a rising phase SlimRibbon/RS are positive. Rising minor support zones acting as support. Targeting 78.6 to prior weekly cycle high. Trade idea video is available.,Pulling this before it tests favorable. Want to see where minor low forms on daily before setting up long idea.,Pending / Inactive,2024-09-03T19:50:40Z
768,MLI,Inactive,2024-08-19T21:02:14.673Z,Short-Term (1-3 weeks),69.0,Long,None,69.06 - 67.84,72.32 - 74.57,< 65.99,Weekly analysis suggests MLI is in a rising phase - momentum is positive. Daily trough was due 7/31 - 8/13. Daily Ribbon is bullish. This is a breakout setup. The stock has found some resistance around 69.05 and support around 67.90. This is the favorable zone. Re-eval is a minor 78.6. Targeting a move to all time highs and a 61.8 Fib extensions. Video walk through is available.,MLI conditions for this trade idea have been satisfied. MLI traded into favorable and into target on Friday.,Target Zone Reached,2024-08-30T14:20:52Z
767,IBKR,Inactive,2024-08-16T18:55:17.134Z,Short-Term (1-3 weeks),120.66,Long,None,118.28 - 115.97,123.58 - 129.0,< 114.31,Weekly analysis suggests that IBKR just formed a key weekly low. Low was due 7/15 - 10/14. Momentum remains negative. Daily analysis suggests that IBKR is in a rising mode. There are rising minor supports just below current levels. Targeting the 78.6 and prior cycle high. There is no video for this trade idea.,IBKR is in the target we will watch for long setups on pullbacks.,Target Zone Reached (Early / Missed Entry),2024-08-22T14:48:33Z
766,ARKK,Inactive,2024-08-14T17:28:34.910Z,Intermediate-Term (3-8 weeks),41.88,Short,None,41.7 - 43.2,38.08 - 36.85,> 44.71,Weekly analysis suggests that ARKK is in a corrective period. Momentum is negative. Low due 10/7 - 12/2. Daily analysis suggests that ARKK is in a short-term rising phase. Cycle configuration on the short-term is bearish. Please review the trade idea video for a walkthrough. Next daily low due 9/20 - 10/1.,ARKK showed no resistance in the favorable zone and will likely close through re-eval.,Re-evaluation Level Hit,2024-08-19T19:47:54Z
765,MCD,Inactive,2024-08-06T13:59:42.522Z,Short-Term (1-3 weeks),269.12,Long,None,265.74 - 262.0,276.74 - 277.87,< 258.25,Weekly analysis suggests that MCD is in a rising phase. Weekly momentum is positive. Daily analysis suggests a bullish cycle is forming. There is a low due 8/7 - 8/22. Rising SlimRibbon daily likely to act as minor support zone. Please review the trade idea walkthrough video for further detail.,MCD trade idea played out per the plan. Traded into favorable and now has traded into targets.,Target Zone Reached,2024-08-16T15:24:18Z
764,PAVE,Inactive,2024-07-23T18:53:42.142Z,Short-Term (1-3 weeks),39.33,Long,None,38.99 - 38.77,39.99 - 40.53,< 38.31,Weekly analysis suggests that PAVE is in a rising phase with positive momentum. Daily analysis suggests that PAVE is in a short-term rising phase. In the video I highlight the importance of the 2hr ribbon and the upturn we are seeing - watching for dips into that rising 2 hr ribbon for a long idea. In terms of the fibs I have drawn a fib from the gap low on 7/12 to the HOD on 7/16. Favorable is the 50 - 61.8 retracement. Re-eval is on a close below minor cycle low support. Targeting move to prior cycle high and a minor 61.8% Fib extension. Reward/Risk 1.4:1. Video walkthrough is available.,As we noted on Discord - PAVE as not holding its 2hr ribbon and it has moved down to re-evaluation -1.73% from top of favorable. Removing setup.,Re-evaluation Level Hit,2024-07-24T19:15:58Z
763,ITA,Inactive,2024-07-23T18:06:38.741Z,Short-Term (1-3 weeks),139.73,Long,None,137.59 - 136.02,141.77 - 144.72,< 134.9,Weekly analysis suggests that ITA is early in a rising phase. Low was due around end of June to early July. Daily analysis suggests that ITA is in a short-term rising phase. The top holding (GE Aerospace) is also breaking out to new highs. There are RISING minor supports just below current levels. Favorable is the 38.2 to 61.8. Re-eval occurs on a move through the 78.6. Targeting a short-term 100 - 127.2% Fib extension zone on the upside. Reward/Risk ratio: 1.55:1. Video will be posted by 2:15 PM ET. I am not activating ITA as of 10 AM ET as the action is not supportive in the broad market.,,Pending / Inactive,
762,PANW,Inactive,2024-07-23T15:31:41.180Z,Short-Term (1-3 weeks),340.0,Long,None,339.0 - 341.0,356.92 - 366.89,< 328.88,Weekly analysis suggests that PANW is in a rising phase with a bull flag forming. Momentum remains positive. Daily analysis suggests that PANW is early in a short-term rising phase. Daily low was due 7/11 - 7/24. Favorable is a zone just below the downtrend breakout (340 - 342). Targeting the short-term 61.8 to 78.6 Extension zone. The stock sold off on the CRWD hack - that left a better trough on the daily timeframe. Needs to break the downtrend to confirm new rise. Using the higher low on 7/22 hourly as a re-eval spot for this breakout setup. Note: will activate on move through HOD on 7/23 (340.89),PANW has not activated and may not given the broad market weakness - we will inactivate for now.,Pending / Inactive,
761,PEP,Inactive,2024-07-22T14:05:40.558Z,Short-Term (1-3 weeks),168.65,Long,None,167.08 - 165.35,172.67 - 174.4,< 163.62,Weekly analysis suggests that PEP is in a rising phase. Momentum has just turned positive. The cycle structure remains negative. Daily analysis suggests that PEP is in a short-term rising phase. SlimRibbon and ReversalScout daily are positive. There are rising short-term supports just below current levels. Re-eval is the short-term 61.8. Targeting recent swing highs from 7/18 - 6/6. Video walkthrough will be posted to the site by 10:15 AM ET.,PEP conditions have been satisfied. Traded into favorable and target.,Target Zone Reached,2024-07-25T14:43:24Z
760,AVGO,Inactive,2024-07-18T13:38:17.052Z,Short-Term (1-3 weeks),158.93,Short,None,159.83 - 166.67,148.34 - 140.51,> 169.68,Weekly analysis suggests that AVGO is in a peaking phase. Low due 9/9 - 10/21. Daily analysis suggests that AVGO is on the verge of a breakdown. Minor resistances serve as favorable. Re-eval is a minor 78.6. Targeting 100 - 127.2 Extension.,Conditions for this idea have been satisfied. AVGO traded into favorable and is now in target.,Target Zone Reached,2024-07-25T13:38:55Z
759,QCOM,Inactive,2024-07-17T17:51:10.111Z,Short-Term (1-3 weeks),193.33,Short,None,197.78 - 200.32,188.35 - 182.17,> 202.86,Weekly analysis suggests that QCOM is entering into a corrective phase. Next low due 9/23 - 11/18. Daily analysis suggests that QCOM is suffering a daily cycle breakdown. SlimRibbon and ReversalScout turning down on the daily timeframe. There are falling minor resistances serving as favorable zone. Re-eval is the minor 61.8. Targeting the 61.8 - 78.6 Fib extension zone on the downside. video walkthrough is available. Update 7/18 raised favorable to 38.2 to 50. Re-eval remains 61.8.,QCOM missed the favorable and has now traded into target. We will be watching for a bounce to look again on the short side,Target Zone Reached (Early / Missed Entry),2024-07-18T15:51:14Z
758,COIN,Inactive,2024-07-16T14:22:22.396Z,Short-Term (1-3 weeks),235.0,Long,None,234.54 - 226.53,251.8 - 263.8,< 220.83,Weekly analysis suggests that PANW is in a neutral condition on the weekly (holding inside of 78.6 on the upside and downside). Daily analysis suggests that PANW is in a short-term rising phase. We are playing a range in this idea. Favorable is a minor 38.2 to 61.8. Re-eval is the minor 78.6. Targeting 78.6 and prior cycle high on the upside. Trade idea video walkthrough will be posted shortly.,Conditions for this idea have been satisfied. COIN tested favorable and has now rallied 7% into the FIRST target - please note this is not an exit signal.,Target Zone Reached,2024-07-16T19:10:26Z
757,SIL,Inactive,2024-07-15T17:39:11.995Z,Short-Term (1-3 weeks),35.48,Long,None,34.76 - 34.39,36.24 - 37.17,< 34.03,Weekly analysis suggests that SIL is in a rising phase. Daily analysis suggests that SIL is in a rising phase. The idea is constructed to see the current strong upside momentum to continue to we have kept the risk range very tight. Trade idea video is available.,Strong trend continued - only traded to within 1% of favorable and is now in target..,Target Zone Reached (Early / Missed Entry),2024-07-17T13:55:11Z
756,PANW,Inactive,2024-07-15T14:09:12.941Z,Short-Term (1-3 weeks),337.28,Long,None,332.0 - 323.15,355.0 - 380.84,< 317.0,Weekly analysis suggests that PANW is in a rising phase. Daily analysis suggests that PANW is forming a bull flag - low due 7/10 - 7/24. Targeting the 78.6 and prior weekly cycle high. Trade Idea video is available for review.,Scratching PANW as it tests top of favorable - weakness building in tech group.,Pending / Inactive,2024-07-17T13:44:26Z
755,ITB,Inactive,2024-07-10T13:54:37.702Z,Short-Term (1-3 weeks),98.91,Short,None,99.74 - 100.6,96.97 - 96.34,> 101.45,Weekly analysis suggests that ITB is in a bottoming phase. Low is due 5/27 - 7/22. Daily analysis suggests that ITB is in the rising phase of the minor cycle with the dominant cycle correcting - this is what forms bear flags. It is very important for this name to hold below the falling SlimRibbon daily. If it closes over that will be a first signal of a pending weekly low. Please review the trade idea walkthrough video for further details.,As noted on discord the stock yesterday afternoon had a strong move to the top of favorable this was not typical if it were to fail. Today the stock is gapping through the re-eval. Marking ideas a loser - int low likely in place.,Re-evaluation Level Hit,2024-07-11T13:40:41Z
754,GDX,Inactive,2024-07-08T15:56:59.982Z,Short-Term (1-3 weeks),35.65,Long,None,35.29 - 34.52,36.98 - 37.47,< 34.25,Weekly analysis suggests that GDX is in a rising phase. Momentum is positive. Daily analysis suggests a short-term rising phase is underway. Favorable is a minor 38.2 to 61.8. Re-eval occurs on a move through the short-term 61.8. Targeting the 78.6 - 100% fib extension zone on the upside. Video walkthrough is available,GDX is now in target zone,Target Zone Reached (Early / Missed Entry),2024-07-10T14:02:45Z
753,SCCO,Inactive,2024-07-08T15:55:16.610Z,Short-Term (1-3 weeks),115.65,Long,None,114.4 - 112.99,119.88 - 124.24,< 111.57,Weekly analysis suggests that SCCO is early in a rising phase. Momentum remains negative and needs to turn up to confirm rising phase. Daily analysis suggests that there is a basing cycle forming (higher cycle low vs previous low). SlimRibbon is now positive. There are rising minor supports just below current levels. Targeting the 61.8  to 78.6 on the upside. Video walkthrough is available.,SCCO continues to chop around and with earnings coming up in a couple of weeks - we will watch for a better opportunity here.,Pending / Inactive,2024-07-11T16:28:43Z
752,BLOK,Inactive,2024-07-08T15:08:39.524Z,Short-Term (1-3 weeks),36.2,Long,None,35.77 - 35.13,37.65 - 38.54,< 34.88,Weekly analysis suggests that BLOK is in a rising phase - momentum remains positive. Daily analysis suggests that BLOK was due to form a short-term low. Low was due 6/26 - 7/10. SlimRibbon remains positively configured. Favorable is a minor support zone. Re-evaluation is on a close below what appears to be the daily cycle low on 7/5. Targeting a minor fib extension zone on the upside. Please see the trade idea video for a walkthrough of the analysis.,BLOK gapped up 3% today and faded all morning back to top of favorable will remove it here.,Pending / Inactive,2024-07-11T16:29:23Z
751,AEM,Inactive,2024-07-08T13:59:47.511Z,Short-Term (1-3 weeks),69.43,Long,None,67.97 - 66.43,71.93 - 74.36,< 65.33,Weekly analysis suggests that AEM is in a rising phase. Momentum is curling up. Daily analysis suggests that AEM is in a short-term rising phase. Watching for a bullish right hand translation to occur. There are rising minor supports just below current levels. A move through the minor 78.6 would invalidate the idea. Targeting a move towards the 78.6 - 100% extension zone. 1.6:1 reward to risk idea. Please review the trade idea walkthrough for further detail.,AEM is in the target zone.,Target Zone Reached (Early / Missed Entry),2024-07-10T14:03:30Z
750,AMZN,Inactive,2024-06-26T15:39:58.972Z,Short-Term (1-3 weeks),190.95,Long,None,187.74 - 185.22,199.25 - 206.15,< 180.68,Weekly cycle analysis suggests that AMZN is on the verge of a cycle high breakout. Momentum is positive. Daily analysis suggests AMZN is in a rising phase. There is a bullish swamped cycle forming on the daily. Keep in mind how swamped cycles typically behave on the daily (tests of the rising ribbon act as minor support). There are RISING minor supports serving as the favorable and a RISING short-term 61.8 retracement that is serving as the re-evaluation. Targeting the 100 - 127.2% Fib extension zone on the upside. Trade Idea video walkthrough is available.,AMZN is in the target. Given overall bullish weekly cycle structure and breakout underway - we will look to establish a new idea on a small pullback.,Target Zone Reached (Early / Missed Entry),2024-06-28T12:31:51Z
749,XLY,Inactive,2024-06-26T14:12:02.857Z,Short-Term (1-3 weeks),180.93,Long,None,179.53 - 178.33,183.44 - 185.29,< 177.12,Weekly analysis suggests that the XLY is in a rising phase. Momentum is positive. Daily analysis suggests that the XLY is in a minor corrective period. Short-term low due 6/20 - 7/12. The SlimRibbon and ReversalScout remain bullishly configured. Favorable is a minor 38.2 to 50 retracement zone. Re-eval occurs on a move below the 61.8. Targeting the prior daily cycle high from 6/24 and 3/1. Trade idea video is available if you scroll down on the Trade Ideas main page.,XLY bottomed inside of cycle timing. Unfortunately the idea was 1 day late as it had already tested rising supports. We remain positive on this sector and will look at it again on dips.,Target Zone Reached (Early / Missed Entry),2024-06-27T21:40:48Z
748,GS,Inactive,2024-06-20T16:52:24.948Z,Short-Term (1-3 weeks),456.35,Long,None,453.5 - 447.5,464.5 - 471.5,< 444.0,Weekly analysis suggests that GS is in a rising phase with positive momentum. Daily analysis suggests that GS is in a short-term rising phase. SlimRibbon remains neutral. Favorable is where the SlimRibbon is the base of the favorable - bottom end is the 61.8. Re-eval is the 78.6.  This is a relative strength leader in the group. Targeting 78.6 and prior cycle highs. There is no video for this trade idea.,Conditions for this idea have been satisfied. GS traded into favorable and tested the 78.6. This is a singles and doubles environment.. We will be adjusting our targets appropriately.,Target Zone Reached,2024-06-25T20:11:15Z
747,FXI,Inactive,2024-06-18T18:34:31.135Z,Intermediate-Term (3-8 weeks),26.56,Long,None,26.56 - 25.85,28.8 - 29.53,< 24.85,Weekly analysis suggests that FXI is due to form a low. Low due 6/3 - 7/29. Daily analysis suggests that FXI is due to form a S-T low. Low due 6/10 - 6/28. Favorable is an intermediate-term 50 - 61.8 retrace zone. Re-eval is 78.6. Targeting 78.6 and prior cycle on the upside. There is no video for this trade idea.,Scratching FXI as it trades back below 27,Pending / Inactive,2024-07-15T13:30:14Z
746,JCI,Inactive,2024-06-18T16:20:47.979Z,Intermediate-Term (3-8 weeks),68.74,Long,None,68.73 - 67.03,72.8 - 74.23,< 65.33,Weekly low is due in the industrials sector and many of the underlying holdings in the XLI ETF. JCI is an example of this. Weekly low due 5/13 - 8/12. Daily low due 6/10 - 6/26. Favorable is a short-term 38.2 to 50 retracement zone. Re-eval occurs on a move below 61.8. Targeting 78.6 and prior daily cycle high as FIRST targets. Note we have yet to have a confirmed bottom! Walkthrough is available.,,Pending / Inactive,
745,ICE,Inactive,2024-06-18T11:51:09.171Z,Intermediate-Term (3-8 weeks),136.2,Long,None,135.2 - 133.9,140.43 - 140.54,< 131.79,Weekly analysis suggests that ICE is in a rising phase. Momentum is just now turning up. Daily analysis suggests a base is forming . Watching for a VTL (valid trendline) breakout. Please refer to Slim's cycle workshop to understand the importance of VTLs. Trade idea walkthrough is available.,Conditions for this trade idea have been satisfied. ICE traded into favorable and has now rallied up to the first target zone. This was a 1.5:1 reward to risk ratio at the start (this is how we structure all of our trade ideas with target reward to risk ratios of 1.4-1.5:1,Target Zone Reached,2024-07-02T21:57:16Z
744,NFLX,Inactive,2024-06-17T14:04:12.177Z,Short-Term (1-3 weeks),667.5,Long,None,660.3 - 650.87,687.56 - 701.98,< 644.15,Weekly analysis suggests that NFLX is in a rising phase with positive momentum. Daily analysis suggests that NFLX is in a rising phase with positive momentum. Rising MINOR support zone just below current levels. Targeting 50-61.8 fib extension zone. Video available for review.,NFLX came within 0.7% of favorable before reversing towards target,Target Zone Reached (Early / Missed Entry),2024-06-18T18:40:01Z
743,PANW,Inactive,2024-06-13T17:52:51.544Z,Short-Term (1-3 weeks),319.33,Long,None,310.0 - 301.0,333.0 - 345.6,< 295.0,Weekly analysis suggests that PANW is in a rising phase. Momentum is positive. Daily analysis suggests that PANW is in a rising phase. There are rising supports below current levels. Targeting the 78.6 to 100% Fib extension. Move through the 78.6 retracement and it will render the idea no longer valid. Trade idea walkthrough is available. Please note you will see this same video on MarketWeek on Friday.,Weakness today in semis may spread to other stocks in tech group. Will be removing this before it enters favorable.,Pending / Inactive,2024-06-20T17:31:21Z
742,HD,Inactive,2024-06-12T14:30:01.571Z,Intermediate-Term (3-8 weeks),344.91,Long,None,340.34 - 334.08,360.48 - 369.14,< 329.61,"Weekly analysis suggests that a low is due 5/20 - 7/29. Momentum now positive. Daily analysis suggests that HD is in a rising phase. SlimRibbon now neutral, Reversal Scout daily is positive. Favorable is a minor 38.2 to 61.8. Re-eval occurs on a CLOSE below daily 78.6. Targeting weekly 50 -61.8 retracement zone. Video walkthrough is available.",This missed the original favorable by 0.3% and then moved within a few points of the target before reversing the past 2 days. The sequence is done. Since the stock did not technically trade into the favorable or target it is being marked a scratch.,Pending / Inactive,2024-06-25T13:34:06Z
741,COF,Inactive,2024-06-06T14:02:07.943Z,Intermediate-Term (3-8 weeks),138.0,Long,None,138.66 - 136.48,"141.74 - 143.67, 143.67 - 146.43",< 134.55,Weekly analysis suggests that COF is due to form a weekly low - low is due 4/1 - 6/3. Daily analysis suggests that COF is due to form a daily low - low due 5/17 - 6/4. Reversal play off the low and re-eval is the minor 78.6 drawn from the low 6/5 to high at 9:53 AM ET on 6/6. Video will be available by 10:15 AM ET.,COF likely to close below re-eval. Weekly corrective period likely to extend out into early to mid July.,Re-evaluation Level Hit,2024-06-14T17:45:21Z
740,UBER,Inactive,2024-06-06T13:55:39.563Z,Short-Term (1-3 weeks),68.11,Long,None,67.1 - 65.5,71.49 - 73.82,< 64.36,Weekly analysis suggests that UBER is due to bottom. Low due 5/13 - 6/24. Daily analysis suggests that UBER is in a short-term rising phase. SlimRibbon has now turned neutral. Watching for a mini flag to form on the 2hr and a resolution to the upside. Trade idea video walkthrough will be posted by 10 am ET,Conditions for this idea have been satisfied. UBER traded into favorable and has now traded into target - solid 7.5+% mover.,Target Zone Reached,2024-06-12T13:34:25Z
739,COIN,Inactive,2024-06-04T20:02:18.491Z,Short-Term (1-3 weeks),245.0,Long,None,236.94 - 229.58,264.53 - 283.48,< 224.34,Weekly analysis suggests that COIN is in a rising phase momentum is positive. Daily analysis suggests rising phase. Looking for dips into the rising 2hr ribbon to act as support and resolution to the upside. Video posted for this idea.,COIN came to within 1% of the favorable off open on 6/5 and then moved to target.,Target Zone Reached (Early / Missed Entry),2024-06-06T19:47:38Z
738,F,Inactive,2024-05-30T18:04:02.473Z,Short-Term (1-3 weeks),11.71,Short,None,11.97 - 12.12,11.49 - 11.17,> 12.27,Weekly analysis suggests that F is in the late stages of a corrective period. Momentum is negative. Low is due 5/20 - 7/15. Daily analysis suggests that F is in a corrective period (and left hand translation). Next daily low due 6/20 - 7/5. SlimRibbon and ReversalScout are bearishly configured. Video walkthrough is available.,Scratching F as it trades 0.3% above base of favorable. Strength today suggests current levels are too aggressive. Will look to set up another idea shortly.,Pending / Inactive,2024-05-31T18:13:00Z
737,MSFT,Inactive,2024-05-29T16:58:03.511Z,Short-Term (1-3 weeks),430.5,Long,None,431.06 - 427.13,441.82 - 447.2,< 424.41,Weekly analysis suggests that MSFT is in a rising phase. Momentum is positive. Daily cycle analysis suggests MSFT is in a rising phase and showing great relative strength. This is a breakout setup. Re-eval occurs on a move through 5/24 low. Targeting 38.2 to 50% fib extension zone.,CRM gapped down 17% on earnings dragging down MSFT with it. It is trading below the re-evaluation. We still expect MSFT to bottom shortly but will need to wait for a new setup to materialize. Purposely kept risk % very tight on this breakout setup.,Re-evaluation Level Hit,2024-05-30T13:33:58Z
736,URA,Inactive,2024-05-29T14:06:55.284Z,Short-Term (1-3 weeks),31.52,Long,None,31.51 - 30.84,33.86 - 34.02,< 30.17,Weekly analysis suggests that URA is in a rising phase. There is a mid-cycle low due around late May. Daily analysis suggests that URA is due to form a daily low. Low due 5/22 - 6/6. Video walkthrough is available.,URA was up around 4% before stalling at the 78.6. We highlighted this as it occurred on Discord. Now that it has retreated to the favorable zone we are pulling the idea.,Pending / Inactive,2024-06-03T13:52:37Z
735,IBIT,Inactive,2024-05-28T20:26:03.878Z,Short-Term (1-3 weeks),38.98,Long,None,38.22 - 36.71,42.0 - 42.0,< 35.63,Weekly analysis suggests that Bitcoin is in a rising phase. Daily IBIT analysis suggests a bull flag is forming. This is setting up for a strong breakout if it can move through 42. I am setting the first target as 42. Trade Idea walkthrough is available.,IBIT was up as much as 7% and has now traded back to favorable. As noted in discord we will inactivate the idea under this scenario,Pending / Inactive,2024-06-11T13:35:59Z
734,FCX,Inactive,2024-05-24T14:56:23.963Z,Short-Term (1-3 weeks),51.81,Short,None,52.37 - 53.46,50.21 - 48.84,> 54.24,"Weekly analysis suggests that FCX is in a peaking phase. Momentum remains positive and needs to turn negative to confirm corrective period. Low due 6/17 - 8/5. Daily analysis suggests that FCX is in a short-term corrective period. SlimRibbon is close to turning neutral. There are falling minor resistances serving as our favorable and re-eval. Targeting the 61.8, 78.6 and prior cycle low for this trade idea. Video walkthrough is available. Daily low due 6/5 - 6/17.",Removing FCX as we test base of favorable,Pending / Inactive,2024-05-29T14:05:40Z
733,TSLA,Inactive,2024-05-21T19:18:11.060Z,Short-Term (1-3 weeks),185.48,Long,None,183.25 - 178.37,198.87 - 205.6,< 173.49,"Weekly analysis suggests that TSLA is in a rising phase. Momentum is now positive. Daily analysis suggests that TSLA is attempting to breakout of a bull flag. SlimRibbon is now positively configured - ReversalScout daily also positive. There are rising minor supports just below current levels. Targeting prior cycle highs from 4/29, 2/27. Video walkthrough is available.",Scratching TSLA as we did not see any reaction off the opening gap into favorable.,Pending / Inactive,2024-05-22T16:44:36Z
732,COIN,Inactive,2024-05-20T18:40:00.992Z,Short-Term (1-3 weeks),217.63,Long,None,219.51 - 216.45,249.65 - 264.53,< 194.93,Weekly analysis suggests weekly low is due. ETH and BTC both have lows due now as well. BTC showing good strength off low. In this reversal trade idea we are noting multiple attempts to get below 200 and an inability to do so. This may trigger a squeeze. Favorable is on a breakout over 5/16 high and 5/15 high. Re-eval is current low on 5/14. Targeting the 61.8 to 78.6. Trade idea watlkthrough is available. Please note wide risk range due to very high volatility of the underlying.,7% rally off favorable and then stalled at the daily 50% retracement. Removing it and will watch for a new setup.,Pending / Inactive,2024-05-23T18:26:48Z
731,VLO,Inactive,2024-05-17T16:04:59.064Z,Intermediate-Term (3-8 weeks),162.52,Long,None,161.52 - 156.03,172.79 - 178.07,< 153.38,Weekly analysis suggests low is due to form 4/22 - 6/3. Daily analysis suggests that VLO had a daily low due 5/6 - 5/17. SlimRibbon remains negative and needs to curl up. Video walkthrough is available.,VLO failed to hold minor supports and has traded through re-eval. A bottom remains due on the intermediate-term and we are watching for a late daily low.,Re-evaluation Level Hit,2024-05-30T17:04:00Z
730,BLOK,Inactive,2024-05-16T14:22:42.159Z,Intermediate-Term (3-8 weeks),32.88,Long,None,32.88 - 31.55,35.7 - 37.21,< 30.78,Weekly analysis suggests that BLOK has a weekly low due to form around mid May in line with Bitcoin. Daily analysis suggests that BLOK is in a rising phase. SlimRibbon is now neutral on daily. watching for base to form on daily. Trade Idea video will be posted by 10:30 AM ET.,4.5% rally off favorable and then stalled at the 61.8. Removing the idea.,Pending / Inactive,2024-05-23T18:26:18Z
729,XLE,Inactive,2024-05-15T17:36:22.915Z,Short-Term (1-3 weeks),93.94,Long,None,94.0 - 92.47,97.34 - 98.97,< 91.35,Weekly rising phase and bull flag. Momentum negative. Minor weekly low due. Daily late low attempting to form. SlimRibbon neutral watching for a turn up off supports towards 78.6 and prior cycle high. video walkthrough will be posted by 2pm ET.,Scratching XLE as top holding CVX is very boxed in on the daily. XLE had a chance to follow through out of the base and has failed to do so.,Pending / Inactive,2024-05-20T17:47:47Z
728,V,Inactive,2024-05-14T13:42:40.556Z,Intermediate-Term (3-8 weeks),278.01,Long,None,277.38 - 274.42,"285.73 - 290.96, 290.96 - 297.34",< 272.33,Weekly analysis suggests that V is in a bottoming phase. Momentum remains mildly negative. Daily analysis suggests that V is in a short-term rising phase. SlimRibbon is positive + ReversalScout is positive. Favorable is a minor support zone. Targeting a move to the weekly 78.6 and prior cycle high. Video walk through is available. 5/15 Added another set of targets for this. Weekly cycle high to the 50% weekly extension. 2:9:1 R/R now.,Scratching this as it tests top of favorable. Some weakness starting to develop in the S-T in the financials.,Pending / Inactive,2024-05-21T13:45:41Z
727,SIL,Inactive,2024-05-10T15:07:37.319Z,Short-Term (1-3 weeks),33.04,Long,None,32.49 - 31.51,35.31 - 36.58,< 30.8,Weekly analysis suggests that SIL is in an intermediate-term rising phase. Momentum is positive. Daily analysis suggests that SIL is late in a short-term corrective period. There are rising short-term supports serving as our favorable zone. If it moves through the 78.6 on a closing basis we will inactivate the idea. Targeting a move toward the intermediate-term 50-61.8 extension zones. Trade Idea video is available.,Conditions for this trade idea have been satisfied. Traded into favorable and has since rallied 10% and is gapping into the target this AM.,Target Zone Reached,2024-05-20T13:33:30Z
726,EEM,Inactive,2024-05-08T20:08:06.275Z,Short-Term (1-3 weeks),42.26,Long,None,41.65 - 41.11,42.54 - 42.97,< 40.72,Weekly analysis suggests that EEM is early in a rising phase. EEM held the important 38.2 to 61.8 support zone on the downside. Configuration is very positive. Momentum is also positive. Daily analysis suggests that EEM is late in a short-term corrective period and due to have a minor pullback. The SlimRibbon and ReversalScout are positive. Minor support zones are serving as our favorable zone. Re-eval occurs on a moves through the minor 78.6. Targeting a fib extension zone on the upside. Trade Idea walk through is available.,EEM is in the target. It did not test our favorable zone. We will be monitoring for a dip to set up another long idea.,Target Zone Reached (Early / Missed Entry),2024-05-13T14:42:23Z
725,/SI,Inactive,2024-05-08T15:13:03.062Z,Short-Term (1-3 weeks),27.68,Long,None,27.68 - 26.85,29.37 - 30.22,< 26.25,"Weekly analysis suggests that SI is correcting into the gold minor corrective low. Bull flag forming,  Momentum is positive. Daily cycle low is due. A higher low on the daily is attempting to form. Trade Idea video walkthrough will be available shortly.",Silver trade idea played out beautifully. Please note this is not an exit signal. Just inactivating for performance tracker since it is now in our published target.,Target Zone Reached,2024-05-15T12:44:27Z
724,AAPL,Inactive,2024-05-08T14:53:58.687Z,Short-Term (1-3 weeks),182.0,Long,None,180.17 - 178.06,186.04 - 192.01,< 175.94,Weekly analysis suggests that AAPL is in a rising phase - momentum is positive. Daily analysis suggests that AAPL is in a rising phase - SlimRibbon/ReversalScout are positive. There is a rising minor support zone just below current levels. Please review today's detailed video walk through to see the AAPL analysis.,AAPL flag on hourly broke out to the upside and is now in the target. This remains on our primary watch list to the long side.,Target Zone Reached (Early / Missed Entry),2024-05-13T14:41:24Z
723,LRCX,Inactive,2024-05-02T14:42:33.349Z,Short-Term (1-3 weeks),868.82,Short,None,889.76 - 906.86,861.37 - 844.11,> 919.03,Weekly analysis suggests that LRCX is late in a corrective period. Momentum remains negative. Low due 4/22 - 6/10. Daily analysis suggests that LRCX is in a short-term corrective period. Minor resistances just above current levels. Favorable is minor 38.2 to 61.8. Re-eval is minor 78.6. Targeting short-term 61.8 - 78.6 fib extension zone. Note: There is no video walkthrough for this idea.,Removing LRCX in pre-market. NFP bullish reaction and risk levels look too tight. We have not entered favorable in the RTH session.,Pending / Inactive,2024-05-03T12:46:53Z
722,ITB,Inactive,2024-05-02T13:41:26.198Z,Short-Term (1-3 weeks),104.86,Short,None,107.23 - 108.97,"103.47 - 101.6, 101.6 - 99.1",> 110.71,Weekly analysis suggests ITB is in a corrective period. Low due 5/27 - 8/5. Daily analysis suggests that ITB is in a weak short-term rising phase. Watching for upticks to fail here and a rotation down to prior cycle lows and the weekly 38.2 retracement. Video walkthrough is posted. Update pre-market 5/3 - moved up favorable and re-eval to the short-term 38.2 to 50. Re-evaluation at 61.8. Added first target of 78.6 on 5/8,ITB remains at the base of the favorable zone. The market however has improved meaningfully with respect to the short term. We will re-evaluate this in the coming weeks.,Pending / Inactive,2024-05-09T17:07:14Z
721,SNPS,Inactive,2024-05-02T13:23:43.475Z,Short-Term (1-3 weeks),522.18,Short,None,531.0 - 545.1,510.12 - 494.6,> 548.77,Weekly analysis suggests that SNPS is in a corrective period. Momentum is negative. Low due 5/13 - 7/22. Daily analysis suggests that SNPS is in a corrective period. SlimRibbon and ReversalScout are negatively configured. Favorable is a minor 38.2 to 61.8. Re-eval is on a move through highs on 4/26. Targeting an intermediate-term 78.6 and minor 50% fib extension. Video walkthrough is available.,SNPS moving through re-evaluation. With all setups that I post - I do not like stocks that gap into the favorable. You want to see a stock attempt in the RTH session and then fail in the favorable zone and allow it to show that it is a valid resistance level.,Re-evaluation Level Hit,2024-05-07T14:19:49Z
719,BOTZ,Inactive,2024-04-30T15:50:27.448Z,Intermediate-Term (3-8 weeks),30.1,Short,None,30.08 - 30.55,28.85 - 27.93,> 31.01,Weekly analysis suggests that BOTZ is in a corrective period. Momentum remains negative. Low due 5/20 - 7/8. Daily analysis suggests that BOTZ is in a corrective period and forming a short-term bear flag. SlimRibbon is close to turning neutral and Reversal Scout daily is now positive. We are monitoring for a peaking phase on the minor daily cycle. The next daily low is due end of May/early June. Trade idea video is available.,BOTZ moved through re-evaluation.,Re-evaluation Level Hit,2024-05-06T18:18:26Z
718,MDY,Inactive,2024-04-26T15:53:41.971Z,Short-Term (1-3 weeks),529.34,Short,None,531.07 - 536.33,514.66 - 502.79,> 541.59,Weekly analysis suggests MDY is in a corrective period. Momentum is negative. Low due 5/20 -7/8. Daily analysis suggests MDY is in a corrective period (and left hand translation). SlimRibbon is negatively configured. Next daily low due 5/24-6/10. Trade idea video is available.,Moved through re evaluation,Re-evaluation Level Hit,2024-05-06T20:22:24Z
717,NUE,Inactive,2024-04-26T14:06:28.266Z,Short-Term (1-3 weeks),175.9,Short,None,179.52 - 182.22,170.82 - 165.29,> 184.9,Weekly corrective period in NUE with negative momentum. Next minor low due end of May early June. Daily analysis suggests a left hand translation. Momentum is negative on both SlimRibbon and Reversal Scout daily. Watching for bear flag and resolution lower. Trade idea video is available.,NUE is in the target zone.,Target Zone Reached (Early / Missed Entry),2024-05-01T13:40:18Z
716,TXN,Inactive,2024-04-24T14:14:41.732Z,Short-Term (1-3 weeks),174.96,Long,None,172.98 - 170.98,181.4 - 187.46,< 168.97,Weekly analysis suggests bottom due to form April-May. Momentum on weekly is slightly negative. Daily analysis suggests that TXN formed a short-term low and is in a rising phase. SlimRibbon close to turning neutral. There are minor support zones just below current levels. Targeting a short-term 100 - 127.2 Fib extension. Move through minor 61.8 renders idea no longer valid.,Conditions for this trade idea have been satisfied.,Target Zone Reached,2024-05-06T18:27:12Z
715,NKE,Inactive,2024-04-16T14:18:23.772Z,Short-Term (1-3 weeks),91.94,Long,None,91.95 - 90.74,95.5 - 97.25,< 89.87,Weekly analysis suggests that NKE is due to form a weekly low. Momentum remains negative. Daily analysis suggests that NKE is in a short-term bottoming phase. SlimRibbon remains negatively configured but the ReversalScout has turned positive. This is a counter-trend trade idea looking for a higher low to form vs daily swing low at 88.78. Favorable is a minor 38.2 to 61.8. Re-eval is a 78.6. Targeting a move to the short-term 50-61.8 retracement zone. First important upside reference is the recent swing high at 93.92. Trade idea walk through video is available. This is a counter-trend trade idea. The dominant energies in the market are pointed down.,Conditions for this trade idea have been satisfied. NKE traded into favorable and has now traded into target.,Target Zone Reached,2024-04-18T14:37:38Z
714,KRE,Inactive,2024-04-15T14:30:23.041Z,Intermediate-Term (3-8 weeks),46.55,Short,None,47.43 - 48.22,45.06 - 43.58,> 48.79,Note we reviewed this trade idea live on MarketWeek on 4/12. I thought I had added it to the trade ideas page but realized this morning that I had not... Here is the overview -  Late in weekly corrective phase. Left hand translation on daily. We tested the favorable zone we noted this AM. This is a minor resistance zone. Targeting an intermediate-term 61.8 - 78.6 Fib extension zone.,KRE came to within 0.8% of the target zone. This sequence overall played out as we thought it would. Given the short-term oversold condition in the market and now the mid-cycle low due in KRE we will be pulling this idea and marking it as a scratch. It can only be marked a winner if it touches the target zone.,Pending / Inactive,2024-04-19T14:03:33Z
713,ITB,Inactive,2024-04-11T13:48:43.369Z,Short-Term (1-3 weeks),107.24,Short,None,108.68 - 110.12,105.7 - 104.72,> 111.16,Weekly analysis suggests that ITB is in a peaking phase. Momentum remains positive but is close to rolling over. Next low due 6/24 - 8/26. Daily analysis suggests that ITB is in a short-term corrective period. SlimRibbon is neutral and ReversalScout is bearish. Next daily low due 4/19 - 5/2. There are falling minor resistances above current levels coinciding with the falling SlimRibbon daily. Targeting a minor 127.2 Fib extension and a 61.8 retrace. Video walkthrough is available.,ITB only traded to within 0.38% of the favorable and sold sharply lower into the target zone.,Target Zone Reached (Early / Missed Entry),2024-04-16T13:38:15Z
712,EWZ,Inactive,2024-04-09T18:03:40.225Z,Short-Term (1-3 weeks),32.83,Long,None,32.43 - 32.07,33.57 - 34.13,< 31.82,Weekly analysis suggests that low is due 3/18 - 5/20. Daily analysis suggests that EWZ is in a bottoming phase. SlimRibbon is now neutral after an extended period of having a negative condition. Please review the video for a detailed walkthrough.,EWZ ran through favorable without showing any support. Change in character in the US markets post CPI dragged EWZ down with it.,Re-evaluation Level Hit,2024-04-11T14:29:54Z
711,YETI,Inactive,2024-04-05T14:22:07.146Z,Intermediate-Term (3-8 weeks),37.56,Short,None,38.66 - 40.1,35.08 - 33.58,> 41.12,Weekly analysis suggests YET is in a corrective period. Low due 4/15 - 6/3. Daily analysis suggests that YETI is in a peaking phase. SlimRibbon has turned slightly negative. Please review the trade idea video for a detailed walkthrough.,YETI trade idea has been satisfied. Traded into favorable and has now traded into target. A solid 9.4% gain on this idea.,Target Zone Reached,2024-04-25T13:31:27Z
710,BOTZ,Inactive,2024-04-04T14:14:47.924Z,Intermediate-Term (3-8 weeks),31.24,Short,None,31.19 - 31.45,30.76 - 30.28,> 31.7,Weekly analysis suggests that BOTZ is in a peaking phase. Momentum remains positive but is close to turning negative. Low due 5/27 - 7/8. Daily analysis suggests that BOTZ is in a corrective period. SlimRibbon is now neutral - ReversalScout is negative. Favorable is 38.2 to 61.8. Re-eval occcurs on move through daily 78.6. Note if it moved through the daily 78.6 that would indicate a late daily low likely formed. Next mid-cycle low on the daily is due early May. Video walkthrough is available. Updated levels 4/9. Re-eval is now the 61.8. Favorable is the 38.2 to 50.,This idea missed the favorable by under 10c twice. We are now in the target zone. Analysis overall played out nicely,Target Zone Reached (Early / Missed Entry),2024-04-12T17:02:10Z
709,INTU,Inactive,2024-04-04T13:59:29.224Z,Intermediate-Term (3-8 weeks),629.0,Short,None,640.1 - 651.76,609.15 - 595.56,> 660.32,Weekly analysis suggests INTU is in a corrective period. Low due 5/27 - 7/8. Daily analysis suggests that INTU is in a short-term corrective period and almost a left hand translation. Favorable is a 38.2 to 61.8 retracement zone. Re-eval is 78.6. Targeting short-term 100 - 127.2% Fib extension. Video walkthrough is available.,Conditions for this idea have been satisfied. INTU traded into favorable and has now traded into the target zone. Please note this is not an exit signal. We are inactivating this for performance tracking purposes.,Target Zone Reached,2024-04-18T13:42:03Z
708,CCJ,Inactive,2024-04-01T19:47:17.770Z,Short-Term (1-3 weeks),46.65,Long,None,45.01 - 43.6,48.7 - 51.33,< 42.6,Weekly suggests that CCJ is early in a rising phase. Momentum is positive. Daily analysis suggests that CCJ is in a short-term rising phase - watch for base to form. Trade Idea video walkthrough is available. (update 4/2 - favorable and re-eval are rising fib retracements as shown in video - just updating the prices),CCJ is already in the target. Will remain focused on looking long on dips here.,Target Zone Reached (Early / Missed Entry),2024-04-03T14:59:21Z
707,/ZC,Inactive,2024-04-01T14:34:07.922Z,Short-Term (1-3 weeks),434.0,Long,None,432.75 - 428.25,449.25 - 455.5,< 423.5,Weekly analysis suggests that ZC is in a rising phase with a negative cycle configuration. Momentum is positive. Daily analysis suggests that ZC is due to form a short-term low. SlimRibbon is neutral and flat (therefore bias is neutral). Favorable is a short-term 38.2 to 50. Re-eval on move through 61.8. Targeting short-term 61.8 - 78.6 fib extension zone. Video walkthrough available.,ZC failed to form key daily low. Expecting late low to form.,Re-evaluation Level Hit,2024-04-02T17:50:53Z
706,FCX,Inactive,2024-03-27T16:33:30.681Z,Short-Term (1-3 weeks),45.31,Long,None,44.59 - 44.01,46.4 - 46.85,< 43.42,Weekly analysis suggests that FCX is late in an intermediate-term rising phase. Low due 4/15 - 5/20. Momentum remains firmly positive. Daily analysis suggests that FCX is due to form low 3/21 - 4/4. Please review the trade idea video for walkthrough of the analysis.,FCX idea hit the target zone. This timing was in line with COPX (copper miners ETF) and /HG.,Target Zone Reached (Early / Missed Entry),2024-03-28T19:04:00Z
705,AAPL,Inactive,2024-03-22T17:55:02.425Z,Short-Term (1-3 weeks),172.42,Short,None,174.39 - 178.03,168.5 - 164.73,> 178.67,Weekly analysis suggests that AAPL is late in a corrective period. The weekly low is due 4/29 - 6/17. Daily analysis suggests that AAPL is showing signs of an early daily cycle high. This would only be confirmed on a move through 168.50. Please review the trade idea video for a walkthrough of the analysis.,AAPL only traded to within 0.4% of favorable and has now traded to target. There is an LHT forming on the daily cycle (early daily cycle high and expecting a series of lower highs and lower lows into the next daily low - due in mid May). This will remain on our go-to list on the short side until we see a shift in daily Ribbon to the upside.,Target Zone Reached (Early / Missed Entry),2024-04-02T14:02:55Z
704,ABNB,Inactive,2024-03-22T17:40:46.495Z,Short-Term (1-3 weeks),168.29,Long,None,164.77 - 161.47,172.88 - 175.88,< 160.16,Weekly analysis suggests that ABNB is late in a rising phase. Momentum remains positive. Low due 4/8 - 5/27. Daily analysis suggests that ABNB is early in a short-term rising phase. SlimRibbon and ReversalScout are positive. Please review video walkthrough for analysis.,ABNB is not showing the lift off the support as expected. Pulling it as it trades at top of favorable.,Pending / Inactive,2024-04-01T14:29:01Z
703,MELI,Inactive,2024-03-15T14:12:25.174Z,Short-Term (1-3 weeks),1556.48,Short,None,1567.55 - 1606.67,1483.64 - 1402.31,> 1634.52,Weekly analysis suggests that MELI is in a corrective period. Low due 4/29 - 6/17. Daily analysis suggests that MELI is in a short-term corrective period (and a left hand translation). Next low due 4/1 - 4/11. Video walkthrough provided.,Conditions for this idea have been satisfied. MELI traded into favorable and has now traded into the target zone.,Target Zone Reached,2024-03-19T15:36:25Z
702,TAN,Inactive,2024-03-14T18:37:47.825Z,Intermediate-Term (3-8 weeks),42.89,Short,None,44.04 - 45.64,40.15 - 39.29,> 46.78,Weekly analysis suggests that TAN is in a peaking phase. Momentum mildly positive and curling over. Next low due 5/6 - 6/17. Daily analysis suggests that TAN has formed a peak and is entering into a short-term corrective period. SlimRibbon is now neutral. We want to see it turn red in the coming daily. Trade Idea walk through is available.,TAN remains at base of favorable - lack of trend continuation here. Will remove it and monitor.,Pending / Inactive,2024-03-27T14:23:06Z
701,URA,Inactive,2024-03-12T17:59:11.778Z,Short-Term (1-3 weeks),28.13,Short,None,28.58 - 29.13,26.83 - 26.61,> 29.67,Weekly analysis indicates that URA is in a corrective period - momentum is still negative. Low due 3/4 - 4/15. Daily analysis suggests that URA is in a peaking phase. SlimRibbon is bearish -  ReversalScout is positive. Watching for rally attempts to fail. Video walkthrough provided.,Conditions satisfied for trade idea. Traded into favorable and now into target. We remain late in weekly corrective period. Will watch for rally attempts to establish another idea for a key low to form in late Mar early Apr.,Target Zone Reached,2024-03-14T14:37:24Z
700,AAPL,Inactive,2024-02-28T20:26:50.415Z,Short-Term (1-3 weeks),180.65,Short,None,181.64 - 182.94,177.62 - 173.94,> 185.04,Weekly analysis suggests that AAPL is in a corrective period. Daily analysis suggests that AAPL is in a corrective period. S-T low due 3/11 - 3/20. In this trade idea we are looking at the 4hr SlimRibbon and expecting attempts into the ribbon to fail. The favorable is a minor 38.2 to 61.8. Re-eval occurs on a daily close through the recent swing high. Targeting a minor Fib extension zone. Trade idea video walkthrough is available. Please note we have had now 6 tests of the 180 level - good odds there are stops below. We would therefore IF the stock can get below 180 and hold below we would expect to see some acceleration on the downside.,Conditions for this idea have been satisfied. AAPL trades into favorable zone and has now traded into target,Target Zone Reached,2024-03-01T16:07:26Z
699,XLP,Inactive,2024-02-22T21:41:36.338Z,Short-Term (1-3 weeks),74.55,Long,None,74.09 - 73.43,75.78 - 76.72,< 72.96,Weekly analysis suggests that XLP is in a rising phase momentum is positive. Daily analysis suggests that the XLP is in a short-term rising phase. The SlimRibbon and ReversalScout daily are positive. The favorable zone is a rising minor support zone (38.2 to 61.8). Re-evaluation occurs on a daily close below the 78.6. Targeting a short-term 78.6 - 100% Fib extension zone. Trade idea walkthrough is available. Updated rising minor supports 2/23.,"XLP remains above favorable however the established target looks too optimistic based on the recent price action. The daily 61.8 extension at 75.08 would be more reasonable. However, lowering the target to the 61.8 would compromise the risk/reward on the idea. Given this background we will inactivate the idea.",Pending / Inactive,2024-03-01T18:04:45Z
698,BLOK,Inactive,2024-02-22T18:57:38.797Z,Short-Term (1-3 weeks),31.68,Long,None,30.53 - 29.77,33.01 - 34.09,< 29.0,Weekly analysis suggests that BLOK is in a rising phase momentum is positive. Daily analysis suggests that BLOK is in a bottoming phase. Low due 2/21 - 2/29. We are testing a rising minor support zone. Favorable is a minor 38.2 to 50. Re-evaluation occurs on a move through the 61.8. Targeting prior daily cycle high and intermediate-term 61.8 fib extension. Trade idea video walkthrough is provided in the BLOK post below.,BLOK is now in the target zone.,Target Zone Reached (Early / Missed Entry),2024-02-27T15:13:13Z
697,AA,Inactive,2024-02-16T15:35:32.148Z,Short-Term (1-3 weeks),27.78,Short,None,27.78 - 28.47,24.53 - 22.67,> 29.15,Weekly analysis suggests that AA is late in an intermediate-term corrective period. Low is due 2/19 - 4/8. Daily analysis suggests that AA is in a left hand translation. Next daily low due early April. SlimRibbon and ReversalScout daily are negatively configured. Expecting it to fail between the 38.2 to 50% Fib retracement. Close over the 61.8 invalidates the idea. Targeting a 78.6 - 100% Fib extension zone (blue shaded box in the trade idea analysis). Walkthrough is available.,AA idea was up around 5.5% and is now bouncing back to the base of favorable. Removing it here. Keeping a tight leash on all ideas that are showing signs of faltering.,Pending / Inactive,2024-02-21T18:29:38Z
695,F,Inactive,2024-02-15T19:51:35.273Z,Short-Term (1-3 weeks),12.46,Long,None,12.21 - 11.95,13.08 - 13.69,< 11.68,Weekly analysis suggests that F is in a rising phase. Momentum is positive. Daily analysis suggests that F is in a rising phase. There is a minor low due right around now. Targeting a short-term 78.6 - 100% Fib extension zone. Favorable is the 38.2 to 50. Re-evaluation occurs on move through 61.8.,Removing F trade ideas as it holds just above favorable. There was no reaction as it tested the favorable.,Pending / Inactive,2024-02-21T15:46:13Z
694,XME,Inactive,2024-02-15T16:06:15.158Z,Short-Term (1-3 weeks),56.55,Short,None,57.13 - 58.02,53.42 - 51.94,> 58.91,Weekly analysis suggests that XME is in a corrective phase momentum is negative. Low due 2/26 - 4/22. Daily analysis suggests that XME is in a short-term corrective phase. SlimRibbon and ReversalScout are negative on the daily timeframe. Favorable is an intermediate-term 38.2 to 50 Fib retracement zone. Re-evaluation occurs on a move through the 61.8. Targeting a Fib extension zone on the downside. Video walkthrough is available.,We closed below favorable. However the low to high  day today is indicating it may need some time to set up. Removing it after hours 2/15,Pending / Inactive,2024-02-15T21:49:35Z
693,SIL,Inactive,2024-02-15T15:48:34.823Z,Short-Term (1-3 weeks),24.01,Short,None,24.3 - 24.69,22.58 - 22.4,> 25.08,Weekly analysis suggests that Silver is in a corrective period. Momentum is negative. Daily analysis suggests that Silver is in a short-term corrective period. SlimRibbon and ReversalScout are bearishly configured on the daily. S-T low due 2/26 - 3/6. Expected failure at short-term resistances and move to re-test weekly cycle low. Video will be posted shortly.,SIL conditions have been satisfied. SIL has now traded to within 17c of the target and are inside of the cycle timing window.,Target Zone Reached,2024-02-26T21:37:07Z
692,EWW,Inactive,2024-02-08T17:40:20.715Z,Short-Term (1-3 weeks),67.67,Long,None,67.0 - 65.48,"69.64 - 71.68, 71.68 - 73.66",< 64.39,Weekly analysis suggests that EWW remains in a rising phase. Momentum is negative. Daily analysis suggests that EWW is in a rising phase. SlimRibbon and Reversal Scout daily are positive. There are short-term supports below current levels. Favorable is the 38.2 to 61.8. Re-evaluation occurs on a close below the 78.6. Targeting the prior daily cycle high and an intermediate-term 50-61.8 Fib extension. Trade idea walkthrough is available.,Scratching EWW - up around 1.6% from the favorable zone. Risk coming into the US market and therefore more cautious on long ideas in general right now.,Pending / Inactive,2024-02-20T14:49:08Z
691,XLP,Inactive,2024-02-07T20:19:27.040Z,Short-Term (1-3 weeks),73.87,Long,None,73.38 - 72.68,74.48 - 75.46,< 72.19,Weekly analysis suggests that the XLP is in a rising phase. Momentum is positive. Daily analysis suggests that XLP is due to form a low. Low is due 2/6 - 2/15. SlimRibbon and ReversalScout are configured positively. Favorable is a minor 38.2 to 61.8. Re-eval occurs on a close below minor 78.6. Targeting a short-term 127.2 - 161.8% Fib extension. This analysis was covered in the Stock Sectors Sector ETFs video on 2/6. Update 2/16 - lowering the target based on where the daily low formed - targeting now prior daily cycle high 74.48 to the 127.2% Fib extension 75.46.,Conditions for this idea have been satisfied. XLP traded into the favorable and has now traded into the revised target zone.,Target Zone Reached,2024-02-20T15:46:05Z
690,/ZB,Inactive,2024-02-07T14:57:51.028Z,Short-Term (1-3 weeks),121.09,Short,None,122.15 - 123.09,119.09 - 117.26,> 124.14,"Weekly analysis suggests that /ZB is in a corrective phase. Momentum is negative. Low due 1/29 - 3/25. Daily analysis suggests that /ZB is in a short-term corrective phase. SlimRibbon is neutral, ReversalScout is mildly positive. Favorable is the 50-61.8 retracement zone. Re-evaluation occurs on a move back over the 78.6. Targeting a short-term 78.6 - 100% Fib extension zone. This analysis was discussed in detail in today's FutureSpeak show. I will attach it to the trade idea for your review.",ZB is in the target zone. This missed favorable zone by ~ 1 pt.,Target Zone Reached (Early / Missed Entry),2024-02-13T14:36:01Z
689,/SB,Inactive,2024-02-07T11:34:57.275Z,Short-Term (1-3 weeks),23.99,Long,None,22.87 - 22.33,25.04 - 26.4,< 21.78,Weekly rising phase in place in Sugar Futures. Daily cycle low due shortly and a clear bull flag forming. Watching for supports to hold (shown as the favorable) and a resumption higher. Comparable ETF is CANE for those who do not have access to ICE.,After rallying up to the 61.8 retracement - we saw a sharp failure and now trade through re-eval in the front month May contract.,Re-evaluation Level Hit,2024-02-29T18:12:12Z
688,SQ,Inactive,2024-02-01T01:48:34.494Z,Short-Term (1-3 weeks),65.4,Short,None,67.2 - 68.87,59.57 - 56.9,> 70.53,Weekly analysis suggests that SQ is in a peaking phase. Momentum is now negative. Daily analysis suggests that SQ is in a peaking phase as well. SlimRibbon is slightly negative - you want to see an expansion in the ribbons to the downside (think in parallel with one another) followed by a swift move below the current daily cycle low 62.07. Favorable is a minor 38.2 to 50. Re-eval occurs on a close over a minor 61.8. Targeting a weekly 50% Fib retracement and base of a short-term Fib extension target zone. Level 4 members can download the grid from the chart grid archive and chart templates section on dashboard. Reward to Risk is ~ 2:1 on this trade idea.,SQ is holding sideways and not showing a strong reaction lower - clearing the board and will monitor.,Pending / Inactive,2024-02-02T14:59:36Z
687,CCL,Inactive,2024-01-29T15:05:48.457Z,Short-Term (1-3 weeks),16.18,Short,None,16.75 - 17.38,15.09 - 14.35,> 17.83,Weekly analysis suggests that CCL is in a corrective period. Momentum as per the weekly ReversalScout is negative. Daily analysis suggests that CCL is in a left hand translation. SlimRibbon and ReversalScout daily are negatively configured. There are falling minor resistances just above current levels. The favorable is the minor 50-78.6. Re-evaluation would occur on a move through the prior daily cycle high. Targeting a short-term 78.6 - 100% Fib extension zone in blue. The next mid-cycle low on the daily is due around mid-February. Level 4/4+ members: Grid is available for download from the chart grid archive and chart templates section on your dashboard. Level 3 members: please scroll down to see the trade idea screenshot. Video walkthrough is also available.,Removing CCL as it tests the base of the favorable. The action right now is not supportive of a left hand translation on the daily.,Pending / Inactive,2024-01-30T15:29:17Z
686,TOL,Inactive,2024-01-25T18:43:48.458Z,Short-Term (1-3 weeks),96.98,Short,None,98.45 - 100.31,91.49 - 87.0,> 102.43,Weekly analysis suggests that TOL is in a rising phase. Momentum remains positive. The stock was stalling out at a 127.2% Fib extension level and appeared poised for a pullback. Daily analysis suggests that TOL has lost the daily cycle low support. The SlimRibbon has now neutralized and the ReversalScout is negatively configured. There are minor resistances above current levels serving as the favorable zone. Re-eval occurs on a move through the short-term 78.6. Targeting the weekly 38.2 to 50% Fib retracement zone on the downside. Next daily low due 2/13 - 2/29. We have a number of stocks due to form lows around this same time period. Video walkthrough provided in the trade idea post.,TOL back below favorable this AM. Low odds at this point of hitting the target pre earnings.,Pending / Inactive,2024-02-02T14:36:29Z
685,PAVE,Inactive,2024-01-19T15:07:36.988Z,Short-Term (1-3 weeks),33.5,Long,None,33.39 - 32.92,34.93 - 35.05,< 32.45,Weekly analysis suggests that PAVE is in a rising phase. Momentum is positive. Minor low due around early January. Daily analysis indicates low due 1/17 - 1/29. SlimRibbon is neutral and ReversalScout is negative on the daily timeframe. Both of these need to turn positive to suggest a rising phase is underway. Favorable is drawn from the minor low on 11/28 to recent swing high. Re-evaluation is the 61.8. Targeting a move through daily cycle highs and to test a 50% Fib extension. Trade Idea walkthrough is available in the PAVE trade idea post.,Conditions for this idea have been satisfied. PAVE tested the favorable and has now traded to within 10c of the original target zone.,Target Zone Reached,2024-01-30T15:27:17Z
684,EWW,Inactive,2024-01-12T19:23:14.808Z,Intermediate-Term (3-8 weeks),66.43,Long,None,66.43 - 65.65,"68.71 - 69.72, 71.43 - 73.66",< 65.02,Weekly analysis suggests that EWW (iShares Mexico) - dominant weekly cycle is rising. Minor cycle low is due to form. The pattern structure is a bull flag. Daily analysis suggests that EWW was due to form a low and is attempting to turn up. SlimRibbon is neutral and ReversalScout daily is negative - both of these need to turn up to confirm low. S-T target is a 78.6 and prior cycle high. I-T target is a 50-61.8 Extension zone. If it closes below what is the expected daily cycle low - the long idea would be removed. Video reviews the analysis in detail.,EWW weekly flag failed for now. Daily low remains due to form.,Re-evaluation Level Hit,2024-01-16T20:38:30Z
683,OXY,Inactive,2024-01-11T20:08:57.167Z,Intermediate-Term (3-8 weeks),57.17,Short,None,58.29 - 59.35,56.02 - 54.63,> 60.09,Weekly analysis suggests that OXY may be forming an early cycle high. Momentum has now turned down. Next low due 4/22 - 6/3. Daily analysis suggests that OXY is in a short-term corrective period. SlimRibbon and ReversalScout are negative. There are falling minor resistances just above current levels. Targeting a 50-61.8 Fib extension zone on the downside. Next daily low due 2/2 - 2/14. Video walkthrough is posted to the site.,Conditions for this idea have been satisfied. OXY traded into the favorable and is now in the target.,Target Zone Reached,2024-01-17T14:31:50Z
682,AMZN,Inactive,2024-01-11T15:27:02.502Z,Short-Term (1-3 weeks),154.62,Long,None,152.16 - 150.61,156.87 - 160.36,< 149.06,"Weekly analysis suggests that AMZN is in a rising phase. Momentum remains positive. Daily analysis suggests that AMZN is in a short-term rising phase. Cycle structures are positive on both the weekly and daily timeframe. Rising minor supports serving as favorable zone. Re-eval is the 78.6. Targeting 127.2 - 161.8 Fib extension zone. Please review trade idea video for walkthrough. Update 1/18 - revised favorable, re-eval and targets based on recent price action.",Conditions for this idea have been satisfied. AMZN traded into favorable and has now traded into initial target zone.,Target Zone Reached,2024-01-22T14:31:34Z
681,LPX,Inactive,2024-01-09T14:29:32.368Z,Short-Term (1-3 weeks),69.91,Long,None,67.68 - 66.22,72.43 - 73.5,< 64.75,Weekly analysis suggests that LPX is in a rising phase (momentum is positive). Daily analysis suggests that LPX was due to form a low around early January. SlimRibbon is mildly positive and ReversalScout is negative (needs to turn up). Favorable is a short-term 38.2 to 50 retracement zone. Re-eval on a close below daily 61.8 Targeting prior cycle highs and short-term 61.8 extension level. Trade Idea walkthrough video is available. Level 4 members can download grid from  chart grid archive and chart templates section on dashboard.,LPX is testing the top of the favorable. The action has been lackluster in the short-term. We will watch to see if it can regain momentum.,Pending / Inactive,2024-01-17T14:35:24Z
680,AMD,Inactive,2024-01-08T17:54:14.366Z,Short-Term (1-3 weeks),145.8,Long,None,144.04 - 140.05,155.17 - 160.99,< 137.22,Weekly analysis suggests that AMD remains in a weekly rising phase. Momentum is positive. Daily analysis suggests that AMD was due to form a short-term low. The stock is turning up with NVDA and showing relative strength in the group. SlimRibbon and ReversalScout are positive. Favorable zone coincides with the rising daily SlimRibbon. Re-evaluation would occur on a daily close below the recent swing low. Targeting a short-term 61.8 - 78.6 fib extension zone. Level 4 members can download the grid from the chart grid archive and chart templates section on dashboard. Video walk through provided. Updated levels on 1/10 (Rising minor supports).,Conditions for this idea have been satisfied. AMD traded into favorable and is now in target,Target Zone Reached,2024-01-16T17:51:06Z
679,ROKU,Inactive,2024-01-04T17:22:00.043Z,Intermediate-Term (3-8 weeks),89.21,Short,None,94.55 - 97.28,81.93 - 75.58,> 100.0,Weekly analysis suggests that ROKU has entered into a corrective period. Weekly momentum is now negative. Next low due 2/19 - 4/1. Daily analysis suggests that ROKU is in a corrective period. SlimRibbon and ReversalScout daily are negatively configured. The next low is due 1/26 - 2/7. Favorable is a short-term 38.2 to 50. Re-eval is on a close over the daily 61.8. Targeting weekly 50-61.8% fib retracement zone. Please review the trade idea video for a walkthrough of the analysis.,ROKU is just below base of favorable. However we saw no response to the favorable zone and this suggests the market may want to test higher. Once this swing ends we will look again.,Pending / Inactive,2024-01-08T18:50:28Z
678,ORCL,Inactive,2023-12-21T19:57:34.217Z,Intermediate-Term (3-8 weeks),105.03,Short,None,106.29 - 108.47,99.87 - 96.02,> 110.64,Weekly analysis suggests that ORCL is forming an early intermediate-term high. Weekly momentum is now negative. Daily analysis suggests that ORCL is forming a bear flag. SlimRibbon and Reversal Scout are negative. Next short-term low due 1/5 - 1/18. Targeting the prior daily cycle low and short-term 61.8 Fib extension. Favorable zone is the short-term 38.2 to 50. Re-evaluation is the 61.8. Please review the video to see a walk through of the analysis.,ORCL was up as much as around 4% this AM vs favorable but has not hit the initial target zone. I have been cautioning on this for the past few days on the inability of the stock to move through the weekly 78.6. We remain well below favorable however price action is no longer supportive for the idea.,Pending / Inactive,2024-01-08T17:58:56Z
677,LIN,Inactive,2023-12-13T15:31:13.480Z,Intermediate-Term (3-8 weeks),410.0,Short,None,415.95 - 422.92,397.62 - 388.98,> 427.89,Weekly analysis suggests that LIN is in the peaking phase. Weekly low due 12/18 - 2/19. Daily analysis suggests a S-T peak is likely now forming as well. Daily low due 1/8 - 1/19. We are looking for a minor uptick to set up a favorable short side idea. Targeting the short-term 50-61.8.,With holiday trade in full force - we see LIN chopping sideways. We will inactivate and watch for a new setup after the new year.,Pending / Inactive,2023-12-29T18:51:07Z
676,XLC,Inactive,2023-12-11T01:59:40.677Z,Short-Term (1-3 weeks),70.48,Long,None,69.81 - 68.77,71.82 - 72.84,< 68.51,Weekly analysis suggests that XLC is in a rising phase (momentum is positive). We note that both GOOG/GOOGL and META (the two largest holdings by far in the XLC) - have just formed key daily lows. This is therefore supportive for the XLC and favors upside continuation. Favorable is a minor 38.2 to 61.8 drawn from the higher low on 11/6 to the high on 11/22. Re-evaluation is the cycle low on the daily timeframe. Targeting a short-term 38.2 to 50% Fib extension zone. I will review the XLC on Tuesday in Stock Sectors - please refer to that clip and reach out if you have questions.,Conditions for this idea have been satisfied. XLC traded into favorable and has now traded into our initial target zone.,Target Zone Reached,2023-12-18T15:21:33Z
675,CCJ,Inactive,2023-12-08T15:09:21.341Z,Short-Term (1-3 weeks),44.87,Long,None,44.04 - 43.21,46.76 - 47.58,< 42.37,Weekly analysis suggests that CCJ remains in a rising phase. Momentum is positive. Daily analysis suggests that CCJ is in a minor corrective period. SlimRibbon is close to turning neutral. Cycle structure remains positive and suggestive of a re-test of the recent swing high on 12/1. Favorable is a short-term 38.2 to 50. Re-evaluation occurs on a daily close below the 61.8. Targeting the prior daily cycle high and the top of a short-term Fib extension zone. Please review the trade idea video for a walkthrough of the analysis. Level 4 members: download the grid from the Chart Grid Archive and Chart Templates section on your dashboard.,conditions for this idea have been satisfied. CCJ tested the favorable zone (traded to within 7c) and then tested the target.,Target Zone Reached,2023-12-15T16:09:43Z
674,NUE,Inactive,2023-12-06T15:57:19.862Z,Short-Term (1-3 weeks),164.86,Long,None,160.0 - 156.22,172.81 - 174.92,< 152.46,Weekly analysis suggests that NUE is in a rising phase. Momentum is positive. Weekly low was due 10/2 - 11/20. Daily analysis suggests that NUE is in a short-term corrective period. Cycle structure is a right hand translation (rally for most of cycle and then brief pullback). Highest probability is for a re-test of 12/1 cycle high in the next rising phase. The favorable a short term 38.2-50. Re-evaluation occurs on a close below the 61.8. Targeting prior daily cycle highs from 12/1 and 9/1. Daily low is due 12/8 - 12/20.,"Conditions for idea have been satisfied. NUE traded into favorable and has now traded into the target. Please note this is not a ""sell signal"" - we are only inactivating this for tracking purposes.",Target Zone Reached,2023-12-15T16:10:32Z
673,CTVA,Inactive,2023-12-06T15:08:22.828Z,Short-Term (1-3 weeks),44.47,Short,None,44.85 - 45.49,43.22 - 42.57,> 46.41,Weekly analysis suggests that CTVA is in the late stages of a corrective period. There is a low due 11/20 - 1/8. Weekly momentum remains negative. Daily analysis suggests that CTVA is in a short-term corrective period. Next daily low due 12/19 - 1/2. SlimRibbon and Reversal Scout daily are negatively configured. There are falling minor resistances just above current levels that are serving as our favorable zone. Re-evaluation would occur on a close over the short-term 61.8. Targeting move to the prior daily cycle low and short-term 61.8 Extension. Please review the trade idea video for a walk through of the analysis.,CTVA has not traded to re-evaluation level however it is not showing the rejection of resistance as we had expected.,Pending / Inactive,2023-12-13T20:08:01Z
672,LVS,Inactive,2023-11-30T16:03:49.757Z,Short-Term (1-3 weeks),46.31,Short,None,47.09 - 47.74,45.2 - 43.77,> 48.38,Weekly analysis suggests that LVS is in a corrective period. Weekly momentum is positive.. Next low due 12/18 - 2/12. Daily analysis suggests that LVS is in a corrective period. We have lost the prior daily cycle low and highest odds suggest we are in a left hand translation (read this as a bearish cycle). Next daily low due 12/22 - 1/3. SlimRibbon is now negative. Reversal Scout daily is now negative. Favorable is the short-term 38.2 to 50 retracement. Re-eval on a close over the daily 61.8. Targeting the 78.6 and the prior daily cycle low. Video will walk through analysis in detail.,Conditions for this idea have been satisfied. LVS tested the favorable entry and is now in the first target zone. Overall target remains 43.77. For the purposes of the trade idea tracker - we will inactivate the idea. This is not an exit signal - that is for you to determine based on your style.,Target Zone Reached,2023-12-05T15:11:29Z
671,XBI,Inactive,2023-11-28T15:08:08.914Z,Short-Term (1-3 weeks),72.67,Long,None,70.89 - 69.76,74.68 - 75.52,< 68.63,Weekly analysis suggests that XBI is in a rising phase. Momentum is now positive. Cycle configuration remains negative (and suggestive of only a test of weekly resistances). Daily analysis suggests that XBI is in a short-term peaking phase and due for a modest dip. There are rising minor supports just below current levels. Targeting the prior daily cycle high and the minor 127.2% fib extension. Please review the XBI video for a walkthrough of the analysis.,XBI is in the target of the original idea. (only got to within 2% of favorable). Stock appears to be extending the existing short-term rising phase. We will watch this for a pullback and another long idea.,Target Zone Reached (Early / Missed Entry),2023-11-30T16:38:54Z
670,TSLA,Inactive,2023-11-27T19:51:03.500Z,Short-Term (1-3 weeks),236.0,Long,None,231.35 - 226.45,246.54 - 260.81,< 221.55,Weekly analysis suggests that TSLA is in a rising phase on the minor weekly cycle. Dominant remains in a corrective period. Daily analysis suggests that TSLA is forming a triangle into the minor daily low. The minor low is due around now. SlimRibbon and Reversal Scout remain positive.  Favorable is the short-term 38.2 to 50. Re-evaluation would occur on a close below the short-term 61.8. Targeting the int 61.8 and 78.6 retracements on the upside. Video is provided below.,TSLA broke out of triangle to the upside (this was the alternate scenario discussed in the video). Cybertruck release on Thursday likely an upcoming binary event for the stock.,Target Zone Reached (Early / Missed Entry),2023-11-29T15:42:19Z
669,FLR,Inactive,2023-11-22T15:21:49.546Z,Short-Term (1-3 weeks),37.2,Long,None,36.88 - 36.35,38.88 - 40.18,< 35.81,Weekly analysis suggests that FLR is in a rising phase. Momentum is now positive on the intermediate-term. Daily analysis suggests that FLR is in a short-term rising phase and forming a bull flag. The stock is testing a minor support zone drawn from the higher low on 11/8 to the recent swing highs. Favorable is the 38.2 to 50. Re-evaluation occurs on a daily close below the minor 61.8. Targeting a minor 78.6 - 100% Fib extension zone on the upside. Trade idea walk through posted below. Level 4 members can download the grid from the chart grid archive and chart template section on the dashboard.,FLR is in target,Target Zone Reached (Early / Missed Entry),2023-12-01T16:55:44Z
668,YUM,Inactive,2023-11-14T07:58:48.425Z,Short-Term (1-3 weeks),125.31,Long,None,123.58 - 121.55,128.87 - 132.35,< 120.11,Weekly analysis suggests that YUM is early in a rising phase. Momentum is now positive. Cycle structure is negative. Daily analysis suggests that YUM is forming a short-term basing cycle. SlimRibbon is now positively configured and it is important for it to remain so. Favorable is the minor 38.2 to 61.8. Re-eval is the 78.6. Targeting the short-term 78.6 and prior cycle high. Please review the video associated with this idea.,YUM is in target zone,Target Zone Reached (Early / Missed Entry),2023-11-22T15:50:20Z
667,XHB,Inactive,2023-11-07T05:36:02.642Z,Short-Term (1-3 weeks),76.44,Long,None,74.86 - 73.81,78.71 - 81.26,< 72.75,Weekly cycle analysis suggests that XHB was due to form a weekly low. Low was due 10/9 - 11/27. Momentum remains negative. Daily analysis suggests that XHB is in a short-term rising phase. SlimRibbon 2hr is positive (this is why it is called a momentum continuation trade idea). There are rising short-term supports below current levels. Favorable is the 38.2 to 50. Re-eval is the 61.8. Targeting short-term 61.8 and 78.6 on the upside. Level 4 members - download the grid from the chart grid archive and chart templates section on the dashboard.,XHB got within 1% of favorable and is now well through the upside target.,Target Zone Reached (Early / Missed Entry),2023-11-15T10:33:54Z
666,INDA,Inactive,2023-11-03T15:43:49.876Z,Intermediate-Term (3-8 weeks),44.11,Long,None,43.96 - 43.61,45.46 - 45.67,< 43.1,Weekly analysis suggests that INDA has a weekly low due. Low is due 09/25 - 11/13. Daily analysis suggests a late low has likely formed. Favorable is the short-term 50-61.8 retracement. Re-evaluation is the 78.6. Targeting the prior daily cycle high and short-term 100% Fib extension.,INDA traded to within 0.17% of the favorable and has since surged to the target. Please note this is just the initial target - we remain early in an intermediate-term rising phase.,Target Zone Reached (Early / Missed Entry),2023-11-28T19:01:43Z
665,GDX,Inactive,2023-10-27T13:01:51.385Z,Short-Term (1-3 weeks),28.52,Long,None,28.43 - 27.89,"29.73 - 30.13, 30.13 - 30.93",< 27.35,Weekly analysis suggests that GDX is in a bottoming phase. Weekly momentum is now positive. Daily analysis suggests that GDX is due to form a minor cycle low (low due end of Oct). SlimRibbon and reversal scout are positively configured. Testing a short-term support zone. Favorable is 38.2 to 50. Re-eval is the 61.8. Targeting a minor 61.8 Ext and prior daily cycle high. If it moves through that zone we have a weekly 50% Fib retrace as next target.,Conditions for this idea have been satisfied. GDX traded into favorable and has now traded into target,Target Zone Reached,2023-11-03T21:58:08Z
664,UNH,Inactive,2023-10-25T15:01:18.085Z,Short-Term (1-3 weeks),527.43,Long,None,518.26 - 509.45,540.8 - 546.78,< 500.64,Weekly analysis suggests that UNH is in a rising phase on the dominant cycle. There is an out of phase minor cycle low due around now. Momentum remains positive. Daily analysis suggests that the stock is in a minor corrective phase. Short-term low due 10/31 - 11/13. Expecting one more pullback to form the daily low. Favorable is the short-term 38.2 to 50. Re-eval on a close below the 61.8. Targeting the short-term 100% Fib extension and prior daily cycle high.,UNH got within 0.3% of favorable and has now traded into target.,Target Zone Reached (Early / Missed Entry),2023-11-11T03:41:28Z
663,SPGI,Inactive,2023-10-19T13:15:40.059Z,Short-Term (1-3 weeks),359.9,Short,None,362.52 - 367.17,351.08 - 344.15,> 371.65,Weekly analysis suggests that SPGI is in an intermediate-term corrective period. Momentum firmly negative on the intermediate-term. Low due 11/6 - 12/18. Daily analysis suggests that SPGI is late in a short-term corrective period. SlimRibbon is negative and Reversal Scout is positive and poised to turn lower. Important to see the daily Reversal Scout turn negative to confirm the next wave lower. S-T low due 10/25 - 11/3. Targeting an intermediate-term 100% Fib extension and a 78.6 Fib retracement on the downside. Favorable is a minor 38.2 to 61.8 drawn from the high of day from 9/29 to the recent swing low on 10.3. Only looking for minor upticks and swift failures here. A move through the 10/17 high would invalidate this idea. Video walk through is available in the Trade Idea post for SPGI.,SPGI traded to within 0.14% of the favorable and has now traded into the target.,Target Zone Reached (Early / Missed Entry),2023-10-20T16:08:06Z
662,XHB,Inactive,2023-10-16T15:32:10.555Z,Short-Term (1-3 weeks),75.28,Short,None,75.81 - 77.39,72.62 - 70.72,> 78.52,Weekly analysis suggests that XHB is in a corrective period. Weekly momentum is negative. Next low due 12/11 - 1/29. Daily analysis suggests that XHB is in a short-term corrective period. SlimRibbon is negative and ReversalScout is positive. This condition of our daily momentum indicators indicates we are likely seeing bear flag forming. Favorable is a minor 38.2 to 61.8. Re-eval is on a close over the 78.6. Targeting a short-term 161.8% Fib extension and a minor 61.8% Fib extension on the downside. Next daily low due 10/25 - 11/8. Video walk through is available for this idea. Level 4 members - please download the grid from the chart grid archive and chart templates section on dashboard.,Conditions for this idea have been satisfied. XHB traded into favorable and sold off swiftly into the target.,Target Zone Reached,2023-10-19T13:32:59Z
661,XBI,Inactive,2023-10-13T17:27:43.227Z,Short-Term (1-3 weeks),69.24,Short,None,70.77 - 72.3,66.86 - 65.42,> 73.38,Weekly analysis suggests that XBI is in a corrective period. Weekly low is due 12/25 - 2/12. Daily analysis suggests that XBI is in a corrective period. SlimRibbon + ReversalScout are negative. There are falling minor resistances just above current levels. Favorable is a minor 38.2 to 61.8. Re-evaluation is the 78.6. Targeting short-term 50-61.8% fib extension zone on the downside. Daily low is due 10/27 - 11/9. Please refer to the XBI trade idea post for the video walkthrough.,Conditions for this idea have been satisfied. XBI traded into favorable and has now traded into target. We will remain focused on the short side on any bounce over the next few days.,Target Zone Reached,2023-10-19T15:07:58Z
660,COP,Inactive,2023-10-12T13:32:19.091Z,Short-Term (1-3 weeks),120.04,Long,None,118.77 - 116.63,125.39 - 126.36,< 115.1,Weekly analysis suggests that COP was due to form a weekly low. Low due 8/21 - 10/16. Daily analysis suggests that COP is in a rising phase. SlimRibbon is neutral and Reversal Scout is turning positive. There are rising minor supports drawn from the higher low on 10/6 to the high on 10/10. We would expect to see only minor pullbacks in COP be bought. Targeting move to the prior weekly & daily cycle high and the short-term 100% Fib extension. A move through the minor 78.6 would render the idea no longer valid.,COP is in the target zone.,Target Zone Reached (Early / Missed Entry),2023-10-13T17:00:19Z
659,ELF,Inactive,2023-10-10T14:15:41.959Z,Short-Term (1-3 weeks),100.0,Short,None,102.67 - 104.85,95.79 - 89.76,> 107.03,Weekly analysis suggests that ELF is late in a corrective period. Momentum remains negative. Low due 10/2 - 11/20. Daily analysis suggests that ELF is in a corrective period. Momentum (ReversalScout + SlimRibbon) is negatively configured. Next daily low due 10/17 - 10/25. Favorable is the minor 38.2 to 50 (drawn from the cycle high on 9/29 to the swing low on 10.5. Re-evaluation is the minor 61.8. Targeting move to the weekly 78.6 and short-term 61.8 Fib ext. Please review the trade idea video walkthrough. Level 4 members can download the grid from the chart grid archive and chart templates section on dashboard.,Removing ELF idea  - the rally into resistances was stronger than expected. It is now back at base of favorable. Inactivating at 102.97 @ 10:44 AM ET.,Pending / Inactive,2023-10-12T14:44:07Z
658,GOOGL,Inactive,2023-10-06T16:47:30.234Z,Short-Term (1-3 weeks),137.41,Long,None,134.78 - 133.1,140.0 - 143.47,< 131.15,Weekly analysis suggests that GOOGL likely formed a slightly early weekly low. Momentum remained positive through the 1 week pullback. Swamped cycle formation (all bullish). Daily analysis suggests that GOOGL is in a short-term rising phase. SlimRibbon and Reversal Scout are now positive. There are rising minor supports just above current levels. Targeting move to the 100-127.2 Ext zone. Re-eval is on a close below the short-term 61.8. Favorable is the RISING minor 38.2 to 61.8 drawn from the higher low on 9/29 to the intraday high on 10/6.,GOOGL only traded to within 0.5% of favorable and is now in target.,Target Zone Reached (Early / Missed Entry),2023-10-11T13:38:55Z
657,KLAC,Inactive,2023-10-06T15:19:04.301Z,Short-Term (1-3 weeks),462.0,Long,None,458.12 - 451.26,470.73 - 480.17,< 446.37,"Weekly analysis suggests that KLA is due to form a low. Low due 8/28 - 10/16. Momentum is negative. Daily analysis suggests that KLA is in a bottoming phase. SlimRibbon is slightly negative. ReversalScout is positive. There is a ""W-bottom"" forming on the daily. Favorable is minor 38.2 to 61.8. Re-eval is 78.6. Targeting 38.2 to 50% Fib retrace. Please review the trade idea video walkthrough. Level 4 members - download grid from chart grid archive and chart templates section on dashboard.",KLAC got within 0.16% of the favorable and is now in the target. Please note if you watched the video it did in fact test the RISING support zone.,Target Zone Reached (Early / Missed Entry),2023-10-10T13:53:47Z
656,ELF,Inactive,2023-09-29T20:27:27.809Z,Short-Term (1-3 weeks),109.83,Short,None,114.9 - 119.35,100.5 - 95.79,> 123.8,"Weekly analysis suggests ELF is late in a corrective period. Momentum is negative. Low is due 10/2 - 11/20. Daily analysis suggests that ELF is forming a bear flag. Momentum (SlimRibbon + Reversal Scout) are bearishly configured. Cycle structure on the daily is also negative. Sum of the evidence favors at leasta retest of the 9/21 daily cycle low into the next timing. Next short-term low is due 10/17 - 10/24. The stock is failing at the falling daily SlimRibbon. Favorable is a minor 38.2 to 50% retracement zone. A close over the 61.8 would render the idea no longer valid. Targeting move to re-test the prior daily cycle low and if it moves through that level, we have a weekly 78.6 around $96. Level 4 members can download the chart from the Chart Grid Archive and Chart Templates section on your dashboard. Level 3 members - scroll down on the trade ideas page to see the e.l.f Beauty post. Please note this is a very volatile stock.",ELF is in target,Target Zone Reached (Early / Missed Entry),2023-10-03T16:02:44Z
655,AMD,Inactive,2023-09-29T00:52:01.796Z,Short-Term (1-3 weeks),102.76,Long,None,100.48 - 98.18,105.19 - 108.1,< 94.46,"Weekly low in AMD is due 9/25 - 11/6. Momentum remains negative and needs to turn up to confirm rising phase is underway. Daily analysis suggests that AMD has likely formed a key short-term low. The ReversalScout is now positive on the 2hr and the SlimRibbon is now neutral. This idea is testing the thesis that a daily low is in place. If so, given the strong day today (9/28) - you would expect to see a test down into today's range to be bought. Favorable is the minor 38.2 to 61.8. Re-evaluation on a close below cycle low support. Targeting move to the daily 78.6 and prior cycle high. Lowered target on 10/4 to 61.8 and 78.6.",AMD is in the revised target zone - please note this is showing very good relative strength vs market and the 78.6 remains the next target.. Only inactivating for tracking purposes!,Target Zone Reached,2023-10-06T14:42:03Z
654,MTCH,Inactive,2023-09-25T19:38:30.305Z,Short-Term (1-3 weeks),41.26,Short,None,42.29 - 43.27,39.99 - 39.27,> 43.98,Weekly analysis suggests that MTCH is in a corrective period. Momentum is negative. Next low due 10/23 - 12/4. Daily analysis suggests that MTCH is in a corrective period. SlimRibbon and Reversal Scout are negatively configured. There are falling minor resistances just above current levels. Favorable is a minor 38.2 to 61.8. Re-eval is on a close over the minor 78.6. Targeting move to the weekly 50 and short-term 127.2 Fib extension. Level 4 members please download from the chart grid archive and chart templates section on your dashboard. NOTE: I created a video walk through for this trade idea - please scroll down on the trade ideas page and click on the MTCH trade idea post to see the analysis/video.,MTCH is in target. Stock only got to within 50c of favorable. It failed at the 2hr ribbon.,Target Zone Reached (Early / Missed Entry),2023-09-27T19:23:35Z
653,ETN,Inactive,2023-09-22T15:05:58.927Z,Short-Term (1-3 weeks),212.43,Short,None,215.66 - 219.76,213.19 - 205.79,> 222.68,Weekly cycle analysis suggests that ETN is in a corrective phase. Weekly momentum is now negative. The wide range reversal to the downside on the weekly after a strong upside move is a strong indication of a cycle peak. The next weekly low is due 12/4 - 1/22. Daily analysis  suggests that ETN is in a corrective phase. SlimRibbon daily and Reversal Scout daily are negatively configured. The next daily low is due 10/2 - 10/12. Favorable is a minor resistance zone (38.2 to 61.8) drawn from the lower high on 9/13. Re-evaluation is on a close over the minor 78.6. Targeting move to the 78.6 and prior daily cycle low. Note there is a minor weekly low due around mid October - this timing lines up with the daily as well. Level 4 members can download the grid from the Chart Grid Archive and Chart Templates section.,ETN remains below favorable. The XLI is due to form a ST low around now. Given markets extended condition will re-visit ETN. Pulling it for now,Pending / Inactive,2023-09-27T19:22:33Z
652,HOG,Inactive,2023-09-20T19:04:19.349Z,Intermediate-Term (3-8 weeks),33.15,Short,None,33.33 - 34.29,31.18 - 30.91,> 34.97,"Weekly analysis suggests that HOG is in a corrective period. Weekly low due 10/23 - 12/4. Daily analysis suggests that HOG is in a corrective period. SlimRibbon is negatively configured. The resistances are drawn from a lower high on 8/9 to the recent swing low on 9/11. Why did we use this anchor point? While we have tested below the key daily cycle low at 32.33 - we have yet to see a CLOSE below that level. Therefore, we are in a neutral condition in the S-T. If we see a close below 32.33 then the condition will get more negative. Targeting a move to the short-term 50% Fib extension and the key weekly cycle low. Next daily low is due 10/25 - 11/7.",Conditions for this idea have been satisfied. HOG traded into favorable and has since rotated lower into the target zone.,Target Zone Reached,2023-10-04T15:41:14Z
651,MDY,Inactive,2023-09-20T18:35:10.582Z,Short-Term (1-3 weeks),469.36,Short,None,474.36 - 480.04,"462.19 - 454.83, 454.69 - 445.3",> 484.08,Weekly analysis suggests that MDY is in a corrective period. Weekly momentum is negative. Daily analysis suggests that MDY is in a corrective period. SlimRibbon is negatively configured. There are FALLING short-term resistances just above current levels. Favorable is the short-term 38.2 to 61.8. Re-evaluation is the 78.6. Targeting move to the short-term Fib extension zone (78.6 - 100% fib extension). Next S-T minor cycle low is due around 10/18. We are expecting to see a bear flag form over next few days. Level 4 members - please download the TOS annotated grid from the Chart Grid Archive and Chart Templates section. Added intermediate-term target on 9/21.,MDY traded to within 1% of the favorable and is now testing the intermediate-term targets. We will look to add another idea on a minor bounce. Overall short-term and intermediate-term conditions remain bearish.,Target Zone Reached (Early / Missed Entry),2023-09-25T15:46:31Z
650,EWZ,Inactive,2023-09-18T15:14:08.716Z,Short-Term (1-3 weeks),32.53,Long,None,31.99 - 31.59,33.3 - 34.18,< 31.31,Weekly cycle analysis suggests that EWZ is in a rising phase. Momentum is positive. There is a bullish base forming. To confirm EWZ needs to trade through the cycle high at 34.18. The daily analysis suggests that EWZ is in a rising phase. SlimRibbon and Reversal Scout are positively configured. There are rising minor supports (drawn versus the higher low on 9/11) that are serving as the favorable and re-evaluation. Favorable is a minor 38.2 to 61.8. Targeting move to the weekly 78.6 and prior weekly cycle high. Re-evaluation would be on a close below the minor 78.6. Level 4 - please download the grid from the chart grid archive and chart templates section on your dashboard.,Please note EWZ has a minor cycle low due around 9/25. It has not set up and has already moved through the re-evaluation. We are removing the idea.,Re-evaluation Level Hit,2023-09-21T20:26:07Z
649,XHB,Inactive,2023-09-18T14:46:23.569Z,Short-Term (1-3 weeks),79.13,Short,None,80.5 - 82.03,77.16 - 75.16,> 83.12,Weekly analysis suggests that XHB is in a corrective period. Weekly momentum is negative. Daily analysis suggests that XHB is in a corrective phase. Favorable is the short-term 38.2 to 61.8. Re-evaluation is the 78.6. Targeting short-term 100-127.2% Fib extension. Next daily low is due 10/25 - 11/8. Daily momentum indicators (Reversal Scout + SlimRibbon) are negatively configured. Level 4 members - please download the grid from the chart grid archive and chart templates section on your dashboard. Lowered favorable and re-eval on 9/20,XHB only traded to within 48c of favorable and is now in target.,Target Zone Reached (Early / Missed Entry),2023-09-21T13:36:06Z
648,BBY,Inactive,2023-09-12T13:24:17.537Z,Intermediate-Term (3-8 weeks),72.65,Short,None,74.69 - 76.29,70.76 - 68.43,> 77.42,Weekly analysis suggests that BBY is in a corrective period. Weekly momentum (Reversal Scout) is negative. Weekly low due 10/9 - 12/4. Daily analysis suggests that BBY is in a corrective period. Daily Momentum (SlimRibbon + Reversal Scout) are negative. Next low due mid-to-late Oct. There are falling minor resistances just above current levels. Favorable is the minor 38.2 to 61.8. Re-eval is the 78.6. Targeting move to the short-term 61.8% Fib extension and the prior weekly cycle low.,BBY only got within 60c of favorable and is now in the target. The stock remains in a bearish condition on the intermediate-term and short-term.,Target Zone Reached (Early / Missed Entry),2023-09-18T14:29:27Z
647,EWW,Inactive,2023-09-12T13:07:17.436Z,Intermediate-Term (3-8 weeks),60.22,Short,None,61.12 - 62.41,58.63 - 57.81,> 63.32,Weekly analysis suggests that EWW is in a corrective phase. Momentum (Reversal Scout) is negative. Next low due 10/2 - 11/13. Daily analysis suggests that EWW is in a corrective phase. Momentum (Reversal Scout + SlimRibbon) is negative. Next daily low due late Oct. Favorable is the minor 38.2 to 61.8. Re-eval is the minor 78.6. Targeting the weekly 61.8 and a minor 127.2% Fib extension.,Conditions for this idea have been satisfied. EWW traded into favorable and has since moved into target.,Target Zone Reached,2023-09-26T13:57:24Z
646,BOTZ,Inactive,2023-09-08T13:19:14.192Z,Intermediate-Term (3-8 weeks),25.67,Short,None,25.91 - 26.34,25.1 - 24.47,> 26.65,Weekly analysis suggests that BOTZ is in a corrective period with negative momentum. Intermediate-term low due 9/25 - 11/13. Daily analysis suggests that BOTZ is in a peaking phase of the daily cycle. The Slim Ribbon has just turned negative and Reversal Scout daily remains positive. We want to see the Reversal Scout daily turn negative on the daily timeframe. There is a mid-cycle low on the daily due around now. Expectation is for a small uptick into the minor resistances to fail and turn back to the downside into the next daily timing. The next low is due 10/11 - 10/23. Given that the daily cycle structure is negative (lower cycle highs and lower lows) - we are targeting a move to re-test the prior daily cycle low. L4 members: please download the grid from the Chart Grid Archive and Chart Templates section on your dashboard. L3 members: scroll down on the trade ideas page to see the screenshot of the analysis. Update 9/15 lowered favorable and re-eval. Updated 9/20 lowered favorable and re-eval.,BOTZ is in target zone.,Target Zone Reached (Early / Missed Entry),2023-09-21T13:37:35Z
645,CIBR,Inactive,2023-09-07T18:32:58.242Z,Short-Term (1-3 weeks),46.98,Long,None,46.5 - 45.83,48.17 - 49.1,< 45.35,Weekly analysis suggests that CIBR is in a rising phase. Weekly momentum is positive. The next low is due 10/16 - 12/4. Daily analysis suggests that CIBR is in a short-term rising phase. The SlimRibbon and Reversal Scout are positively configured. There are rising minor supports just below current levels. The retracement is drawn from the higher low on 8/25 to the recent high from 9/1. Favorable is the minor 38.2 to 61.8. Re-evaluation is the 78.6. Targeting move to the short-term 127.2 to 161.8 Fib extension. The expectation would be for CIBR to hold the daily SlimRibbon in a small flag. Range expansion to the downside would be a violation of the expected price behavior. Level 4 members please go to the Chart Grid Archive and Chart Templates section on your dashboard to download the analysis. Level 3 members  please scroll down to see the Trade Idea post for CIBR (this has the screenshot of the analysis).,CIBR is in the middle of the favorable entry zone - however broad market weakness is suggesting the original targets are not in play.,Pending / Inactive,2023-09-15T18:09:41Z
644,AAPL,Inactive,2023-09-07T13:44:00.282Z,Intermediate-Term (3-8 weeks),176.75,Short,None,179.82 - 183.7,171.96 - 169.33,> 186.46,Weekly analysis suggests that AAPL remains in a corrective period. Weekly low is due 8/7 - 10/2. Weekly momentum as per the Reversal Scout did not turn positive to confirm the low and now AAPL has lost the daily 61.8. In terms of short-term momentum - we need to see the daily Reversal Scout (RS) turn negative and the SlimRibbon to turn at least neutral. With respect to the daily cycle analysis - there is a mid-cycle low due now - watching for a bear flag to form to set up the short side trade idea. Favorable is the minor 38.2 to 61.8. Re-evaluation on a close over the minor 78.6. Targeting move to the short-term Fib extension zone (78.6 - 100%). Next daily low is due 9/26 - 10/4. update 9/13 - raised downside target to prior daily cycle low and top of Fib extension zone in blue.,Conditions for this idea have been satisfied.,Target Zone Reached,2023-09-26T14:28:23Z
643,ALB,Inactive,2023-09-06T18:49:51.046Z,Short-Term (1-3 weeks),189.63,Short,None,193.99 - 198.53,179.28 - 177.58,> 203.07,Weekly analysis suggests that ALB is in a corrective period. Weekly momentum is firmly negative (this is why we noted this as a momentum continuation trade type). Next low due 9/11 - 11/6. Daily analysis suggests that ALB is in a peaking phase. SlimRibbon is now neutral. Reversal Scout daily is positive and needs to turn down. The next daily low is due 10/5 - 10/17. The 78.6 at 184.49 is an important downside reference. ALB needs to close below that to set up a test of recent swing lows. Targeting move to the prior daily cycle lows.,ALB is in the target zone.,Target Zone Reached (Early / Missed Entry),2023-09-20T18:24:16Z
642,GOOGL,Inactive,2023-09-05T16:45:03.328Z,Short-Term (1-3 weeks),135.49,Long,None,133.56 - 130.82,137.75 - 140.84,< 128.87,Weekly analysis suggests that GOOGL is in a rising phase. Weekly momentum is positive. Low due 10/9 - 11/27. Daily analysis suggests that GOOGL is in a rising phase. SlimRibbon and Reversal Scout positively configured. There are rising short-term support zones just below current levels. Favorable is the 38.2 to 61.8. Re-evaluation on a close below 78.6. Targeting move to the short-term 78.6 - 100% Fib extension zone (colored in blue on the chart). Level 4 members - please go to the dashboard and click on Chart Grid Archive and Chart Templates to download the GOOGL annotated grid to your platform. Level 3 members - please scroll down on the trade ideas page and click on the GOOGL trade idea to see a screenshot of the analysis. Update 9/7 - lowering target to 61.8 to 78.6 Fib extensions.,GOOGL traded into favorable and then got within 0.15% of target before backing off. We are removing this idea.,Pending / Inactive,2023-09-13T13:32:00Z
641,LOW,Inactive,2023-09-05T16:01:48.430Z,Short-Term (1-3 weeks),231.22,Long,None,229.04 - 226.06,237.21 - 240.08,< 223.93,Weekly analysis suggests that LOW is in a rising phase. Weekly momentum is neutral and close to turning up. Daily analysis suggests that LOW is in a rising phase. SlimRibbon and Reversal Scout are positively configured. There are rising minor supports serving as our favorable and re-evaluation. Favorable is the minor 38.2 to 61.8. Re-eval is on a close below the minor 78.6. Given that daily cycle structures are positive - targeting a move to prior daily cycle high and the short-term 61.8% Fib extension. Level 4 members: please download the grid from the Chart Grid Archive/Chart Templates section on dashboard. Level 3 members: please scroll down on the trade ideas page to see the screenshot of the analysis.,LOW traded into the favorable and then got within 1.3% of target. We are removing this idea.,Pending / Inactive,2023-09-13T13:31:14Z
640,SNPS,Inactive,2023-09-05T14:00:17.466Z,Short-Term (1-3 weeks),458.26,Long,None,452.23 - 444.98,468.03 - 478.21,< 439.81,Weekly analysis suggests that SNPS is early in an intermediate-term rising phase. Momentum is now positive on intermediate-term. Daily analysis suggests that SNPS is in a short-term rising phase. The SlimRibbon and Reversal Scout are positively configured. There is a rising minor support zone that is serving as our favorable zone and re-evaluation. The favorable is the minor 38.2 to 61.8. Re-evaluation is on a close below the minor 78.6. Targeting move to the prior ATH and the base of a minor Fib extension zone (colored in blue on the chart). Level 4 members: please download the annotated grid from the Chart Grid Archive and Chart Templates section on your dashboard. Level 3 members: please scroll down on the trade ideas feed to see a screenshot of the analysis.,SNPS got into the target zone on 9/6. We will set up a new idea on a pullback. Continues to show good relative strength vs mkt.,Target Zone Reached (Early / Missed Entry),2023-09-07T13:33:47Z
639,ISRG,Inactive,2023-08-31T20:49:00.428Z,Short-Term (1-3 weeks),312.68,Long,None,306.11 - 301.44,320.28 - 329.2,< 296.77,"Weekly analysis suggests a low is due 7/17 - 9/11. Weekly momentum remains negative. Momentum needs to turn up on weekly to confirm the weekly low is in place. Daily analysis suggests that ISRG is in a short-term rising phase. The SlimRibbon is now neutral, ReversalScout daily is positive. The stock has a rising short-term Fib retracement zone we are using as the favorable zone. Favorable is the 38.2 to 50. Re-evaluation is the 61.8. Targeting move to the 50-61.8 retracement zone.",Range expansion to the downside. Likely extending out the weekly low.,Re-evaluation Level Hit,2023-09-07T19:20:55Z
638,/SB,Inactive,2023-08-29T12:26:36.811Z,Short-Term (1-3 weeks),25.44,Long,None,24.88 - 24.4,25.82 - 26.57,< 24.07,Weekly analysis suggests that Sugar (/SB) is in a rising phase. Weekly momentum is positive. Daily analysis suggests that SB is in a short-term rising phase. SlimRibbon and Reversal Scout daily are positive. There are rising minor supports above current levels. Anchors are the higher low from 8/24 and the intraday high from 8/29. Favorable is the 38.2 to 61.8. Re-evaluation on a close below the minor 78.6. Targeting a move to the short-term Fib extension zone. This also coincides with the weekly 78.6. Expectation for this idea is to see only a small flag form into the rising daily Ribbon. The ETF for /SB is CANE (thinly traded).,Sugar missed favorable by 20c and is in target. Remains in very positive condition.,Target Zone Reached (Early / Missed Entry),2023-09-01T16:49:23Z
637,APD,Inactive,2023-08-28T13:51:55.121Z,Intermediate-Term (3-8 weeks),290.5,Short,None,293.68 - 296.73,280.77 - 275.69,> 301.06,"Weekly analysis suggests that APD is in a corrective period. Weekly momentum is negative. As we get later in the weekly cycle we enter into a ""period of risk"" where the odds favor rallies failing and a move on the downside. The next weekly low is due 9/18 - 11/6. The daily analysis suggests APD is in a short-term rising phase and is testing the base of a resistance zone. The favorable is the 50-61.8. Re-evaluation is a close over the 78.6. Targeting move to the prior daily cycle low and the weekly 78.6 Fib retracement. The next daily low is due in early October. Level 4 members: please go to the Chart Grid Archive and Chart Templates section on your dashboard to download the annotated grid. Level 3 members: please scroll down to see the APD Trade Idea post. You will find a screenshot of the analysis on that page.",We have not activated this idea. The market is gaining strength in upside with improving momentum. Limited interest in adding short ideas to the sheet right now.,Pending / Inactive,2023-08-29T18:51:42Z
636,META,Inactive,2023-08-23T11:46:09.249Z,Intermediate-Term (3-8 weeks),287.6,Short,None,294.18 - 300.29,274.38 - 266.67,> 306.4,Weekly analysis suggests that META is in a corrective period. Weekly momentum is negative. Low is due 8/7 - 9/25. Daily analysis suggests that META has had a daily cycle breakdown and shift in SlimRibbon/ReversalScout daily to the downside. There are short-term resistance serving as our favorable zone. Favorable is the 38.2 to 50. Re-evaluation on a close over the 61.8. Targeting move to the recent swing low and intermediate-term 50% Fib retracement into the next daily timing. Next daily low due 9/13 - 9/22. Please keep note of the alternate track (green) shown in META - if we see the green track play out - it would be suggestive that the int low is already in place. Always have to keep the alternate scenario in mind to ensure we are mentally flexible to change.,Removing idea as META tests base of favorable. ST rising phase may extend further than anticipated.,Pending / Inactive,2023-08-24T13:42:00Z
635,SMH,Inactive,2023-08-22T17:30:32.260Z,Short-Term (1-3 weeks),149.19,Short,None,150.16 - 154.36,142.23 - 139.23,> 157.36,Weekly analysis suggests that SMH is in an intermediate-term corrective period. Momentum is negative. Next int low is due 9/25 - 11/13. Daily analysis suggests that SMH is in a short-term rising phase. Daily cycle configuration is now negative. The stock is testing a short-term resistance zone. The favorable is the short-term 38.2 to 61.8. Re-evaluation is on a close over the 78.6. Targeting a move to the short-term 61.8 - 78.6% Fib extension zone. The next daily low is due 9/11 - 9/20. Level 4 members - please go to the Chart Grid Archive/Chart Templates to download the TOS annotated grid. Level 3 members - please scroll down to see the SMH Trade Idea post.,SMH tested the re-evaluation area several times with no close over and is now back at base of favorable. Inactivating it here and will wait for next short idea likely in the latter part of Sept.,Pending / Inactive,2023-09-07T13:31:05Z
634,ORCL,Inactive,2023-08-21T18:38:14.945Z,Short-Term (1-3 weeks),116.62,Long,None,115.41 - 113.78,121.27 - 124.03,< 112.61,Weekly analysis suggests that ORCL is due to form a weekly low. Low is due 7/17 - 9/4. Daily analysis suggests that ORCL has likely formed a short-term low. The daily Ribbon needs to turn up. The daily Reversal Scout is now positive. The stock is trying to form a higher low vs the rising minor support zones. The favorable is the 38.2 to 61.8. Re-evaluation is the minor 78.6. Targeting move to the weekly 61.8 - 78.6 retracement zone.,ORCL came within a few cents of favorable and then traded to within a few cents of target before reversing back to the middle of range on news. We are pulling the idea here and marking it as a scratch.,Pending / Inactive,2023-08-23T15:44:30Z
633,EXAS,Inactive,2023-08-17T13:38:18.982Z,Short-Term (1-3 weeks),84.7,Short,None,85.67 - 88.54,81.04 - 76.34,> 90.57,Weekly analysis suggests that EXAS is in an intermediate-term corrective period. Weekly momentum is negative. Next low due 10/23 - 12/18. Daily analysis suggests that EXAS is in a short-term corrective period and left hand translation. The daily Ribbon is firmly negatively configured. There are minor resistances drawn from the gap high on 8/2 to the recent swing low on 8/11 that are serving as the resistance zones. The favorable is the 38.2 to 61.8. Re-evaluation is the 78.6. Targeting move to retest the intermediate-term 50% - 61.8% Fib retracement. Level 4 members please download the grid from the Chart Grid Archive and Chart Templates section on your dashoboard. Level 3 members can click on the trade idea post below to view a screenshot of the analysis.,EXAS conditions for this trade idea have been satisfied. It traded into the favorable and now got within a few cents of the target.,Target Zone Reached,2023-08-22T19:18:25Z
632,HCA,Inactive,2023-08-16T15:04:51.725Z,Short-Term (1-3 weeks),272.0,Short,None,273.67 - 276.32,264.78 - 259.18,> 278.96,We discussed this HCA setup in Stock Sectors - Short-Term Swing Trade Planning on 8/8. Weekly late in corrective phase. Low due 8/7 - 9/25. Daily analysis suggests late in corrective period. Low due 8/21 - 9/1. SlimRibbon daily and Reversal Scout daily are negative. Watching for this bear flag to break to downside.,HCA was trading within 0.5% of the favorable when the idea was posted. The stock sold off sharply and is now in target.,Target Zone Reached (Early / Missed Entry),2023-08-17T18:51:33Z
631,NOW,Inactive,2023-08-14T20:56:28.437Z,Short-Term (1-3 weeks),566.0,Long,None,559.82 - 545.0,586.62 - 598.82,< 541.75,Weekly analysis suggests that NOW is due to form a key weekly low. Low is due 7/10 - 8/28. Momentum remains negative. Daily analysis that NOW is due to form a short-term low. Low is due 8/1 - 8/15. SlimRibbon remains negative but is close to neutralizing. We want to see daily momentum establish itself to the upside. The favorable is a short-term 61.8 to 78.6 zone. Re-eval is on a close below the recent lows. Targeting move to the 61.8 - 78.6 zone on the upside.,We did not activate the NOW idea as it tested favorable right before the close on 8/15. The market is exceptionally weak right now and breadth is confirming this weakness. Pulling the idea and will be looking primarily on the short side for new ideas as market momentum is rolling over.,Pending / Inactive,2023-08-15T20:16:35Z
630,SMH,Inactive,2023-08-10T18:26:03.575Z,Short-Term (1-3 weeks),149.93,Short,None,153.59 - 156.48,146.87 - 142.98,> 158.54,Weekly analysis suggests that SMH is in an intermediate-term corrective period. Weekly momentum is negative. The next low is due 9/25 - 11/13. Daily analysis suggests that SMH is in a short-term corrective period. The next low is due 8/17 - 8/28. The SlimRibbon and Reversal Scout daily are negative. The favorable zone is the 38.2 to 61.8% Fib retracements. The re-evaluation is on a close over the 78.6. Targeting a move to the 78.6 and prior cycle low on the downside. Level 4 members: please download the grid from the Chart Grid Archive and Chart Templates section on your dashboard. Level 3 members: scroll down to see a screenshot of the analysis.,"SMH remains below the favorable. However, we are noting that NVDA, AVGO and MU all have daily lows that are due. It is therefore possible that SMH daily cycle has shifted left to align with NVDA. We will monitor for clarity.",Pending / Inactive,2023-08-14T20:04:17Z
629,UAL,Inactive,2023-08-10T18:09:12.704Z,Short-Term (1-3 weeks),52.71,Short,None,54.11 - 55.68,50.75 - 49.31,> 56.8,Weekly analysis suggests that UAL is in an intermediate-term corrective period. Weekly momentum is now negative. The next low is due 8/7 - 10/2. Weekly cycle structure remains positive (this favors UAL making an attempt back towards the recent cycle high at 58 before year end. Daily analysis suggests that UAL is showing early signs of failure in the short-term rising phase. SlimRibbon is now negative. ReversalScout daily is also negative. The favorable is the short-term 38.2 to 61.8. Re-evaluation is on a close over the 78.6. Targeting move to the short-term 61.8% Fib extension and the weekly 50% Fib retracement. The next low is due around mid-September. This is when we would expect the weekly low to form as well. Level 4 members can download the TOS annotated grid from the Chart Grid Archive and Chart Templates section. Level 3 members - please scroll down on the Trade Ideas page to see a screenshot of the analysis.,UAL is in the target zone.,Target Zone Reached (Early / Missed Entry),2023-08-16T19:11:56Z
628,AAPL,Inactive,2023-08-07T13:18:45.081Z,Short-Term (1-3 weeks),182.73,Short,None,187.76 - 191.36,177.48 - 171.07,> 193.93,"Weekly analysis suggests that AAPL is now in an intermediate-term corrective period. Weekly momentum is now negative. Overall cycle structures remain positive and indicate AAPL has good odds of making a new high before year end once this corrective period is complete. The next weekly low is due 7/31 - 9/25. 

Daily analysis suggests that AAPL is in a short-term corrective period. The next daily low is due 8/22 - 8/31. Daily cycle structures are not negative. 

There are falling minor resistances that are serving as our favorable zone. The anchors for the Fib retracement are the 7/27 high, 8/4 low. The favorable is the 38.2 to 61.8. Re-evaluation is on a close over the minor 78.6. Targeting move to an intermediate-term 38.2 - 50% Fib support zone. The anchors for this Fib retracement are the 3/2 low, 7/19 high). Risk/reward for this trade idea is 1.62:1. Level 4 members: go to the Chart Grid Archive and Chart Templates section on your dashboard to download the analysis to your TOS platform.",AAPL is in the target - we will look to establish a similar idea on a bounce.,Target Zone Reached (Early / Missed Entry),2023-08-07T20:51:01Z
627,MMM,Inactive,2023-08-04T14:17:57.197Z,Short-Term (1-3 weeks),106.43,Long,None,106.43 - 104.35,111.77 - 113.14,< 102.28,Weekly analysis suggests MMM is in a rising phase. Weekly momentum is positive. Cycle structures remain negative and we are testing the 50-61.8% retracement zone. Daily analysis suggests MMM is in a bottoming phase. We are testing the rising daily SlimRibbon after an earnings gap. This appears like a daily flag. Favorable is the short-term 38.2 to 50. Re-evaluation is the 61.8. Targeting move to the falling 78.6 and the prior daily cycle high. Level 4 members can download the annotated grid from the Chart Grid Archive and Chart Templates section on your dashboard.,MMM will close below re-eval. Stock never confirmed a daily cycle low had formed.,Re-evaluation Level Hit,2023-08-15T16:53:16Z
626,SIL,Inactive,2023-07-27T13:43:03.821Z,Short-Term (1-3 weeks),27.2,Long,None,26.68 - 26.26,29.08 - 30.06,< 25.67,"Weekly analysis suggests that SIL has likely formed a key weekly low. Momentum is now positive. Daily analysis suggests that SIL is in a short-term corrective period. So far, this is looking like a basing cycle. Important to see it hold up the daily 78.6 at 25.67 (this is our re-evaluation level for the trade idea). Favorable is the 50 - 61.8. Targeting move through the prior daily cycle high and the intermediate-term 50% Fib retracement. Keep in mind - this is a reversal -- at cycle timing trade idea. Higher odds S-T plays occur in the direction of the dominant daily momentum. Ideal scenario is to let the low form and see this form a higher low on an intraday timeframe. Update 2:40 PM ET - SIL is now in favorable - please note there is no cycle low in place...",SIL likely to close below re-eval.,Re-evaluation Level Hit,2023-08-15T18:44:18Z
625,EQT,Inactive,2023-07-27T13:06:22.400Z,Short-Term (1-3 weeks),41.86,Long,None,40.69 - 39.64,44.47 - 46.25,< 38.89,Weekly analysis suggests that EQT is early in a rising phase. This is coming off of a weekly basing cycle which is suggestive of an important trend change. Daily analysis suggests that EQT is in a short-term rising phase. Note the bull reaction post earnings on good volume. There are RISING minor supports drawn from the low on 7/17 to the high from 7/26. Favorable is 38.2 to 61.8. Re-evaluation is the 78.6. Targeting the short-term 61.8% - 78.6% Fib extensions. As a reminder the blue zone shown on the daily chart is the 78.6 - 100% Fib extension zone. Level 4 members can download the grid from the Chart Grid Archive and Chart Templates section on your dashboard. R/R 2.16:1,EQT is back within 30c of favorable. The expansion of volatility and gap down into favorable are not lining up with the expected price action,Pending / Inactive,2023-08-02T15:29:08Z
624,EEM,Inactive,2023-07-26T14:16:36.953Z,Short-Term (1-3 weeks),41.31,Long,None,40.67 - 40.22,41.99 - 42.86,< 39.9,"Weekly analysis suggests both the dominant (blue) and minor (black) cycle are now in rising phases. This is in the context of a basing cycle AND an inverted head and shoulders (L-T measured move target ~ 50). Daily analysis suggests that EEM is in a short-term rising phase in the context of a bullishly configured SlimRibbon. Favorable is a minor 38.2 to 61.8 retracement zone. Re-evaluation is a minor 78.6. This zone is drawn from the higher low on 7/11 to the recent swing high from 7/25. Targeting move to a short-term 100 - 127.2% Fib extension zone. Anchors for Fib extension (5/31 low, 6/16 high, 7/6 low). Risk/reward is 2:1 on this idea.",EEM only got within 20c of favorable and is now in target. Long term inverted head and shoulders remains in focus.,Target Zone Reached (Early / Missed Entry),2023-07-28T16:00:20Z
623,EWZ,Inactive,2023-07-25T14:16:22.769Z,Short-Term (1-3 weeks),33.99,Long,None,32.91 - 32.12,35.58 - 36.88,< 31.55,Weekly analysis suggests that EWZ is in a rising phase. Weekly momentum is firmly positive. The daily analysis suggests that EWZ is in a short-term rising phase. SlimRibbon is positive on the daily. There are rising minor support zones drawn from the 7/17 low to the intraday high on 7/25. Favorable is the 38.2 to 61.8. Re-evaluation is the 78.6. Targeting a move to the short-term 78.6 - 100% Fib extension zone. This zone is colored in blue in the analysis and called a short-term Fib extension/target zone. Updated favorable and re-eval on 7/27 at 2:55 PM ET.,EWZ will close below re-evaluation. This action suggests that the expected weekly low is extending out into end of August to early September (this is when the next daily low is due to form).,Re-evaluation Level Hit,2023-08-14T13:34:31Z
622,MDY,Inactive,2023-07-17T14:50:54.300Z,Short-Term (1-3 weeks),490.14,Long,None,482.95 - 479.77,496.72 - 507.18,< 472.05,Weekly cycle analysis suggests that MDY is in an intermediate-term rising phase. Weekly momentum remains firmly positive. Daily analysis suggests that MDY is in a rising phase on the dominant cycle. There is a bull flag forming into the minor cycle timing. The low is due in mid July. The favorable is the rising minor support zone (38.2 to 61.8). Re-evaluation is the minor 78.6. Anchors for downside levels are 7/6 low and 7/13 high). Targeting move to the short-term 100 - 127.2% Fib extension zone. We would expect pullbacks to be very mild here and for the rising daily Slim Ribbon to act as primary support. Level 4/4+ members can download the analysis from the Chart Grid Archive and Chart Templates section on your dashboard.,MDY is in the target. The underlying did not trade into the favorable.,Target Zone Reached (Early / Missed Entry),2023-07-19T13:30:32Z
621,FNV,Inactive,2023-07-13T18:09:05.622Z,Short-Term (1-3 weeks),147.26,Long,None,143.95 - 142.37,151.33 - 155.69,< 140.79,"Weekly analysis suggests that Gold Miners (ie: GFI, AEM, GOLD, NEM) are all due to form lows. FNV is in line with the group. Given that FNV is a royalty and streaming company you are seeing less volatility compared with some of the other pure play miners. In terms of the cycle structure, we see a base forming. Weekly momentum remains negative. Daily analysis suggests that FNV is now in a short-term rising phase. The SlimRibbon is neutral. The favorable is a RISING minor support zone drawn from the higher low on 7/6. Re-evaluation is the minor 78.6. Targeting move to the intermediate-term 61.8 to 78.6 retracements. Update 7/21: revised favorable and re-eval (these zones rise as price makes higher highs).",FNV will likely close below re-eval. Next daily low due end of Aug early Sept. That is the next opportunity for FNV to form its weekly low.,Re-evaluation Level Hit,2023-08-08T14:19:47Z
620,UBER,Inactive,2023-07-11T13:55:01.326Z,Short-Term (1-3 weeks),42.12,Long,None,42.12 - 41.16,"45.24 - 45.94, 46.8 - 48.17",< 40.19,"Weekly analysis suggests that UBER is in an intermediate-term rising phase. Weekly momentum is positive. Daily analysis suggests UBER is due to form low 7/3 - 7/13. SlimRibbon is close to neutralizing. It is important for it to turn positive again to provide an indication UBER is in a rising phase in the short-term. Favorable is 38.2 to 50. Re-evaluation is the 61.8 Fib retracement. Targeting move to the prior daily cycle high and 78.6% Fib extension. Update 7/12 - we are hitting target 1, adding a second target now. 61.8% - 78.6% Fib extension zone.","Conditions for this idea have been satisfied. UBER traded into the favorable and is now in the target zone. Please note we will automatically inactivate a trade idea when it gets into the target - that is not a ""sell signal"" - strictly for tracking purposes only.",Target Zone Reached,2023-07-14T14:10:54Z
619,CSCO,Inactive,2023-07-07T17:16:50.432Z,Short-Term (1-3 weeks),51.53,Long,None,50.77 - 50.39,52.56 - 53.09,< 49.84,Weekly analysis suggests that CSCO is in an intermediate-term rising phase. Momentum is positive. Daily analysis suggests that CSCO is forming a swamped daily cycle. There are short-term supports just below current levels. The favorable is the 38.2 to 61.8. Re-evaluation is on a close below the 78.6. Targeting the prior weekly cycle high resistance and the base of a short-term Fib extension zone. This area is colored in blue in the CSCO chart analysis.,Multiple signs of failure vs 52 area - we will just watch this stock for a short-term low.,Pending / Inactive,2023-07-12T16:19:54Z
618,/SB,Inactive,2023-07-06T15:54:36.023Z,Short-Term (1-3 weeks),23.35,Short,None,23.61 - 24.17,22.03 - 21.81,> 24.73,Weekly cycle analysis suggests that Sugar (/SB) is in an intermediate-term corrective period. Weekly momentum is firmly negative. The next low is due 7/31 - 9/4. Daily analysis suggests that /SB is in a left hand translation on the daily (bearish configuration). Sugar is in a rising phase on the minor cycle and this is in all likelihood forming a bear flag. The highest odds are we see one more move on the downside into the next daily low. The next short-term low is due 7/19 - 7/27. The favorable entry zone is the 38.2 to 50. A close over the 61.8% retracement on the daily timeframe would render the idea no longer valid. Targeting a move to the short-term 161.8% Fib extension and the recent swing low from 6/29. Please note Sugar is only available on the Intercontinental Exchange (ICE).,"/SB is back to the base of the favorable after testing the short-term 50% Fib retracement. The strong rally off of the minor cycle is raising the odds of a shift on the daily dominant cycle pattern. We will monitor this name for clarity. In the meantime, we are pulling the idea at a scratch.",Pending / Inactive,2023-07-17T13:03:32Z
617,EWI,Inactive,2023-07-05T14:07:26.484Z,Short-Term (1-3 weeks),31.61,Long,None,31.44 - 31.09,32.32 - 32.79,< 30.67,"Weekly analysis suggests that EWI is early in an intermediate-term rising phase. This dominant 33 week cycle is what we have illustrated across many European Country ETFs. Daily analysis suggests that EWI is in a short-term rising phase. The SlimRibbon and Reversal Scout daily are configured positively. There are rising minor supports that are serving as our favorable entry zone (anchor points: 6/23/23, 7/3/23). The re-evaluation is a 61.8% Fib retracement (anchor points: 6/7/23, 7/3/23). Targeting a move to a 100% Fib extension zone (anchor points: 12/16/22, 3/6/23, 3/17/23) and the base of a Fib extension zone (anchor points: 3/17/23, 5/5/23, 5/31/23).",EWI closed on Wednesday above favorable and is now gapping overnight deeper into the favorable zone. It is 9:13 AM ET and the market has yet to open. We are inactivating this idea.,Pending / Inactive,2023-07-06T13:12:49Z
616,APD,Inactive,2023-06-28T13:21:27.377Z,Short-Term (1-3 weeks),291.41,Long,None,287.8 - 283.6,299.88 - 303.27,< 277.72,Weekly analysis suggests that APD is in a rising phase. Momentum is now positive. Note: core sectors analysis in XLB is positive. We are therefore looking at long ideas in the sector.. Daily analysis suggests APD is in a rising phase. SlimRibbon is positive. There are RISING minor supports drawn from the higher low on 6/12 to the recent swing highs from 6/16 that are serving as the favorable zone. If it closes below the short-term 61.8 Fib (drawn from the cycle low on 6/1 to the swing high from 6/16) - we will inactivate. Targeting move to the prior swing high from 6/16 and short-term 100% Fib extension.,Conditions for idea have been satisfied. APD tested the favorable entry and is now trading in the target.,Target Zone Reached,2023-06-30T19:23:07Z
615,XLB,Inactive,2023-06-27T17:01:53.669Z,Short-Term (1-3 weeks),81.43,Long,None,80.62 - 79.25,83.51 - 84.73,< 78.37,"Weekly analysis suggests that XLB is early in a rising phase. Weekly momentum is positive. Daily analysis suggests that XLB is in a rising phase. The favorable zone roughly corresponds with the rising daily SlimRibbon. Re-evaluation is the minor 78.6. Targeting move to the weekly 78.6 retracement and base of a minor Fib extension zone. We did a walk through of the XLB analysis in stock sectors. I will link to that video in the trade idea post. Level 4/4+ members can download the TOS annotated chart from the chart grid archive and chart templates section on your dashboard.

Update: it was brought to my attention that I typed the wrong target zone in the trade idea. Please refer to the trade idea analysis for XLB. It was 83.51-84.73",Conditions for the idea have been satisfied. XLB tested favorable entry and has now traded into target. We will look for another idea on a flag.,Target Zone Reached,2023-07-04T13:40:43Z
614,DIS,Inactive,2023-06-22T13:50:14.844Z,Short-Term (1-3 weeks),86.66,Short,None,90.1 - 92.02,"87.01 - 87.01, 86.07 - 84.08",> 93.38,Weekly analysis suggests that DIS is late in a corrective period. This is a timeframe when there are high odds that rallies would fail. Weekly momentum remains negative. The low is due 6/12 - 7/24. Daily analysis suggests that DIS formed an early cycle high and is in a corrective period. SlimRibbon and Reversal Scout daily are negative. There are falling minor resistances just above current levels. We used the high of day from the earnings gap down on 5/11 as our anchor along with the recent cycle low on 5/30 to determine our favorable and re-evaluation levels. Favorable is the 38.2 to 61.8. Re-evaluation is on a close over the 78.6% retracement. Downside targets are the recent swing low at 87.01 and a short-term Fib extension zone (50 - 61.8% extensions).,DIS is at the base of the favorable. The stock is holding up in the resistance and not showing signs of backing off. We will re-evaluate this name in the coming weeks for a more interesting opportunity.,Pending / Inactive,2023-07-05T15:33:41Z
613,ORLY,Inactive,2023-06-16T15:24:54.750Z,Short-Term (1-3 weeks),930.02,Long,None,917.33 - 903.08,945.15 - 964.58,< 892.94,Weekly cycle analysis suggests that ORLY is in an intermediate-term rising phase. The stock just formed a weekly mid-cycle low. Momentum is negative. Daily analysis suggests that ORLY is in a short-term rising phase. SlimRibbon is now neutral (from a negative condition) and the Reversal Scout daily is positive. There are rising minor supports below current levels. Favorable is the minor 38.2 to 61.8. Re-evaluation is the minor 78.6. Targeting move to the short-term 78.6% Fib retrace and the prior daily cycle high.,Conditions for idea satisfied. ORLY traded into favorable and then rallied up to target.,Target Zone Reached,2023-06-22T13:54:57Z
612,BIDU,Inactive,2023-06-16T15:17:30.760Z,Short-Term (1-3 weeks),144.19,Long,None,137.6 - 133.81,150.94 - 160.53,< 130.02,Weekly cycle analysis suggests that BIDU is in an intermediate-term rising phase. Momentum is positive. Daily cycle analysis suggests that BIDU is in a short-term corrective period. There is a bullish swamped cycle forming in BIDU which suggests that the next short-term rising phase would at least re-test the recent swing highs from 6/15. There are rising minor supports below current levels. The favorable is the 38.2 to 50. Re-evaluation is the 61.8. Targeting move to the 78.6 and prior daily cycle high. The short-term low is due 6/20 - 6/29.,"As we discussed in the trade ideas feed on discord, once an underlying is up 4-5% - if it gets back to favorable - we inactivate the idea.",Pending / Inactive,2023-06-29T15:44:54Z
611,SKX,Inactive,2023-06-07T13:40:36.466Z,Short-Term (1-3 weeks),53.65,Long,None,52.99 - 51.95,56.36 - 58.02,< 51.2,Weekly analysis suggests that SKX is in a rising phase. Weekly momentum is positive. Daily analysis suggests that SKX is in a short-term rising phase. SlimRibbon and Reversal Scout daily are positive. There are RISING minor supports below current levels. Favorable is the 38.2 to 78.6. Re-evaluation is the recent cycle low support from 6/1. Targeting move to the minor 78.6 - 100% Fib extension zone. Trade Idea video will be posted by 10 AM ET. Please scroll down on the Trade Ideas page to see the analysis. Update on 6/8: favorable entry zone and re-evaluation. Update on 6/13: I have kept the SKX idea as not yet triggered since we have not established a minor cycle low. If it establishes a low in the next 1-2 days and we have not hit the re-evaluation I will look to change the status to green (active and triggered). If it fails to then status will be changed to red (inactive),The depth of the pullback was steeper than we wanted to see. Inactivating it here and will watch.,Pending / Inactive,2023-06-13T17:34:41Z
610,XME,Inactive,2023-06-05T18:49:03.355Z,Short-Term (1-3 weeks),47.27,Long,None,46.31 - 45.5,48.91 - 50.03,< 44.91,Weekly cycle analysis suggests that XME has just formed a weekly low. Low is due 5/8 - 6/26. Momentum remains negative. Daily cycle analysis suggests that XME has likely just formed a short-term low. Low was due 5/22 - 6/2. SlimRibbon daily is negative and close to turning neutral. Reversal Scout daily is close to turning positive. The favorable entry is the minor 38.2 to 61.8 drawn from the low from 5/31 to the high from 6/2. The re-evaluation is the 78.6. Targeting a move to the short-term 50 - 61.8 Fib retracement zones (dark red colored box shown in the analysis).,XME is now in the target zone. Note it traded to within 25c of the favorable before moving sharply higher.,Target Zone Reached (Early / Missed Entry),2023-06-07T16:12:54Z
609,IR,Inactive,2023-06-05T13:56:47.574Z,Short-Term (1-3 weeks),62.29,Long,None,60.51 - 58.98,63.86 - 65.83,< 57.88,Weekly analysis suggests that IR is in an intermediate-term rising phase. Weekly momentum is positive. Daily analysis suggests that IR is in a short-term rising phase. There are RISING short-term supports drawn from the swing low on 5/31 to the intraday high from 6/5 that are serving as the favorable entry zone and re-evaluation level. The favorable is the short-term 38.2 to 61.8. The re-evaluation is the 78.6. Targeting a move to the short-term 78.6 to 100% Fib extension zone (this is colored in blue in the daily analysis). Level 4 members: please go to the Chart Grid Archive and Chart Templates section on your dashboard to download the analysis to your TOS platforms. Level 3 members: please scroll down on the Trade Ideas page to see the IR Trade Idea post. Trade Idea video walkthrough will be posted by 10:15 AM ET. Updated favorable and re-eval on 6/6. Support zone continues to rise.,IR is in the target zone. Stock only got to within 46c of the favorable entry.,Target Zone Reached (Early / Missed Entry),2023-06-13T14:06:31Z
608,NUE,Inactive,2023-06-02T18:03:23.048Z,Short-Term (1-3 weeks),141.54,Long,None,138.36 - 135.09,147.44 - 152.23,< 132.76,"Weekly cycle analysis suggests that a weekly low is due 5/15 - 7/10. Momentum remains negative. Daily analysis suggests that NUE has likely formed a short-term low and is in a rising phase. SlimRibbon is mildly negative but close to turning neutral. There are RISING minor supports that are serving as our favorable entry zone and re-evaluation. The minor 38.2 to 61.8 is the favorable entry zone. The re-evaluation is the 78.6. Targeting a move to the 61.8 and 78.6% retracement drawn from the 4/20 high to the recent swing low. updated favorable, reval on 6/5.",NUE is in the target zone. Note: NUE traded to within 25c of the favorable before moving up to the target.,Target Zone Reached (Early / Missed Entry),
607,CSCO,Inactive,2023-06-01T18:16:52.908Z,Short-Term (1-3 weeks),49.91,Long,None,49.44 - 48.78,51.06 - 51.52,< 48.32,Weekly cycle analysis suggests that CSCO is in a rising phase. Weekly momentum is now positive. Low was due 4/17 - 6/19. Daily analysis suggests that CSCO is in a minor corrective period. The stock is forming a bull flag on the daily. There are rising minor supports drawn from the 5/25 low to the recent swing high which are acting as our favorable zone and re-eval level. The favorable is the 38.2 to 61.8. Re-evaluation is the minor 78.6. Targeting move to the weekly 78.6 and minor 100% Fib extension. R/R on this idea is 1.4:1. Level 4/4+ members - please download the grid from the Chart Grid Archive and Chart Templates section on your Dashboard.,Conditions for idea have been satisfied. CSCO traded into favorable and bounced off of the daily cycle timing. The stock has now traded to within 10c of target zone.,Target Zone Reached,2023-06-13T14:14:18Z
606,EFA,Inactive,2023-05-31T17:52:58.511Z,Intermediate-Term (3-8 weeks),70.51,Long,None,70.64 - 69.59,73.21 - 74.05,< 69.12,"Weekly cycle analysis suggests that EFA is due to form a weekly low. Low is due 5/1 - 6/26. Daily analysis suggest EFA is due to form daily low. Low is due 5/22 - 6/2. This is a counter-trend trade idea. Favorable is a confluence of support zones drawn from the the prior daily cycle lows (3/15, 12/22) to the swing highs from 5/8. Re-eval is the 61.8. Targeting move to weekly 78.6 and prior daily cycle high. We covered all of the country ETFs in Office Hours on Friday 5/26. Please review that recording if interested in a deep dive review. Please note on 6/7: EFA went ex-div (1.311 div)","EFA went ex div on 6/7 for 1.311. Adjusting for the dividend, the underlying is now in the target zone.",Target Zone Reached,2023-06-13T13:54:48Z
605,LVS,Inactive,2023-05-25T14:34:39.469Z,Short-Term (1-3 weeks),56.23,Short,None,57.97 - 58.72,54.78 - 53.21,> 59.79,"Weekly analysis suggests that LVS is in an intermediate-term corrective period. Weekly momentum is negative. Daily analysis suggests that LVS is in a short-term corrective period. Daily SlimRibbon is negative. Favorable is the minor 50 - 61.8. Re-evaluation is the 78.6. The anchors for the favorable/reval was: 5/22, 5/24. Targeting move to retest the recent swing low and the weekly 61.8 Fib retracement. Video will be posted by 10:45 AM ET.",Stock only got to within 0.45 of entry zone and failed. Stock is now trading in the target.,Target Zone Reached (Early / Missed Entry),2023-05-31T17:15:14Z
604,WYNN,Inactive,2023-05-23T15:48:34.561Z,Intermediate-Term (3-8 weeks),104.44,Short,None,104.41 - 107.08,98.6 - 94.05,> 108.98,"Weekly cycle analysis suggests that WYNN is now in a corrective period. Weekly momentum is negative.  The low is due 7/3 - 8/14. Daily analysis suggests that an early short-term high has likely formed in WYNN. SlimRibbon daily is now negative. There are minor resistances just above current levels. Favorable is the 38.2 to 61.8. Re-evaluation is the 78.6. The fib draw anchors were 5/10, 5/16, 5/22. Targeting move to the weekly 38.2 to 50% Fib retracement zone. The next daily low is due 7/3 - 7/13. Updated favorable and re-eval on 5/25 (these levels are falling as price makes new lows)",Stock only got within 1.5% of favorable and is now trading in the target zone.,Target Zone Reached (Early / Missed Entry),2023-05-31T17:15:59Z
603,GDX,Inactive,2023-05-22T13:22:33.413Z,Short-Term (1-3 weeks),32.06,Short,None,31.66 - 32.14,30.25 - 28.66,> 32.62,Weekly cycle analysis suggests that GDX is in an intermediate-term corrective period. Momentum is now negative. Next low due 6/19 - 8/21. Daily analysis suggests GDX is in a short-term corrective period. GDX formed its cycle high early in the daily cycle and has broken the daily cycle low. This is a left hand translation and suggests rallies into the falling Slim Ribbon daily are likely to fail. There are minor resistances just above current levels which coincide with the falling daily SlimRibbon. Favorable is the 38.2 to 50. Re-evaluation is the 61.8. Targeting move to the minor 50 - 61.8 Fib retracement zone. Next short-term low is due 6/22 - 6/30. Updated levels on 5/31. Mid-cycle low on GC is in place. This is likely to set up the short side idea in the miners.,Conditions for this idea have been satisfied. GDX traded into the favorable and has now tested target zone.,Target Zone Reached,2023-05-25T14:36:41Z
602,BLK,Inactive,2023-05-19T12:57:21.679Z,Short-Term (1-3 weeks),669.33,Long,None,660.05 - 649.75,704.01 - 719.97,< 634.44,Weekly analysis suggests that BLK is due to form a weekly low. The low is due 4/17 - 6/5. Weekly momentum is mildly positive. Daily analysis suggests that BLK has just formed a short-term low and is in a rising phase. The SlimRibbon daily is close to neutralizing. There are rising minor supports drawn from the higher low on 5/16 to the swing high from 5/18. This is what we are calling our minor support zone on the chart. We are looking for the favorable zone to coincide with the rising daily ribbon. The re-evaluation is the short-term 78.6 drawn from the recent swing low on 5/10 to the high from 5/18. Targeting move through daily cycle high and test the intermediate-term 61.8 retracement. 2:1 risk vs reward.,BLK is backing off vs the 61.8 daily - stock remains above favorable as we are inactivating it. We will watch this name as we approach the expected RUT low in mid-June.,Pending / Inactive,2023-05-31T18:15:45Z
601,IBKR,Inactive,2023-05-18T20:48:24.700Z,Short-Term (1-3 weeks),75.73,Long,None,75.8 - 73.91,80.35 - 82.93,< 72.55,Weekly analysis suggests that IBKR is due to form a weekly low. The low is due 3/6 - 5/1. Momentum remains negative. Daily analysis suggests that IBKR is in a rising phase. SlimRibbon on the daily remains negative. This is a counter-trend idea.. Favorable is the 38.2 to 61.8. Re-evaluation is the short-term 78.6. Targeting the 61.8 and 78.6 retracements on the upside.,IBKR remains in favorable but has not been able to put in a higher low. With the market in a period of risk we will inactivate.,Pending / Inactive,2023-05-24T12:55:27Z
600,XBI,Inactive,2023-05-17T16:27:07.874Z,Short-Term (1-3 weeks),85.05,Long,None,84.49 - 83.25,88.53 - 91.15,< 82.0,Weekly analysis suggests that XBI is in a rising phase. Weekly momentum is positive. Daily analysis suggests that XBI is in a short-term rising phase. There is a bull flag forming vs the rising daily SlimRibbon. Favorable is the short-term 38.2 to 50. Re-evaluation is the 61.8. Targeting move to the 78.6 and short-term 127.2% Fib extension.,XBI remains near top of support but the stock is not acting well with the market rallying today. Pulling the idea and will re-evaluate.,Pending / Inactive,2023-05-18T16:52:30Z
599,MRK,Inactive,2023-05-17T15:49:51.280Z,Intermediate-Term (3-8 weeks),113.94,Long,None,113.08 - 111.05,119.57 - 121.99,< 109.01,Weekly analysis suggests that MRK is in an intermediate-term rising phase. Weekly momentum is positive. Watching for a bull flag to form. Daily analysis suggests that MRK is due to form a mid-cycle low. The low is due 5/12 - 5/24. The favorable is the short-term 38.2 to 50. Re-evaluation is the 61.8. Targeting move to the minor 61.8% - 78.6%  Fib extension. SlimRibbon is now neutral.,MRK did not close below re-evaluation but now has a negative ribbon. We are inactivating the name as it trades back to the top of the original favorable entry zone. Odds are low of a move back to our original target zone.,Pending / Inactive,2023-06-02T18:08:47Z
598,MU,Inactive,2023-05-16T17:35:33.951Z,Short-Term (1-3 weeks),63.99,Long,None,63.05 - 61.72,67.15 - 69.63,< 60.76,Weekly cycle analysis suggests that MU is in an intermediate-term rising phase. Weekly momentum is positive. Daily cycle analysis suggests that MU is in a short-term rising phase. SlimRibbon and Reversal Scout are positive. There are rising minor supports just below current levels. Targeting move to the short-term 78.6 - 100% Fib extension zones. If it closes below the minor 78.6 - we will inactivate the idea. Please see the Trade Idea video for a walk through of the analysis.,MU only got within 30c of favorable and now trading in the target.,Target Zone Reached (Early / Missed Entry),2023-05-18T14:18:36Z
597,DVN,Inactive,2023-05-15T15:27:10.170Z,Short-Term (1-3 weeks),47.8,Short,None,49.58 - 51.28,46.63 - 44.03,> 52.49,Weekly analysis suggests that DVN is in a corrective period. The next low is due 7/10 - 8/28. Weekly momentum is negative. Daily analysis suggests that DVN is in a corrective period. SlimRibbon is firmly negative. We would expect the falling ribbon to act as resistance on the upside. The favorable is the short-term 38.2 to 61.8. Re-evaluation is the 78.6. Targeting move to the short-term 78.6 and prior cycle low from 3/16. The next short-term low in DVN is due 5/23 - 6/2.,"DVN is below the favorable zone. However, we have identified a minor 15 bar weekly cycle which points to an idealized low due around now. We will inactivate and monitor the situation.",Pending / Inactive,2023-05-19T16:52:16Z
596,TAN,Inactive,2023-05-15T14:58:15.063Z,Short-Term (1-3 weeks),72.72,Short,None,73.54 - 74.85,68.6 - 67.98,> 76.71,Weekly analysis suggests that TAN is in a corrective period. Momentum is negative. We have retested the key weekly low at 68.60. We need to see a close below 68.60 to be in a left hand translation. Daily analysis suggests that TAN is in a short-term corrective period. SlimRibbon is mildly negative. Favorable is the short-term 50-61.8% retracement. Re-evaluation is the 78.6. Targeting move to re-test the recent swing low that formed on 5/4 and the 78.6% Fib extension. Please see the Trade Idea video for a walk through of the analysis. (updated 5/25) - raised downside target to prior daily cycle low (3/17) and recent swing low (5/4),Inactivated 5/31 on discord.. Conditions satisfied. TAN traded into favorable and has now tested within few cents of target.,Target Zone Reached,2023-06-01T14:11:47Z
595,AMD,Inactive,2023-05-11T17:44:37.998Z,Short-Term (1-3 weeks),96.85,Long,None,92.71 - 90.48,99.53 - 102.43,< 88.25,Weekly analysis suggests that AMD is just now entering into a rising phase. Weekly momentum is mildly negative. The low is due 3/27 - 5/15. Daily analysis suggests that AMD is in a short-term rising phase. There was very strong volume over the past week on the upside in AMD (this is supportive of higher prices). There is an out of phase minor cycle (black cycle) that has a low due over the next week or so. We would expect a mild bull flag to form to let the daily Ribbon catch up and a resumption on the upside. The favorable zone is the short-term 38.2 to 50. Re-evaluation is the 61.8. Targeting move to the prior daily cycle high from 3/30 and 3/23.,AMD is now in the target,Target Zone Reached (Early / Missed Entry),2023-05-16T13:50:14Z
594,/ZN,Inactive,2023-05-11T13:15:51.349Z,Short-Term (1-3 weeks),116.135,Long,None,115.31 - 115.105,117.09 - 118.02,< 114.28,Weekly cycle analysis suggests that the 10-year Note futures (June contract) are in a weekly rising phase. Bull flag discussed in FutureSpeak is likely breaking out to the upside. Daily cycle analysis suggests that the 10-year Notes are in a short-term rising phase. There are RISING short-term supports just below current levels. Now that we have formed the higher low we discussed on the 5/10 FutureSpeak - we need to remain above that level. The 78.6 is right in line with the higher low from 5/9 and will serve as our re-evaluation level. Favorable is the 38.2 to 61.8. Targeting move to the short-term 50% - 61.8% Fib extension zone.,ZN closed below re-evaluation. Raises odds weekly high is in place.,Re-evaluation Level Hit,2023-05-17T19:58:02Z
593,IR,Inactive,2023-05-10T13:22:58.109Z,Short-Term (1-3 weeks),58.97,Long,None,56.81 - 55.85,60.39 - 61.84,< 54.89,"Weekly analysis suggests that IR is early in a weekly rising phase. Momentum is positive. Daily analysis suggests that IR is late in a short-term rising phase and due for a minor pullback. The next short-term low is due 5/15 - 6/2. We would expect the rising SlimRibbon to act as support on the downside. In terms of the Fibs, we are using the low from 3/17 as the anchor on the downside and the high from 5/8 as the anchor on the upside. The favorable is the minor 38.2 to 50. Re-evaluation is the 61.8. Targeting move through prior weekly cycle high and the minor 127.2% Fib extension (anchors: 3/16 low, 4/3 high, 4/26 low).",,Pending / Inactive,
592,/ZW,Inactive,2023-05-09T19:10:30.358Z,Short-Term (1-3 weeks),644.0,Short,None,664.75 - 679.25,603.75 - 569.25,> 699.75,Weekly analysis suggests that ZW (JUL contract) is in a corrective period. Next low due early June. Daily cycle analysis suggests that ZW is in a left hand translation on the dominant cycle. There is a mid-cycle low due now. We are expecting a bear flag to form and for Wheat to resolve to the downside. The next daily low is due 6/2 - 6/14. Favorable is the short-term 50 - 61.8. Re-evaluation is the 78.6 Targeting move to the recent swing low and the base of a Fib extension zone on the downside.,Conditions for this idea have been satisfied. Wheat is now in target zone,Target Zone Reached,2023-05-18T13:56:59Z
591,ORCL,Inactive,2023-05-08T15:11:06.313Z,Short-Term (1-3 weeks),96.78,Long,None,95.92 - 94.2,98.91 - 100.64,< 93.29,Weekly cycle analysis suggests that ORCL is early in an intermediate-term rising phase. Weekly momentum is positive. The stock is showing excellent relative strength vs the market. Daily analysis suggests that ORCL is in a short-term rising phase. The SlimRibbon and Reversal Scout are positive. There are rising minor supports just below current levels. Favorable is the minor 38.2 to 78.6. Re-evaluation is the current daily cycle low. Targeting move to the short-term 38.2 to 50% extensions.,ORCL traded to within 10c of the entry zone and is now in the target.,Target Zone Reached (Early / Missed Entry),2023-05-16T17:13:25Z
590,RSP,Inactive,2023-05-05T13:57:14.943Z,Intermediate-Term (3-8 weeks),142.25,Short,None,143.0 - 144.62,138.02 - 135.79,> 145.83,Weekly analysis suggests that the RSP (which is an equal weighted S&P ETF) is late in an intermediate-term corrective period. Weekly momentum is negative. The low is due 5/8 - 6/19. Daily analysis suggests that RSP is in a left hand translation. The favorable zone is the minor 50 - 78.6. Re-evaluation is if RSP moves through the daily cycle high. Targeting move to the weekly 78.6 and prior cycle low. Please review the RSP Trade idea video for a walk through of the analysis. It will be posted by 10 15 AM ET.,RSP is back at the favorable after moving down 3 pts. The lack of follow through lower and neutral ribbon is a warning sign of a failed breakdown.,Pending / Inactive,2023-05-18T19:59:19Z
589,AEM,Inactive,2023-05-04T13:28:41.422Z,Short-Term (1-3 weeks),58.06,Long,None,58.22 - 56.55,61.05 - 62.82,< 55.3,Weekly cycle analysis suggests that AEM is in a weekly rising phase. Momentum is positive. Daily analysis suggests that AEM is early in a short-term rising phase. SlimRibbon is positive. There are RISING minor supports just below current levels. Favorable is 38.2 to 78.6. Re-evaluation is the cycle low. Targeting move to the short-term 38.2% Fib Ext to 50% Fib Ext. Please see the video analysis for further info. Update 5/5: revised favorable zone and upside targets.,AEM is gapping down but remains just above favorable. The action in the miners and gold is suggestive of some subtle signs of stalling. Inactivating this one and will watch.,Pending / Inactive,2023-05-11T13:31:44Z
588,XBI,Inactive,2023-04-28T16:13:38.668Z,Short-Term (1-3 weeks),79.86,Long,None,79.77 - 77.85,83.9 - 84.37,< 76.49,Weekly cycle analysis suggests that XBI is early in an intermediate-term rising phase. Weekly momentum has just turned positive. Daily analysis suggests that XBI is due to form a short-term low. Low was due 4/26 - 5/4. SlimRibbon is neutral. There is a higher low basing cycle forming. Targeting a move to the short-term 78.6 retracement and 61.8% Fib extension. Favorable is the minor 38.2 to 61.8 Re-eval is the 78.6. Please refer to the trade idea video for a walk through of the analysis.,XBI got within 1.5% of target and reversed with the market. Stock is now back at the top of the favorable. We will revisit this post-Fed.,Pending / Inactive,2023-05-02T18:38:49Z
587,IBM,Inactive,2023-04-25T19:20:50.917Z,Short-Term (1-3 weeks),126.01,Short,None,127.7 - 129.55,123.01 - 121.71,> 131.4,Weekly cycle analysis suggests that IBM is late in an intermediate-term corrective phase. Weekly momentum is positive. The next weekly low is due 5/1 - 6/19. Daily cycle analysis suggests that IBM in a short-term declining phase on the dominant cycle. There is a minor cycle low due to form around now. We would expect a bear flag to form and IBM to remain below the 4/20 daily high which occurred after the recent earnings release. The next daily low is due 5/19 - 6/1. Targeting a move to re-test the recent swing low. Please review the Trade Idea video for a walk through of the analysis.,IBM traded to within 0.3% of favorable and failed sharply on the downside.. Stock is now in target.,Target Zone Reached (Early / Missed Entry),2023-05-04T13:41:40Z
586,TLT,Inactive,2023-04-20T13:35:11.976Z,Short-Term (1-3 weeks),104.82,Short,None,104.97 - 105.89,102.78 - 101.87,> 106.55,Weekly cycle analysis suggests that TLT remains in an intermediate-term rising phase. This continues to look like a bull flag. Weekly momentum remains positive. Daily analysis suggests that TLT has likely formed a short-term cycle high and is in a corrective period. SlimRibbon is now negative on the daily. The stock is close to a minor resistance zone. Favorable is the 38.2 to 61.8. Re-evaluation is the 78.6. Targeting a move to the weekly 61.8 and minor 127.2% Fib extension. The next daily low is due 5/1 - 5/10. We discussed the current TLT analysis in FutureSpeak on 4/19. I will release a video walk through by 10 AM ET.,TLT is expected to close through re-evaluation. Inactivating the idea.,Re-evaluation Level Hit,2023-04-25T19:41:30Z
585,EWY,Inactive,2023-04-17T13:36:49.856Z,Short-Term (1-3 weeks),62.8,Long,None,62.1 - 61.5,63.76 - 65.66,< 60.9,Weekly cycle analysis suggests that EWY is early in an intermediate-term rising phase. This is occurring after an important weekly basing cycle. Good odds we move through swing high at 65.62 in this rising phase. Daily analysis suggests that EWY is in a short-term rising phase. SlimRibbon is positive. There are RISING minor supports just below current levels. These supports coincide with the rising daily Ribbon. Favorable is the 38.2 to 50. Re-eval is the 61.8. Targeting a move to re-test the 78.6 and prior weekly/daily cycle high. Video will be posted by 9:50 AM ET.,EWY will close through re-eval today - inactivating setup.,Re-evaluation Level Hit,2023-04-25T13:52:36Z
584,NKE,Inactive,2023-04-13T14:06:28.358Z,Short-Term (1-3 weeks),124.7,Long,None,123.81 - 121.53,127.99 - 131.31,< 119.91,Weekly cycle analysis suggests that NKE is likely just entering into a new rising phase. Weekly momentum is now positive. The low was due 2/20 - 4/3. Daily analysis suggests that a basing cycle is forming. The SlimRibbon is now positively configured on the daily. We want to see the moving averages continue to expand on the upside and do not want to see it go negative at this point for the idea to remain valid. There are rising minor supports drawn from the 3/28 low to today's swing high. As NKE rallies the favorable and re-eval will rise with it. Keep this in mind as you monitor this idea. The favorable is the 38.2 to 61.8 Re-eval is the 78.6. Targeting a move to the weekly 78.6 and prior cycle high. Please see the trade idea video for a detailed walk through of the analysis.(4/19 updated favorable and re-eval),NKE got to within 30c of target and is now back at the top of favorable. We are inactivating the idea.,Pending / Inactive,2023-04-25T19:38:47Z
583,AMGN,Inactive,2023-04-11T13:25:50.269Z,Short-Term (1-3 weeks),250.9,Long,None,248.27 - 243.23,261.04 - 269.44,< 239.64,Weekly cycle analysis suggests that AMGN is in an intermediate-term rising phase. Weekly momentum is positive. Daily analysis suggests that AMGN is forming a swamped daily cycle. There are rising minor supports just below current levels. This zone coincides with the rising SlimRibbon. The favorable is the minor 38.2 to 61.8. Re-evaluation is the 78.6. Targeting move to weekly 50 - 61.8% Fib retracement.,With AMGN back near top end of favorable we are inactivating the setup. Earnings 4/27.,Pending / Inactive,
582,XHB,Inactive,2023-04-10T18:33:27.658Z,Short-Term (1-3 weeks),65.2,Short,None,65.9 - 67.21,63.04 - 60.68,> 68.14,Weekly cycle analysis suggests that XHB is in a corrective period. Weekly momentum remains negative. Next low due 5/15 - 6/26. Daily analysis suggests that XHB in a short-term corrective period. SlimRibbon remains slightly negative. The favorable is the short-term 38.2 to 61.8. Re-evaluation is the 78.6. Targeting a move to the weekly 50 - 61.8 Fib retracement. The next daily low is due 4/19 - 5/2. Level 3 members: Please see the trade idea post for a screenshot of the analysis. Level 4 members: you can download the analysis from the Chart Grid Archive and Chart Templates section on your dashboard. I will be highlighting this idea along with the MRK idea in Tuesday's Stock Sectors video.,XHB is gapping into the favorable - inactivating the idea.,Pending / Inactive,2023-04-11T13:39:51Z
581,MRK,Inactive,2023-04-10T18:13:10.652Z,Short-Term (1-3 weeks),112.3,Long,None,110.49 - 108.22,114.05 - 119.32,< 106.6,Weekly cycle analysis suggests that MRK is early in an intermediate-term rising phase. Weekly momentum is now positive. The low was due 1/30 - 4/3. We have discussed this name extensively on Discord in late 2022 as a bullish longer-term name given the large multi-year base it has broken out of. Daily analysis suggests that MRK is in a short-term rising phase. The SlimRibbon is now positive on the daily. There are RISING minor supports just below current levels. Targeting a move through the prior daily/weekly cycle high and the minor 161.8 Fib extension. If it closes below the minor 78.6 that would render the idea no longer valid. Core premise here is that the rising SlimRibbon would offer support on the downside.,MRK is in the target zone. It only got to within 0.7% of the favorable. Stock remains early in a weekly rising phase. Earnings coming 4/27. We will watch this closely for a new setup.,Target Zone Reached (Early / Missed Entry),2023-04-24T20:13:36Z
580,CELH,Inactive,2023-04-10T13:10:07.030Z,Short-Term (1-3 weeks),86.71,Short,None,89.23 - 92.0,83.26 - 80.25,> 94.77,Weekly cycle analysis suggests that CELH is late in an intermediate-term corrective period. Momentum is negative. Next low is due 4/24 - 6/5. Daily analysis suggests that CELH is forming a short-term cycle high. SlimRibbon daily is now neutralizing (this is why we called this a momentum breakdown trade type). The stock is stalling in a minor resistance zone drawn from the 2/2  high. Favorable is the minor 38.2 to 50. Re-evaluation is the 61.8. Targeting a move to the 78.6 and prior daily cycle low. The next low is due 5/2 - 5/12. Please scroll down to see the trade idea post for a walk through of the analysis.,CELH got within 1% of the target and is now back at favorable. We discussed on Discord the importance of seeing acceleration through 84.25. It tested exactly that level and rejected.,Pending / Inactive,2023-04-20T13:54:57Z
579,USD/JPY,Inactive,2023-04-04T15:45:07.329Z,Short-Term (1-3 weeks),131.57,Short,None,132.37 - 133.01,129.63 - 129.5,> 133.93,Weekly cycle analysis suggests that USDJPY is in the late stages of a corrective period. This is a period of heightened risk on the downside. Weekly momentum remains negative. The next low is due 4/10 - 5/15. Daily analysis suggests that USDJPY is likely forming an early daily cycle high. SlimRibbon and Reversal Scout remain negative. USDJPY is testing a minor resistance zone drawn from the most recent minor cycle high on 3/15 to the cycle low on 3/24. The favorable is the minor 50 - 61.8 retracement. Re-evaluation is the minor 78.6. Targeting a move to re-test the recent daily cycle low and the weekly 78.6. Video will be posted by noon EST.,Expecting USD JPY to close through re-eval today.,Re-evaluation Level Hit,2023-04-17T14:54:58Z
578,TJX,Inactive,2023-03-30T19:14:55.708Z,Short-Term (1-3 weeks),76.86,Long,None,75.97 - 74.81,79.19 - 80.89,< 73.98,"Weekly cycle analysis suggests that TJX is due to form a weekly low. The low is due 2/6 - 4/3. Weekly momentum is negative and needs to turn up to confirm the low. Daily analysis suggests that TJX is in a short-term rising phase. SlimRibbon is now neutral. Favorable is the RISING 38.2 - 61.8 support zone. Re-evaluation is the 78.6. Targeting a move to the short-term 61.8 - 78.6 retracement zone. We want to see a basing cycle form into the next daily cycle low. The next short-term low is due late April to early March. As we detailed in our Trade Ideas feed on Discord, we are looking for XRT to form a key weekly low imminently. TJX is one of the better acting retail names..",TJX only got to within 68c of the favorable and is now in the target. We will watch for a small pullback to the rising SlimRibbon daily to set up another long idea. Stock remains VERY early in a weekly rising phase off of a bullish base.,Target Zone Reached (Early / Missed Entry),2023-04-04T14:44:19Z
577,EWW,Inactive,2023-03-30T13:13:11.906Z,Intermediate-Term (3-8 weeks),59.21,Long,None,57.97 - 56.54,63.04 - 65.43,< 55.53,Weekly cycle analysis suggests that EWW has just formed a minor cycle low and remains in a rising phase. Weekly momentum is slightly negative. Daily analysis suggests that EWW is early in a short-term rising phase. SlimRibbon is now positive. There are RISING supports that are acting as the favorable entry. The favorable is the 38.2 to 61.8. Re-eval is the 78.6. Targeting move to the short-term 78.6 - 100% Fib extension zone. We call this the Fib Extension/Target zone and it is colored in blue on the chart. Please scroll down on the trade ideas page to see the EWW trade idea post. This post contains a screenshot of the analysis and a video walk through. Level 4 members: you can download the annotated TOS grid from the chart grid archive and chart templates section on your dashboard. (update 4/4: retracement zones are rising - keep track of the zones mentioned if you are watching this idea).,EWW rallied over 4% off the favorable and is stalling out vs the weekly cycle high. Pulling the idea as it trades around 59.50.,Pending / Inactive,2023-04-21T13:58:54Z
576,AMD,Inactive,2023-03-29T19:24:08.048Z,Short-Term (1-3 weeks),96.69,Long,None,93.29 - 90.47,102.43 - 104.81,< 87.65,Weekly cycle analysis suggests that AMD is early in a weekly rising phase. Momentum is positive. Daily cycle analysis suggests that AMD is in a short-term corrective phase. Daily cycle is a right hand translation. Expecting the rising daily SlimRibbon to act as support. Targeting a move to the recent swing highs and the top of a short-term Fib extension zone. Favorable is the minor 38.2 to 50% retracement. Close below the minor 61.8 renders the idea no longer valid.,AMD remains at top of favorable. Slight relative underperformance is a short-term warning. Inactivating idea,Pending / Inactive,2023-04-12T14:38:22Z
575,WDC,Inactive,2023-03-29T12:47:43.440Z,Short-Term (1-3 weeks),35.05,Short,None,35.7 - 36.9,33.75 - 32.51,> 37.75,Weekly cycle analysis suggests that WDC is late in an intermediate-term corrective period. This is a period where the odds are high that rallies would fail and we would see resolution on the downside. Momentum is negative The next low is due 4/3 - 5/22. Daily cycle analysis suggests that WDC is showing signs of an early cycle high and a left hand translation. A break through cycle low support at 33.75 would confirm the left hand translation. There is a mid-cycle daily low due in mid-April. This is the targeted timeframe (2-3 weeks) for this trade idea. The stock is testing a minor resistance zone and we are expecting it to fail in this zone. The favorable zone is the 38.2 to 61.8. Re-evaluation is the 78.6. Targeting a move to the weekly 78.6 retracement and the top of a minor Fib extension zone. Please refer to the trade idea video for a walk through of the analysis.,WDC broke through re-evaluation. This is suggestive that an intermediate-term low may have already formed,Re-evaluation Level Hit,2023-04-11T13:38:23Z
574,CMCSA,Inactive,2023-03-28T20:05:01.735Z,Intermediate-Term (3-8 weeks),36.45,Short,None,36.68 - 37.31,34.77 - 33.26,> 37.94,Weekly cycle analysis suggests that CMCSA is in a corrective period. Weekly momentum is negative. The next low is due 5/1 - 6/12. Daily analysis suggests that CMCSA is in a short-term rising phase. The next short-temr low is due 4/17 - 4/26.  SlimRibbon is mildly negative. The stock is testing a minor resistance zone. Favorable is the minor 38.2 to 50. Re-evaluation is the 61.8. Targeting a move to the weekly 50 - 61.8 Fib retracement zone.,CMCSA will likely close through re-eval. We have discussed this idea in Discord as it was moving through the favorable that it was unlikely to play out as expected.,Re-evaluation Level Hit,2023-04-10T18:24:40Z
573,HON,Inactive,2023-03-23T13:49:04.530Z,Short-Term (1-3 weeks),188.1,Short,None,189.99 - 193.55,182.26 - 177.62,> 196.08,Weekly cycle analysis suggests that HON is in a period of risk (late in a corrective period). Weekly momentum is firmly negative. Next weekly low is due 4/3 - 5/22. Daily cycle analysis suggests that HON is in a left hand translation (early cycle high formed). SlimRibbon is configured firmly negative. There are falling short-term resistances just above current levels. Targeting a zone from the short-term 61.8% to the 78.6% Fib extension. Please see the trade idea video for a walkthrough of the analysis.,"The market has picked up meaningful strength since the idea was published. A few notes on what has changed 1) SlimRibbon now close to neutralizing 2) likely close through the falling daily Ribbon. The premise of the idea was that we would remain below the falling Ribbon. While we remain in favorable, the price action in indicating a change in character.",Pending / Inactive,2023-04-03T13:49:22Z
572,NKE,Inactive,2023-03-22T15:14:40.385Z,Short-Term (1-3 weeks),124.17,Long,None,122.14 - 119.71,127.99 - 131.31,< 117.99,Weekly cycle analysis suggests that NKE is forming a basing cycle. There is a weekly low due 2/20 - 4/3. Weekly momentum is mildly negative. Momentum needs to turn up on the weekly to confirm the low.. Daily cycle analysis suggests that NKE is in a short-term rising phase. SlimRibbon is positively configured on the daily. There are rising supports just below current levels. The favorable is the 38.2 to 61.8. Re-evaluation would occur on a close below the the 78.6. Targeting a move to the weekly 78.6 and prior weekly cycle high.,While still in the favorable - NKE is struggling to hold the support zone. We will watch it.,Pending / Inactive,2023-03-22T19:12:26Z
571,VALE,Inactive,2023-03-21T19:43:28.604Z,Short-Term (1-3 weeks),15.73,Short,None,15.99 - 16.29,15.03 - 14.66,> 16.59,Weekly cycle analysis suggests that VALE has likely formed an early cycle high and is in a corrective phase. Weekly momentum is firmly negative. Daily cycle analysis suggests that VALE is in a short-term corrective period. SlimRibbon is negative on the daily. The stock is testing a short-term resistance zone. The favorable is the 38.2 to 50. Re-evaluation is the 61.8 retracement. Targeting a move to re-test the recent swing low from 3/15. The next short-term low is due 4/4 - 4/14.,VALE only traded to within 14c of the favorable and has already hit the target zone. The stock remains in a short-term corrective period.,Target Zone Reached (Early / Missed Entry),2023-03-28T18:33:10Z
570,LPX,Inactive,2023-03-20T15:31:35.288Z,Short-Term (1-3 weeks),56.4,Short,None,57.28 - 58.1,53.51 - 52.44,> 59.29,Weekly cycle analysis suggests that LPX is late in a corrective period. Weekly momentum remains firmly negative. Next low is due 4/3 - 5/22. Daily cycle analysis suggests that LPX is in a left hand translation (high formed early in cycle and expectation is that rallies would fail. The next low is due 3/27 - 4/6. The SlimRibbon remains negative. The favorable is the short-term 50 - 61.8 retracement. Targeting a move back to the weekly 78.6 retracement and a short-term 50% Fib extension. Video walkthrough will be posted by 11:50 AM ET.,Conditions satisfied. LPX tested the favorable entry and is now in the target.,Target Zone Reached,2023-03-24T14:06:31Z
569,AAPL,Inactive,2023-03-17T14:40:49.520Z,Short-Term (1-3 weeks),154.83,Long,None,153.25 - 149.56,160.51 - 164.42,< 147.61,Weekly cycle analysis suggests that minor out-of-phase low has just formed. The dominant cycle is still rising. Weekly momentum is positive. Daily cycle analysis suggests AAPL is in a short-term rising phase. SlimRibbon is positive. There are rising minor supports drawn from the 3/10 low to the intraday swing high today (3/17) that are serving as the favorable entry zone. Re-evaluation is the incremental higher low from 3/10. We want to see continued higher highs and higher lows for the uptrend to continue. Targeting a move to the short-term 50 - 61.8% Fib extension zone. Please refer to the AAPL Trade Idea video walk through for a look at the analysis.,AAPL only got to within 0.5% of the favorable and is now in the target.,Target Zone Reached (Early / Missed Entry),2023-03-22T15:01:38Z
568,/GC,Inactive,2023-03-15T10:40:37.660Z,Short-Term (1-3 weeks),1911.8,Long,None,1878.9 - 1866.4,1940.0 - 1975.2,< 1853.9,Weekly cycle analysis suggests that the minor weekly cycle low is in place in Gold. Weekly momentum is mildly negative and turning up. This needs to turn positive to confirm the intermediate-term low. The minor low was due 2/20 - 4/3. Daily cycle analysis suggests that /GC formed an early short-term low. It is not unusual for the daily low to form early or late relative to the existing daily cycle brackets. Important to focus on the weekly timing and then watch for shifts in short-term momentum to signs of change. The SlimRibbon daily is now configured positively. The favorable is the rising short-term 38.2 to 50% Fib retracement. Re-evaluation is the 61.8. Targeting a move to the 78.6 and prior daily cycle high.,/GC is now in target zone.,Target Zone Reached (Early / Missed Entry),2023-03-20T15:51:03Z
567,USD/JPY,Inactive,2023-03-15T10:24:39.025Z,Short-Term (1-3 weeks),134.0,Short,None,134.42 - 135.75,131.3 - 129.5,> 136.7,Weekly cycle analysis suggests that USDJPY is in the peaking phase of its weekly cycle. Weekly momentum remains positive. The next low is due 4/10 - 5/15. Daily cycle analysis suggests that USDJPY has had a daily cycle breakdown. The next daily low is due 3/28 - 4/10. The SlimRibbon has turned neutral (this is the premise behind the momentum breakdown trade type). The favorable is the short-term 38.2 to 61.8 Re-evaluation is the 78.6. Targeting a move to the intermediate-term 61.8 - 78.6 Fib retracements.,USDJPY only got to within 0.3% of the favorable and is now in the target. Remain in a left hand translation on daily.,Target Zone Reached (Early / Missed Entry),2023-03-20T15:34:19Z
566,DFS,Inactive,2023-03-14T13:44:03.236Z,Short-Term (1-3 weeks),102.2,Long,None,100.38 - 97.5,107.95 - 110.77,< 95.98,Weekly cycle analysis suggests DFS is in a bottoming phase. The low is due 2/27 - 4/3. Weekly momentum is negative. Note how DFS sold off into the timing - this is very typical action in a period of heightened downside risk (late in the weekly cycle). Daily cycle analysis suggests DFS is also in a bottoming phase. The short-term low was due 3/7 - 3/16. SlimRibbon daily is negative. This is a counter-trend idea.. Favorable is the rising minor supports (38.2 to 78.6). Re-evaluation is the recent swing low. Targeting a move to the intermediate-term 50-61.8 Fib retracement. Video will be posted by 10 AM ET.,DFS failed to form hourly base as it needed to. Inactivating setup.,Re-evaluation Level Hit,2023-03-15T19:57:11Z
565,GDX,Inactive,2023-03-13T19:55:34.230Z,Intermediate-Term (3-8 weeks),29.09,Long,None,28.25 - 27.16,30.76 - 31.89,< 26.59,Weekly cycle analysis suggests that minor weekly low is due to form. The low is due between late February and late March. Weekly momentum remains negative. Daily cycle analysis suggests that GDX has likely formed an early short-term low. SlimRibbon remains negative but is close to neutralizing. The favorable is the rising minor 38.2 to 78.6. Re-evaluation is the current swing low from 3/9. Targeting a move to the weekly 61.8 and 78.6.,Conditions satisfied. GDX tested the rising 38.2 to 78.6 support zone and is now in target.,Target Zone Reached,2023-03-20T15:48:51Z
564,APD,Inactive,2023-03-10T15:35:32.840Z,Short-Term (1-3 weeks),285.17,Short,None,291.72 - 297.22,273.91 - 264.41,> 302.71,Weekly cycle analysis suggests that APD is late in an intermediate-term corrective period. This is a period of heightened risk on the downside and is colored yellow on the chart. The next low is due 3/6 - 4/24. Weekly momentum is negative. Daily cycle analysis suggests that APD is likely forming a short-term cycle high. APD now has a bearish daily cycle config (lower cycle high and lower cycle low) - base case would be for a re-test of the recent cycle low on 2/23. This is the core premise behind the idea. The SlimRibbon is neutral. There are short-term resistances just above current levels. The favorable is the 38.2 to 50. Re-evaluation is the 61.8. Targeting a move to the prior daily cycle low and the intermediate-term 61.8 Fib.,APD came to within 0.6% of the favorable and has now tested the target zone.,Target Zone Reached (Early / Missed Entry),2023-03-15T18:32:58Z
563,TLT,Inactive,2023-03-09T21:20:48.427Z,Short-Term (1-3 weeks),102.07,Long,None,101.41 - 100.44,104.12 - 105.35,< 99.76,"Weekly cycle analysis suggests that TLT is due to form a minor weekly cycle low. The low is due 2/13 - 4/3. Weekly momentum remains negative. The daily cycle analysis suggests that TLT is due to form a short-term low. The low is due 2/28 - 3/10. The thesis behind the idea focuses on a higher low forming vs the recent swing low on 3/2. Look back at the price action in late October 2022, you will see a higher low formed once we formed the technical key cycle low - this is similar price behavior we are watching for. The favorable zone is the minor 38.2 to 61.8. If it closes below the 78.6 we will inactivate the idea. Targeting a move to the short-term 50 - 61.8% Fib retracement zone. We highlighted this analysis in FutureSpeak on Wednesday, 3/8. Please scroll forward to the 35:29 mark to see the analysis on TLT.",TLT is now in the target zone,Target Zone Reached (Early / Missed Entry),2023-03-10T15:38:36Z
562,A,Inactive,2023-03-09T16:20:11.190Z,Intermediate-Term (3-8 weeks),141.22,Short,None,145.06 - 147.84,135.75 - 131.67,> 150.61,Weekly cycle analysis suggests that A is in a left hand translation. Weekly momentum is negative. The next low is due in late June to July. Daily cycle analysis suggests that A is in a short-term rising phase. Daily cycle configuration is now negative (lower cycle highs and lower lows). Expectation would be for a retest of the recent low from 3/2 into the next daily timing. The next daily low is due 4/12 - 4/21. SlimRibbon daily is configured negatively. There are short-term resistances above current levels. Favorable is the 38.2 to 50. Re-evaluation is the 61.8  Targeting a move to the intermediate-term 61.8 Fib and a short-term 161.8% Fib Extension.,A is now in the target zone. LHT in play on daily - will continue to look for bear flags on shorter timeframes for short ideas.,Target Zone Reached (Early / Missed Entry),2023-03-10T15:22:21Z
561,AVGO,Inactive,2023-03-08T21:18:05.206Z,Short-Term (1-3 weeks),632.26,Long,None,616.57 - 608.08,645.75 - 665.78,< 599.58,Weekly cycle analysis suggests that AVGO is in a rising phase. Weekly momentum remains positive. Daily cycle analysis suggests that AVGO is forming a bullish swamped cycle or right hand translation. Swamped cycle implies that the underlying has rallied for most of a given cycle. Expectation would be for a mild pullback into the rising SlimRibbon and a resumption on the upside. The next daily low is due 3/10 - 3/21. AVGO has a bullish gap so far post earnings and is now consolidating sideways. We would expect to see new swing highs form in the next short-term rising phase.,Will be lowering the favorable entry and re-eval. Inactivating this idea.,Pending / Inactive,2023-03-10T17:11:33Z
560,EPI,Inactive,2023-03-08T17:18:31.461Z,Short-Term (1-3 weeks),32.5,Long,None,32.05 - 31.73,33.11 - 33.62,< 31.5,Weekly cycle analysis in EPI suggests a basing cycle is forming. The low is due 1/23 - 3/27. Weekly momentum is negative but curling up. Daily cycle analysis suggests that a short-term low has likely formed. The SlimRibbon is now neutral. There are RISING minor supports below current levels. Targeting a move to the weekly 61.8 - 78.6% Fib retracements. A close below the minor 78.6 would render this idea no longer valid.,Closed below re-evaluation,Re-evaluation Level Hit,2023-03-13T23:16:54Z
559,IP,Inactive,2023-03-06T19:59:44.059Z,Short-Term (1-3 weeks),36.53,Short,None,37.21 - 38.07,34.97 - 34.26,> 38.68,Weekly cycle analysis suggests that IP is in a corrective period. Weekly momentum is negative. The next low is due in June - July. Daily cycle analysis suggests that IP is in a short-term corrective period. If IP loses the cycle low support at 35.80 we would likely be in a left hand translation. The next dominant daily low is due in late April to early May. The next minor daily low is due in late March to early April. It is very important for the SlimRibbon to remain neutral to negative. We are only looking for a small test up to the minor resistance and a consequent failure. The upside levels are drawn from the lower high from 2/13 to the recent minor daily cycle low on 2/21. You will note that the zone essentially coincides with the falling SlimRibbon on the daily. The downside target is the intermediate-term 61.8 Fib retracement and the minor 61.8% Fib extension. Level 3 members: please scroll down on the trade idea page to see a screenshot of the analysis. Level 4 members: please go to the Chart Grid Archive and Chart Templates section on your dashboard to download the analysis to your platform.,Conditions for this idea were satisfied.,Target Zone Reached,2023-03-10T18:46:42Z
558,ARES,Inactive,2023-03-06T17:43:48.560Z,Short-Term (1-3 weeks),84.88,Long,None,83.28 - 80.66,90.38 - 92.91,< 79.65,Weekly cycle analysis suggests that ARES Management is in a rising phase. Weekly momentum remains positive. Daily cycle analysis suggests that ARES has just formed a short-term cycle low. The SlimRibbon is now positive. The favorable entry zone is the short-term 38.2 to 61.8. Re-evaluation is the recent swing low. Targeting a move to the minor 50 - 61.8% Fib extension drawn from the weekly. Please scroll down to review the trade idea video walkthrough on ARES. Level 4 members: this grid has been posted to the Chart Grid Archive and Chart Templates section on your dashboard.,"ARES remains near top end of favorable range. However, the weakness we see setting into financials is likely to extend out the weekly flag. We will inactivate.",Pending / Inactive,2023-03-09T16:21:58Z
557,UAL,Inactive,2023-03-02T13:43:06.828Z,Short-Term (1-3 weeks),52.39,Long,None,51.53 - 49.07,55.1 - 57.04,< 47.83,Weekly cycle analysis suggests that UAL has just formed a key weekly cycle low and is in a rising phase. Weekly momentum is positive. Bull flag. Daily cycle analysis suggests that UAL is in a short-term rising phase under the condition of a positive Slim Ribbon. There are rising minor supports just below current levels. Favorable is the 38.2 to 78.6 (rational behind having the 78.6 as part of the favorable is that UAL has been trading in a narrow range). Re-evaluation is the prior daily cycle low. Targeting a move to the 50 - 61.8 Fib extension zone. Update 3/6: Updated favorable zone (zone rises as price moves up as these are Fib retracement draws).,UAL only got to within 60c of favorable and tested the target zone.,Target Zone Reached (Early / Missed Entry),2023-03-08T14:13:59Z
556,FLR,Inactive,2023-03-02T13:40:29.179Z,Short-Term (1-3 weeks),37.61,Long,None,36.64 - 35.74,38.76 - 39.76,< 35.07,Weekly cycle analysis suggests that FLR is early in an intermediate-term rising phase. Weekly momentum is positive. Daily cycle analysis suggests that FLR is in a short-term rising phase. SlimRibbon is positively configured on the daily. There are rising supports just below current levels. The favorable is the minor 38.2 to 78.6. The rationale behind going down to the 78.6 is that this is a very narrow range for FLR. We are giving it to the prior daily cycle low for the re-evaluation level. Targeting a move to the short-term 61.8 - 78.6 Extension zone on the upside. Update 3/6 - levels moved up slightly due to price rally. Favorable remains the short-term 50-78.6 retracement.,Closed below re-evaluation. Next daily low due late March.,Re-evaluation Level Hit,2023-03-09T21:02:23Z
555,SCCO,Inactive,2023-03-01T15:23:59.896Z,Short-Term (1-3 weeks),75.89,Long,None,73.16 - 71.16,81.91 - 85.2,< 69.79,Weekly cycle analysis suggests that SCCO is due to form a weekly low. The low is due 2/20 - 4/3. Weekly momentum is slightly negative. There is a bull flag forming under the context of a right hand translation. The daily cycle analysis suggests that SCCO has likely just formed a short-term low. The SlimRibbon is currently neutral and needs to turn positive. There are rising minor supports just below current levels. The favorable is the 38.2 to 78.6. Re-evaluation is the recent swing low. Targeting a move to the short-term 61.8 - 78.6 Fib extension zone on the upside. Level 4/4+ members: the TOS grid is posted to the Chart Grid Archive and Chart Templates section. Level 3 members: please scroll down on the Trade Ideas page to see the SCCO Post. ** I also posted a video walk through in today's idea.,SCCO tested swing highs and got sold. Inactivating the idea and will watch for new setup around next daily mid cycle low which is due in late March.,Pending / Inactive,2023-03-07T18:18:02Z
554,CTRA,Inactive,2023-02-28T16:20:14.849Z,Short-Term (1-3 weeks),25.37,Long,None,24.57 - 23.92,26.47 - 27.62,< 23.45,Weekly cycle analysis suggests that a low is due to form. Low is due 2/13 - 4/3. Weekly momentum is now curling up and is positive. Weekly cycle structure remains bearish (only expecting test of the weekly resistance zone). Daily cycle analysis suggests that CTRA has put in a basing cycle. The SlimRibbon is overall very flat (no trend). Ribbon needs to turn positive and CTRA needs to trade through the prior daily cycle high at 26.20 to improve the short-term condition. Favorable is the rising minor 38.2 to 61.8 support zone. Re-eval is the 78.6. Targeting the weekly 38.2 to 50% Fib retracement zone.,Conditions for CTRA trade idea satisfied. CTRA traded into target zone. Will look for new setup.,Target Zone Reached,2023-03-03T18:00:00Z
553,ORLY,Inactive,2023-02-23T15:19:14.431Z,Short-Term (1-3 weeks),843.45,Long,None,833.19 - 820.61,873.94 - 884.93,< 808.02,Weekly analysis suggests that ORLY is early in a weekly rising phase. Weekly momentum is positive. Daily analysis suggests that ORLY is in a short-term corrective period. This is likely forming a bull flag (in the context of a positive SlimRibbon). The favorable entry is the short-term 38.2 to 50% retracement. Re-evaluation is the short-term 61.8 retracement. Given that the daily cycle structure is positive (higher cycle highs and higher cycle lows) - the odds favor a move to new swing highs in the next short-term rising phase. The daily low is due 3/7 - 3/15 (in line with the SPX analysis). **Level 3 members: please scroll down on this trade idea page and click on the ORLY trade idea post to see the analysis. Level 4 members: go to the Chart Grid Archive and Chart Templates section on your Dashboard to load the TOS annotated grid.,We have not activated this idea in ORLY since we are still in the corrective period. The low is due 3/7 - 3/15. We are going to re-establish a new idea in the next week or so.,Pending / Inactive,2023-03-01T14:40:30Z
552,CI,Inactive,2023-02-21T21:14:22.191Z,Intermediate-Term (3-8 weeks),292.15,Short,None,297.23 - 301.24,284.27 - 281.69,> 305.24,Weekly cycle analysis suggests CI is in a corrective period. Weekly momentum is negative. Weekly low is due 3/6 - 5/1. Daily cycle analysis suggests CI is in a short-term rising phase. Daily cycle structure is negative. Sum of the evidence suggests this rally is likely to fail in the resistances noted and at least re-test the prior daily cycle low from 2/7. The favorable entry is the minor 50 to 61.8. Re-eval is the minor 78.6. Targeting a move to the prior daily cycle low and the minor 100% Fib extension. Please refer to the trade idea post to see a screenshot for the analysis. Level 4 members: the TOS annotated grid is posted the Chart Grid Archive and Chart Templates section on your dashboard. Update: 2/28: lowered favorable and re-evaluation.,CI is now in the target zone. Very likely in the late stages of a short-term and intermediate-term corrective period. Every rally back to the 2-hour Ribbon has been sold.. We will continue to look for minor bounces to get a new short side idea on. The next low is only due late March.,Target Zone Reached (Early / Missed Entry),2023-03-07T15:05:52Z
551,MMM,Inactive,2023-02-15T17:26:18.104Z,Short-Term (1-3 weeks),111.94,Short,None,114.61 - 117.0,109.64 - 106.59,> 118.69,"Weekly analysis suggests that MMM is in a corrective period with negative momentum. The next intermediate-term low is due 3/13 - 4/17. Daily analysis suggests that MMM is in a corrective period. The SlimRibbon is negative. On 2/16: we updated the favorable entry, target and re-evaluation as the corrective period has accelerated on the downside. The favorable is the minor 38.2 to 61.8. Re-eval is the 78.6. Targeting a move to the short-term 61.8 Extension to 78.6 Extension. Next daily low is due 2/28 - 3/10.",MMM is in the target zone.,Target Zone Reached (Early / Missed Entry),2023-02-21T20:25:55Z
550,BAH,Inactive,2023-02-14T17:29:22.558Z,Short-Term (1-3 weeks),94.88,Short,None,96.86 - 98.52,91.5 - 89.31,> 100.18,Weekly analysis suggests that BAH is in a declining phase on the weekly. Momentum is negative. Low is due 3/20 - 4/24. Daily analysis suggests that BAH is stalling at the short-term resistances. SlimRibbon is neutral. The favorable is the short-term 38.2 - 50% Fib retracement. Re-evaluation is the 61.8. Targeting a move to the prior daily cycle low and the short-term 61.8 Fib extension. The next daily low is due 3/7 - 3/17.,"While BAH remains below the favorable entry, the stock has not had a meaningful move lower. We will re-evaluate.",Pending / Inactive,2023-03-03T18:11:13Z
549,HAL,Inactive,2023-02-10T20:28:13.157Z,Intermediate-Term (3-8 weeks),38.87,Long,None,38.16 - 36.92,41.68 - 43.42,< 35.15,Weekly cycle analysis suggests that HAL is due to form a weekly low. The low is due 1/9 - 2/20. Daily cycle analysis suggests that HAL is in the late-stages of a corrective period. The daily low is due 2/14 - 3/1. SlimRibbon is negative. Favorable is the 50-61.8 retracement. Re-eval is the 78.6. Targeting a move to prior cycle highs and short-term 78.6% Fib extension. Update 3/2 - lowered targets as HAL has now tested the 78.6 retracement on the daily versus the original expectation which was 38.2 to 61.8. New upside target is the weekly 78.6 retracement and the prior weekly cycle high.,HAL is going to close below re-evaluation. Likely left hand translation on daily.,Re-evaluation Level Hit,2023-03-10T18:45:48Z
548,/SB,Inactive,2023-02-07T19:17:01.762Z,Short-Term (1-3 weeks),20.74,Long,None,20.74 - 20.39,21.77 - 22.55,< 20.04,Weekly cycle analysis suggests that /SB is early in an intermediate-term rising phase. Weekly momentum is positive. Daily cycle analysis suggests that /SB is forming a bull flag and is testing a support zone. The favorable is the 38.2 to 50% Fib retracement. Re-evaluation is the 61.8. Targeting a move to the short-term Fib extension zone (78.6 - 100). There is a mid-cycle low due around mid-February.,Conditions for this idea have been satisfied. Sugar traded into favorable and is now testing the target zone.,Target Zone Reached,2023-02-09T14:27:04Z
547,MS,Inactive,2023-02-01T14:13:31.274Z,Intermediate-Term (3-8 weeks),96.6,Long,None,94.96 - 92.41,102.22 - 107.0,< 90.59,Weekly cycle analysis suggests that MS is early in an intermediate-term rising phase. Weekly momentum is positive. Daily cycle analysis suggests that it is forming a swamped daily cycle. Expectation would be for a test of the rising SlimRibbon and a resumption higher. Daily low is due 1/31 - 2/9. Favorable is the minor 38.2 to 61.8 Re-eval is the 78.6. Targeting a weekly Fib extension (78.6 - 100). Please review the trade idea post below to see a snapshot of the analysis. Level 4/4+ go to the Chart Grid Archive & Chart Templates section to download the TOS annotated grid.,MS missed the favorable entry. Inactivating the idea.,Pending / Inactive,2023-02-16T15:09:41Z
546,GS,Inactive,2023-01-26T15:56:51.050Z,Short-Term (1-3 weeks),352.02,Short,None,355.08 - 359.54,335.47 - 324.89,> 365.9,Weekly cycle analysis suggests that GS is in the late stages of a corrective period. Weekly low is due 1/16 - 2/20. Weekly momentum remains negative. Daily cycle analysis suggests that GS has broken the daily cycle low and now has a minorly negative daily SlimRibbon (this is why this is a momentum breakdown trade type). We are looking at this as a bear flag that sets up one more test of swing lows. Favorable is 50-61.8 Re-eval is the 78.6. Targeting a short-term 78.6 - 100% Fib extension zone (colored in blue on the chart). Next daily low is due 2/9 - 2/21.,GS weekly low has likely formed.,Re-evaluation Level Hit,2023-02-01T21:01:38Z
545,UNH,Inactive,2023-01-26T13:59:58.478Z,Short-Term (1-3 weeks),492.5,Short,None,504.64 - 513.88,480.08 - 474.75,> 523.11,Weekly cycle analysis suggests that UNH is in a corrective period. Weekly cycle structure is now negative since we have broken through the prior cycle low. UNH is getting late in the weekly cycle where there is heightened risk of failed rallies and lower lows. The next low is due 3/6 - 5/1. Weekly momentum is firmly negative. The daily cycle analysis suggests that the stock has formed a short-term low and is in a rising phase. Daily cycle structure is negative (lower cycle highs and lower cycle lows).  The SlimRibbon remains negative on the daily timeframe. The next short-term low is due 3/3 - 3/10.  Favorable is the 38.2 to 50% Fib retracement. Re-evaluation is the 61.8. Targeting a move to the 127.2% Fib extension and the prior cycle low.,Conditions for trade idea satisfied. UNH traded into favorable and is now in target zone. This is only being inactivated for tracking purposes.,Target Zone Reached,2023-02-02T14:52:23Z
544,OKE,Inactive,2023-01-25T21:06:25.642Z,Short-Term (1-3 weeks),68.9,Long,None,67.12 - 66.07,70.79 - 73.0,< 64.58,Weekly cycle analysis suggests that OKE is in a weekly rising phase. Momentum is positive. Daily cycle analysis suggests that OKE is in a minor corrective period. The stock has a bullishly configured daily cycle. The next daily low is due 2/2 - 2/14. The favorable is the short-term 50 - 61.8 retracement. Re-eval is the 78.6. Targeting a move to the short-term 78.6 - 100% Fib extension zone. Please note the down move on 1/24 did not occur..,OKE is still above favorable but not moving and has earnings coming - we are inactivating it.,Pending / Inactive,2023-02-09T14:31:35Z
543,DE,Inactive,2023-01-20T15:57:04.601Z,Short-Term (1-3 weeks),409.29,Short,None,420.99 - 430.22,399.62 - 387.23,> 436.78,Weekly cycle analysis suggests that DE is early in a corrective period. Weekly momentum is now negative. Next low is due 2/20 - 4/3. Daily cycle analysis suggests that DE has a daily cycle breakdown and potential left hand translation (LHT). There are falling minor resistances that we are using as our favorable entry and re-evaluation. Favorable is the 38.2 to 61.8 Re-eval is the 78.6. Targeting a short-term 127.2 - 161.8 Fib extension zone on the downside. Next daily low due 2/14 - 2/24.,DE conditions satisfied. It traded into favorable and got within 0.5% of target. We are removing this existing idea and will look to establish new idea on bounce.,Target Zone Reached,2023-02-09T14:29:07Z
542,URNM,Inactive,2023-01-19T16:00:47.285Z,Short-Term (1-3 weeks),34.08,Long,None,33.55 - 32.97,35.43 - 35.81,< 32.38,Weekly cycle analysis suggests that URNM is early in a weekly rising phase. Weekly structure is neutral (cycle low inside of prior weekly cycle high and low). Daily cycle analysis suggests that URNM is in a short-term corrective period. This corrective period is forming a bull flag. SlimRibbon is positive on daily. The short-term low is due 1/19 - 1/31. Favorable entry is the minor 38.2 to 50. Re-eval is the minor 61.8. These zones are drawn from the higher low from 12/28 to the recent swing highs. Targeting a move through prior cycle highs.,URNM missed favorable by 40c and is now trading in the target zone.,Target Zone Reached (Early / Missed Entry),2023-01-23T13:59:44Z
541,A,Inactive,2023-01-11T13:14:54.659Z,Short-Term (1-3 weeks),155.23,Long,None,152.64 - 148.97,160.26 - 161.11,< 146.35,Weekly cycle analysis suggests that Agilent is due to form a weekly low. The low is due 12/5 - 1/23. Weekly momentum remains negative. The daily cycle analysis suggests that Agilent has likely formed a short-term low. The low was due in early January. The SlimRibbon is now neutral. There are RISING minor supports below current levels. These zones are drawn from the cycle low on 1/6 to the high of day from 1/10. As price makes new highs - the favorable entry and re-evaluation will also rise. The favorable is the minor 38.2 to 61.8. Re-evaluation is the 78.6. Targeting a move to the prior daily cycle high and the short-term 100% Fib Extension. Please see the trade idea post for a screenshot of the analysis. Level 4/4+ members: you can download the TOS annotated grid from the Chart Grid Archive and Chart Templates section on your dashboard.1/18 - updated favorable entry and re-eval. Overall analysis remains the same.,A only traded to within 0.27% of the target and is now hovering above the favorable. We are inactivating the idea.,Pending / Inactive,2023-01-30T15:17:19Z
540,COST,Inactive,2023-01-10T14:28:32.122Z,Short-Term (1-3 weeks),478.75,Long,None,474.58 - 469.6,486.41 - 495.3,< 464.62,Weekly cycle analysis suggests that COST is due to form a weekly low. The low is due 12/26 - 1/30. Weekly momentum is negative. Daily cycle analysis suggests that COST has likely formed a short-term low. The SlimRibbon daily is close to neutralizing but remains negative. There are rising minor supports below current levels. Favorable is the minor 38.2 - 50. Re-evaluation is on a close below the minor 61.8. Targeting a move 1/9 swing high and a test of the intermediate-term 50% retracement. The minor fib levels are drawn from the higher low on 1/5 to the high from 1/9. Please see the trade idea post for a screenshot of the analysis. Level 4/4+ members can access the TOS annotated grid from the Chart Grid Archive and Chart Templates section on your dashboard. 1/18 updated favorable entry and re-eval.,"COST is back at the top of the favorable. However, given the gap down on the daily - it raises odds we have seen the cycle high for this daily cycle. We will watch to see if a basing cycle can form into the next daily low which is due in early Feb.",Pending / Inactive,2023-01-20T16:42:25Z
539,/CL,Inactive,2023-01-05T18:46:49.944Z,Short-Term (1-3 weeks),74.47,Short,None,75.91 - 76.98,72.49 - 70.04,> 78.05,"Weekly cycle analysis suggests that /CL is late in an intermediate-term corrective period. Next low is due 1/2 - 2/13. Daily cycle analysis suggests that /CL has formed a short-term high and is in a corrective period. Focus for this idea is on the daily mid-cycle low, which is due around mid-January. The daily SlimRibbon has now turned negative (this is the premise behind noting this as a momentum breakdown trade idea). Favorable is the minor 38.2 - 50. Re-evaluation is the minor 61.8 retracement. A close over 78.05 would have us inactivate the idea. Targeting the 78.6 and prior daily cycle low. Please refer to FutureSpeak from 1/4/2023 for a walk through of the crude analysis.","CL will likely close over favorable. Over the past few days on discord, we observed oil stocks pushing to highs with crude at lows.. this was an unusual scenario. Crude has since followed oil stocks to the upside.",Re-evaluation Level Hit,2023-01-11T20:50:52Z
538,EWA,Inactive,2023-01-05T14:46:50.242Z,Short-Term (1-3 weeks),22.3,Long,None,22.45 - 22.01,23.45 - 23.88,< 21.57,Weekly cycle analysis suggests that the dominant EWA cycle is rising and there is a minor third cycle low due to form (this is the rationale behind the Reversal - At Cycle Timing trade type). The daily cycle analysis suggests that EWA has likely formed a short-term low. The low was due in late December. The SlimRibbon daily remains negative. This needs to turn positive for confirmation of the daily low. Targeting the short-term 78.6 and prior daily cycle high. Favorable is a minor 38.2 to 50% Fib retracement. Re-evaluation is the minor 61.8. Please refer to the trade idea post to see a visual of the analysis.,Conditions for this trade idea have been satisfied. EWA traded into favorable and is now in target zone.,Target Zone Reached,2023-01-12T14:52:33Z
537,EPI,Inactive,2023-01-03T17:41:53.776Z,Short-Term (1-3 weeks),32.81,Short,None,32.83 - 33.17,31.73 - 31.12,> 33.66,Weekly cycle analysis suggests that EPI is getting late in its weekly cycle. This is a period where there is heightened risk on the downside. The next low is due 1/30 - 4/3. Daily cycle analysis suggests that EPI is forming a bear flag. The stock is testing a short-term 50 -  61.8% resistance zone. Re-evaluation is the 78.6. Targeting a move to the intermediate-term 50 - 61.8 retracement. The next daily low is due in early February.,EPI closed over favorable on Friday. Inactivating the idea. This action suggests that the weekly low likely formed on 12/19.,Re-evaluation Level Hit,2023-01-23T13:58:10Z
536,/ZW,Inactive,2022-12-16T15:38:43.465Z,Short-Term (1-3 weeks),756.0,Short,None,777.5 - 794.25,723.5 - 720.0,> 811.0,Weekly cycle analysis suggests that Wheat is in a left hand translation. Weekly momentum is negative. The next low is due 1/2 - 2/13. Daily cycle analysis suggests that Wheat is in a left hand translation. The SlimRibbon is firmly negative on the daily timeframe. There are minor resistances above current levels. Targeting a retest of the swing low and the short-term 161.8% Fib Ext. Favorable is the minor 38.2 to 50. Re-eval is the 61.8.,Ghosted weekly low is showing some signs of importance. Lack of clarity on weekly is leading us to inactivate the idea. We have not hit favorable.,Pending / Inactive,2022-12-21T18:08:41Z
535,/CL,Inactive,2022-12-13T19:55:54.656Z,Short-Term (1-3 weeks),75.57,Short,None,75.25 - 76.8,70.73 - 70.08,> 78.34,Weekly cycle analysis suggests that Crude is in a period of heightened downside risk. Weekly momentum is negative. Next low due 1/2 - 2/13. Daily cycle analysis suggests that /CL is in a left hand translation. We are looking at this as a bear flag in the context of a negatively configured SlimRibbon. Reversal Scout is negative on daily. The January contract is testing a minor resistance zone. Favorable is 38.2  to 50. Re-eval is 61.8. Targeting 61.8% Fib extension and the recent swing low.,CL broke through the resistance zone. This move confirms a likely late low on the daily cycle.,Re-evaluation Level Hit,2022-12-22T13:20:10Z
534,MS,Inactive,2022-12-08T16:34:46.607Z,Short-Term (1-3 weeks),88.21,Short,None,89.95 - 90.79,86.3 - 84.08,> 91.97,Weekly cycle analysis suggests that MS is late in a rising phase and due to form a high. Weekly momentum remains positive. The next low is due 12/26 - 2/13. Daily cycle analysis suggests that MS has had a daily cycle breakdown and is forming a bear flag. SlimRibbon is now neutral on daily (this is why we have denoted this a momentum breakdown trade type). There are falling resistances just above current levels. Favorable was set at the 50 - 61.8 retracement. Re-evaluation is the 78.6. Targeting the short-term 38.2 - 50 Fib retracement.,MS just entered the favorable. However the stock is acting well in the short term. We will inactivate and see if it fails at the top end of resistance before initiating new idea,Pending / Inactive,2022-12-12T16:09:58Z
533,COF,Inactive,2022-12-07T19:07:58.182Z,Short-Term (1-3 weeks),93.56,Short,None,96.86 - 99.4,90.64 - 90.27,> 101.22,Weekly cycle analysis suggests that COF is in a corrective period. The stock has broken below the weekly 78.6% Fib retracement early in the cycle. This is suggestive of a left hand translation. The next low is due 3/13 - 5/1. Daily cycle analysis suggests that COF is in a left hand translation on the daily. The next daily low is due 12/30 - 1/11. There are declining short-term resistances above current levels. Favorable is the 38.2 - 61.8 retracement. Re-eval is the 78.6. Targeting the short-term 61.8 Fib extension and the prior daily cycle low. Please review the Stock Sectors video from Tuesday (12/6/22) for a walk through of the analysis. COF starts 15:21. The video is attached in the trade idea post for convenience.,COF is below favorable. The stock bounced sharper than expected. Levels will need to be redone for new trade idea. Inactivating for now.,Pending / Inactive,2022-12-14T19:32:22Z
532,WM,Inactive,2022-12-06T15:01:17.894Z,Short-Term (1-3 weeks),167.5,Long,None,165.35 - 163.7,170.68 - 174.74,< 162.05,Weekly cycle analysis suggests that WM is early in an intermediate-term rising phase. Weekly momentum is positive. Daily cycle analysis suggests that a short-term cycle low is due to form. Low is due 12/2 - 12/13. There are minor supports below current levels. Favorable is 38.2 to 50. Re-eval is the 61.8 retracement. Targeting the prior cycle high resistances.,WM is sitting just above the favorable. However the stock has not established a cycle low and remains in period of risk. Given the likely daily cycle breakdown in the SPX - we will inactivate and focus primarily on short ideas.,Pending / Inactive,2022-12-07T18:39:23Z
531,EWZ,Inactive,2022-12-06T02:00:43.592Z,Short-Term (1-3 weeks),30.25,Short,None,30.96 - 31.66,28.63 - 28.32,> 32.35,Weekly cycle analysis suggests that EWZ is late in an intermediate-term corrective period. Weekly momentum is negative. The next low is due 1/9 - 2/27. Daily cycle analysis suggests that EWZ is forming a short-term cycle high. The stock is testing a short-term resistance zone. Favorable is the 38.2 to 50% retracement. Re-evaluation is the 61.8. Targeting the recent daily cycle low and a short-term 61.8% Fib extension level.,Conditions for trade idea have been satisfied. Note how quickly we hit the target zone. This is characteristic of a stock in late stages of correction.,Target Zone Reached,2022-12-12T15:31:29Z
530,DKS,Inactive,2022-12-05T14:11:04.518Z,Short-Term (1-3 weeks),119.18,Long,None,115.91 - 111.85,126.19 - 129.07,< 108.95,Weekly cycle analysis suggests DKS is early in an intermediate-term rising phase. Weekly momentum is positive. Daily cycle analysis suggests that DKS is in a short-term rising phase. The stock has a post-earnings consolidation and bull flag forming. Slim Ribbon daily is positive. Favorable is the minor 38.2 - 61.8. Re-eval is the minor 78.6. Targeting an intermediate-term 38.2 Fib extension and major 78.6 Fib retracement.,DKS is above the favorable. With the indexes at or near breakdown levels - the odds of a strong move higher in DKS into the targets is low. We will inactivate it.,Pending / Inactive,2022-12-07T16:06:51Z
529,ETN,Inactive,2022-12-05T13:54:23.419Z,Short-Term (1-3 weeks),1633.3,Long,None,159.58 - 157.14,169.44 - 171.88,< 154.69,Weekly cycle analysis suggests that ETN remains in an intermediate-term rising phase. Weekly momentum is positive. Daily cycle analysis suggests that ETN is due to form a short-term low. The low is due 11/28 - 12/8. The SlimRibbon daily is positive. The stock is testing a minor support zone. Favorable is the 38.2 to 50. Re-eval is the 61.8. Targeting a minor Fib extension zone on the upside. Level 3 members: please refer to the Trade Idea post to see a screenshot of the analysis. Level 4/4+ members: you can access the annotated grid from the Chart Grid Archive and Chart Templates section on your Dashboard.,ETN is back at the top of the favorable. The stock's SlimRibbon daily is now neutral. We will inactivate the idea and re-evaluate.,Pending / Inactive,2022-12-12T19:59:55Z
528,USD/CAD,Inactive,2022-11-28T15:16:28.708Z,Intermediate-Term (3-8 weeks),1.3445,Short,None,1.3511 - 1.36,1.3325 - 1.3204,> 1.3689,Weekly cycle analysis suggests that USD/CAD is in the late stages of an intermediate-term corrective period. Weekly momentum is negative (this is why we have noted this as a momentum continuation trade type). The next weekly low is due 12/5 - 1/9. Daily cycle analysis suggests that USD/CAD is in a short-term rising phase. SlimRibbon is close to neutralizing. ReversalScout daily is positive. We are looking for the short-term rising phase to lead to a failure in the weekly resistances. Favorable is the 38.2 - 50. Re-evaluation is the 61.8. Targeting a move to a minor 100% Fib Extension and the weekly 61.8% Fib retracement. Please refer to the Trade Idea post to see a screenshot of the analysis.,USDCAD is trading now below favorable and we have inactivated the idea. It formed a late weekly mid cycle low. This suggests more rangebound price action for this current daily cycle. Please review FutureSpeak from 11/30 for walk through of updated analysis.,Pending / Inactive,2022-11-30T12:03:12Z
527,HALO,Inactive,2022-11-18T15:28:47.994Z,Short-Term (1-3 weeks),52.9,Long,None,51.18 - 50.04,54.88 - 56.26,< 48.9,Weekly cycle analysis suggests that HALO is in an intermediate-term rising phase. Weekly momentum is positive. Daily cycle analysis suggests that HALO is consolidating after a bullish gap post-earnings. The SlimRibbon and Reversal Scout are positive. The favorable is the short-term 38.2 - 50. Re-evaluation is the 61.8. Targeting the recent swing high and the top of the short-term Fib Extension zone (blue shaded box on daily).,HALO only traded to within $1 of favorable. The stock is now in the target zone.,Target Zone Reached (Early / Missed Entry),2022-11-25T15:12:36Z
526,IBB,Inactive,2022-11-17T16:21:44.196Z,Short-Term (1-3 weeks),132.05,Long,None,132.36 - 130.97,136.46 - 139.57,< 129.57,"Weekly cycle analysis suggests that IBB is in a rising phase. Weekly momentum is positive. There is a significant basing cycle forming on the weekly. This is likely to be a very constructive sector after Q1 of 2023. Next weekly low is due 2/6 - 4/3. Daily cycle analysis suggests that IBB is in a short-term rising phase. SlimRibbon and Reversal Scout are positive on the daily. The favorable is the 50-61.8 retracement. Re-evaluation is the 78.6 retracement. Targeting the prior daily cycle high (green horizontal line on daily chart) and short-term 61.8 Fib extension (blue horizontal line on daily chart). Update 11/21: revised favorable, re-evaluation and target. Overall premise for idea remains the same. The stock is using up time in this minor corrective period going sideways - this is a bullish occurrence.",IBB is still above the favorable. This morning the stock tried to get to the target but missed by 70c and is now leaving a tombstone doji on above average volume. We will revisit.,Pending / Inactive,2022-11-28T19:15:55Z
525,VALE,Inactive,2022-11-17T15:39:28.424Z,Short-Term (1-3 weeks),15.13,Long,None,14.63 - 14.22,15.94 - 16.88,< 13.81,Weekly cycle analysis suggests that VALE is in a rising phase. Weekly momentum remains positive. There is a cycle base forming on the weekly. Next weekly low is due 1/2 - 2/27. Daily cycle analysis suggests that VALE is in a short-term rising phase. There is a bull flag forming on the daily. The stock is close to testing a short-term support zone. Favorable is 38.2 - 50. Re-eval is the 61.8. Targeting a retest of recent swing highs which coincide with the short-term 100% Fib extension.,VALE is selling off sharply after touching the short-term 100% Fib extension. This is weakening the short-term momentum conditions which raises the odds a lower high would form on a bounce vs  another test of highs. We have yet to touch the favorable and are inactivating it.,Pending / Inactive,2022-11-21T15:17:24Z
524,MNST,Inactive,2022-11-14T17:42:25.095Z,Short-Term (1-3 weeks),98.3,Long,None,96.52 - 94.07,103.33 - 106.93,< 92.33,Weekly cycle analysis suggests that MNST is very early in a weekly rising phase. Weekly momentum is positive. Daily cycle analysis suggests that MNST is due to form a short-term low. Daily Ribbon Ribbon + Reversal Scout are positive. There are rising minor supports just below current levels. Targeting a minor 127.2 - 161.8% Fib extension. Favorable is the minor 38.2 - 61.8 Fib retracement. Re-evaluation is the minor 78.6% Fib retracement. MNST is forming a swamped daily cycle so we would expect pullbacks into the rising daily SlimRibbon to act as support.,MNST is in the target zone,Target Zone Reached (Early / Missed Entry),2022-11-22T19:36:42Z
523,GDX,Inactive,2022-11-09T13:56:49.342Z,Short-Term (1-3 weeks),26.5,Long,None,25.72 - 24.97,27.58 - 28.33,< 24.43,Weekly cycle analysis suggests that GDX has formed a key weekly low. Low was due 9/5 - 10/31. Daily cycle analysis suggests that GDX is in a short-term rising phase. SlimRibbon and Reversal Scout daily are positive. There are rising minor supports below current levels. These levels coincide with the 2-hour SlimRibbon. Favorable is the 38.2 - 61.8. Re-eval is the 78.6. Targeting the prior daily cycle high and a short-term 127.2% Fib Extension. Please refer to the Stock Sectors Short-Term Swing Trade Planning video from 11/8 for a walk through of the analysis.,GDX is in the target zone,Target Zone Reached (Early / Missed Entry),2022-11-10T14:36:59Z
522,ASHR,Inactive,2022-11-08T21:38:43.145Z,Short-Term (1-3 weeks),26.45,Long,None,26.06 - 25.35,27.95 - 28.97,< 24.85,Weekly cycle analysis suggests that ASHR is due to form a key weekly low. The low is due 10/10 - 11/21. Daily cycle analysis suggests that ASHR has formed a short-term low and is in a rising phase. SlimRibbon is now neutral on the daily. There are short-term supports just below current levels. Favorable is 38.2 - 61.8. Re-evaluation is the 78.6. Targeting the short-term 61.8 and 78.6 Fib retracements on the upside.,Conditions for this idea have been satisfied. ASHR traded into favorable and has now traded into target zone. For a new trade idea - there is a mid-cycle low on the daily due around the end of the month. We will watch to see if it can hold the rising daily SlimRibbon.,Target Zone Reached,2022-11-17T13:51:48Z
521,TMUS,Inactive,2022-11-07T17:14:33.429Z,Short-Term (1-3 weeks),149.36,Long,None,146.93 - 144.63,154.38 - 158.56,< 142.22,Weekly cycle analysis suggests that TMUS is in a rising phase. Weekly momentum is positive. Daily cycle analysis suggests that TMUS is due to form a mid-cycle low. Mid-cycle low is due around 11/8. SlimRibbon is positive on daily. The stock is consolidating after a bullish earnings gap. Targeting recent swing high and short-term 50% Fib extension. Favorable is the minor 38.2 - 50% retracement zone. Re-eval is the minor 61.8.,TMUS is at the top of the favorable but given the rotation we are seeing presently we will inactivate. CPI data has led to a rotation into beaten up growth names and out of names that have been strong. We will watch this one into the next daily timing 11/28 - 12/8. Weekly picture remains extremely positive but may need to base here for a period before resuming higher,Pending / Inactive,2022-11-11T16:45:41Z
520,MRK,Inactive,2022-11-07T16:01:08.391Z,Short-Term (1-3 weeks),99.65,Long,None,96.83 - 95.39,100.83 - 103.13,< 93.94,Weekly cycle analysis suggests that MRK is in a rising phase. Weekly momentum is positive. MRK has a multi-year breakout and in a strong group (pharma). Daily cycle analysis suggests that MRK is due to form a mid-cycle low on the daily. Daily low is due around 11/7. SlimRibbon is firmly positive. The stock is forming a bull flag. Favorable is minor 38.2 to 50. Re-eval is 61.8. Target is recent swing high and a minor 100% Fib extension.,MRK trading in target zone,Target Zone Reached (Early / Missed Entry),2022-11-08T16:06:19Z
519,AVGO,Inactive,2022-11-04T12:38:25.435Z,Intermediate-Term (3-8 weeks),449.84,Short,None,459.45 - 473.16,429.06 - 415.07,> 486.87,Weekly cycle analysis suggests that AVGO is in an intermediate-term corrective period. Next low due 11/28 - 1/23. Daily cycle analysis suggests that AVGO is forming a short-term high. Slim Ribbon is now negative. There are short-term resistances above current levels. Favorable is the 38.2 - 50. Re-eval is the 61.8. Targeting the 78.6 and the prior daily cycle low. Next daily low due in early December.,AVGO will in all likelihood close above the re-eval. As we have been discussing for the past few days on Discord Semis have formed a key weekly low.,Re-evaluation Level Hit,2022-11-10T16:40:06Z
518,QRVO,Inactive,2022-11-03T14:31:02.963Z,Intermediate-Term (3-8 weeks),81.59,Short,None,85.85 - 89.09,75.38 - 72.86,> 92.33,Weekly cycle analysis suggests that SMH (sector) and QRVO (stock) are both late in corrective periods. This is a period of heightened downside risk. Weekly momentum is negative in both SMH and QRVO. The weekly low is due 11/28 - 1/9. Daily cycle analysis suggests that QRVO is in the process of forming a short-term high. The daily SlimRibbon is close to neutralizing. The stock is failing from a short-term resistance zone. Favorable is the 38.2 - 50. Re-eval is the 61.8. Intermediate-term target is the prior daily cycle low and the short-term 61.8% Fib extension.,QRVO is back at the base of the favorable. Given the weekly revision we have seen in the SMH - we will inactivate this idea as we do not see good odds of getting to the original target zone,Pending / Inactive,2022-11-09T16:59:29Z
517,COST,Inactive,2022-11-02T14:16:20.417Z,Short-Term (1-3 weeks),493.96,Long,None,488.45 - 480.93,512.82 - 522.58,< 473.4,Weekly cycle analysis suggests that COST is early in an intermediate-term rising phase. Weekly momentum remains negative. The daily cycle analysis suggests that COST is forming a basing cycle on the daily. The next daily cycle low is due 11/2 - 11/11. Targeting a move to the recent daily cycle high and short-term 78.6% Fib retracement. Favorable entry is the short-term 38.2 to 50 retracement. Re-evaluation is the short-term 61.8 Fib retracement.,COST at top of favorable. Market selling post FOMC. Will let dust settle and short term low form in COST before establishing new idea.,Pending / Inactive,2022-11-03T13:35:12Z
516,LIN,Inactive,2022-11-02T13:56:38.375Z,Short-Term (1-3 weeks),301.0,Long,None,290.33 - 287.1,302.56 - 304.02,< 282.5,"Weekly cycle analysis suggests that LIN is early in an intermediate-term rising phase. This is in alignment with the sector (XLB) which is also early in an intermediate-term rising phase. Daily cycle analysis suggests that LIN remains early in a short-term rising phase. There are rising short-term supports below current levels. Favorable is 38.2 - 50. Re-evaluation is the 61.8. Targeting the short-term 100 - 127.2% Fib extension zone. Updated 3:55 PM ET - LIN favorable, target, re-eval",SPX daily cycle high likely formed. We will wait on establishing new long ideas till market regains footing.,Pending / Inactive,
515,TSLA,Inactive,2022-10-27T14:12:27.240Z,Short-Term (1-3 weeks),224.0,Long,None,216.0 - 212.0,233.0 - 243.0,< 206.0,"Weekly cycle analysis suggests that TSLA is due to form a weekly low. The low is due 10/3 - 11/14. Weekly momentum remains negative. This is a counter-trend idea. Daily cycle analysis suggests that TSLA has likely formed a short-term low. The SlimRibbon is negative, Reversal Scout daily is positive. There are rising minor supports below current levels. Conservatively, using the 50-61.8 as the favorable Re-eval is the 78.6. Target is the minor 38.2 - 50% Fib drawn from the daily minor cycle high to recent low.",TSLA tested the favorable and then target zone.,Target Zone Reached,2022-11-02T16:38:11Z
514,EUR/USD,Inactive,2022-10-27T13:15:02.420Z,Short-Term (1-3 weeks),1.0007,Long,None,0.9944 - 0.9898,1.016 - 1.0197,< 0.9852,Weekly cycle analysis suggests that the EUR/USD is in a left hand translation on the dominant cycle. Minor cycle low has just formed and is in a rising phase. As discussed in futurespeak this is creating a weekly bear flag. The focus for this idea is on the daily timeframe. Daily cycle analysis suggests that EURUSD is in a short-term rising phase after forming a key basing cycle. There are rising short-term supports below current levels. Favorable is 38.2 - 50% fib retracement. Re-eval is the 61.8. Targeting the weekly resistance and prior daily cycle high. For a video walk through of the logic please refer to the futurespeak video from 10/26.,EURUSD almost tested the re-evaluation and is now back at the top of the favorable entry zone. With the Fed at 2 pm ET tomorrow we will inactivate here and revisit later this week.,Pending / Inactive,2022-11-01T10:33:58Z
513,XHB,Inactive,2022-10-26T16:19:16.867Z,Short-Term (1-3 weeks),58.67,Long,None,56.62 - 55.23,60.53 - 61.07,< 54.25,"Weekly cycle analysis suggests low due to form 9/19 - 10/24. Daily cycle analysis suggests that XHB that XHB is early in a short-term rising phase. Slim ribbon is now neutral, Reversal Scout is positive on daily. There are RISING minor supports just below current levels. Targeting weekly 50% fib and short-term 78.6. If it closes below minor 78.6 will inactivate.",Inactivating XHB as it trades near top of favorable entry. The stock almost broke the 78.6% early in a short-term rising phase - this is a bearish warning.,Pending / Inactive,2022-11-04T14:33:25Z
512,MDY,Inactive,2022-10-26T12:55:31.206Z,Short-Term (1-3 weeks),435.03,Long,None,425.86 - 419.83,442.77 - 449.59,< 415.54,Weekly cycle analysis suggests that MDY has just formed a key weekly low and is in a rising phase. Weekly momentum remains negative but is improving. Daily cycle analysis suggests that MDY is in a short-term rising phase. Slim Ribbon is now neutral. Daily Reversal Scout is positive. There are RISING minor supports below current levels. Targeting a minor 100% Fib Extension zone and a 78.6% Fib shown on the daily chart. If it closes below the minor 78.6 that would render the idea no longer valid. There is a mid-cycle low on the daily due around late October - we would expect this small dip set up another move to the upside.,MDY is already in the target - dips remain opportunities for long ideas. We will look to establish a new idea.,Target Zone Reached (Early / Missed Entry),2022-10-26T16:24:49Z
511,LOW,Inactive,2022-10-24T14:19:43.913Z,Short-Term (1-3 weeks),185.0,Short,None,189.34 - 192.4,178.57 - 172.11,> 196.76,Weekly cycle analysis suggests that LOW is in corrective period. Weekly momentum is negative. Next low due 12/19 - 1/30. Daily cycle analysis suggests that LOW is in a short-term corrective period. SlimRibbon and Reversal Scout are negative on daily. The stock is testing a declining short-term resistance zone. Favorable is the 50-61.8.  Re-eval is the 78.6. Targeting the short-term 100 - 127.2% Fib extension zone. Next daily low due 11/3 - 11/11.,LOW is likely to close over the re-evaluation and therefore we are inactivating the idea. Shifted cycle clearly in play. Please refer to updated HD daily analysis for reference.,Re-evaluation Level Hit,2022-10-28T19:37:28Z
510,PVH,Inactive,2022-10-20T20:06:30.478Z,Intermediate-Term (3-8 weeks),47.16,Short,None,50.82 - 53.09,43.49 - 42.3,> 55.36,Weekly cycle analysis suggests PVH late in corrective period. Weekly momentum negative. Daily cycle analysis suggest PVH stalling at minor resistance zone. Favorable is 38.2 - 50. Re-eval is 61.8. Target is prior daily cycle low and minor 127.2% Fib extension. Next daily low due in early Nov.,PVH is back at the base of the favorable entry. The stock's daily SlimRibbon is now neutral - this invalidates the thesis behind the idea. We are inactivating the idea.,Pending / Inactive,2022-10-28T12:32:46Z
509,/HOX22,Inactive,2022-10-20T13:44:16.171Z,Short-Term (1-3 weeks),3.9292,Long,None,3.7871 - 3.6739,4.1535 - 4.2227,< 3.5607,Weekly cycle analysis suggests that /HO is in an intermediate-term rising phase. Weekly momentum is positive. Daily cycle analysis suggests that /HO is due to form a daily cycle low. Low is due 10/20 - 11/2. Heating oil is testing a minor support zone. Favorable is 38.2 - 50% Fib retracement. Re-eval is the 61.8. Target is the daily cycle high and a minor 50% Fib extension. Video will be posted by 9 45 am ET. This is the november contract.,Conditions for this idea have been satisfied. /HOX22 traded into the favorable and has now hit the target.,Target Zone Reached,2022-10-26T15:19:10Z
508,SQM,Inactive,2022-10-18T19:05:53.440Z,Short-Term (1-3 weeks),89.02,Short,None,90.89 - 94.1,81.39 - 76.88,> 97.31,Weekly cycle analysis suggests that SQM formed a double top and is in a corrective period. The next low is due 1/2 - 2/20. Daily cycle analysis suggests that SQM is in a short-term corrective period (left hand translation). The stock is testing a minor resistance zone. Favorable is the minor 38.2 - 50% Fib. Targeting the short-term 61.8% - 78.6% Fib extension zone. If it closes over the minor 61.8 we will inactivate the idea. Next daily low due 11/3 - 11/14. Video will be posted by 3 pm ET.,SQM at base of favorable - we are inactivating SQM as we have identified a clear alternate daily cycle which suggests a short-term low already formed.. please refer to the discord office hours from 10/21/22,Pending / Inactive,2022-10-24T13:45:30Z
507,CSIQ,Inactive,2022-10-18T13:48:33.372Z,Short-Term (1-3 weeks),31.69,Short,None,33.01 - 34.27,28.92 - 26.86,< 35.53,Weekly cycle analysis suggests that CSIQ and the solar group has formed a weekly high. Weekly momentum is firmly negative in CSIQ. We are in a period of heightened downside risk (late in the weekly cycle) where rallies are likely to fail. Daily cycle analysis suggests the stock is in a short-term rising phase in a negative daily cycle configuration. There are minor resistances just above current levels. Favorable is the 38.2 - 50% minor Fib retracement. Close over the 61.8 would render the idea no longer valid. Targeting the prior daily cycle low and the weekly cycle low. Next low on daily low 11/3 - 11/11. Video will be posted by 945 AM ET.,CSIQ only traded to within 3% of the favorable and has now traded into the target zone. Stock still has a bearish bias on the daily timeframe. We will look for another setup.,Target Zone Reached (Early / Missed Entry),2022-10-20T14:31:05Z
506,LW,Inactive,2022-10-17T13:10:08.871Z,Short-Term (1-3 weeks),85.0,Long,None,82.36 - 80.17,88.43 - 90.47,< 78.61,"Weekly cycle analysis suggests that LW just formed a key intermediate-term low and is in a rising phase. Weekly momentum is neutral. Daily cycle analysis suggests that LW is in a short-term rising phase. As discussed in last week's Stock Sectors video, LW gapped up post earnings on volume and then held the gap. This is a bullish continuation pattern. We tested the supports shown in the video and bounced into the targets. Now, we formed a mid-cycle low on the daily and would look for minor dips to get bought and then trade up to the minor Fib extension zone. This stock is clearly showing good relative strength vs the market. The favorable entry is a minor support zone (lining up with the rising daily Slim Ribbon). Target is the minor Fib extension zone. If it closes below the minor 78.6 we will inactivate the idea. Video will be posted by 9:15 AM ET.",LW is at the top of the favorable however the risk vs reward and likelihood of getting to the original target are now lower. We will inactivate and watch it near the next daily low for a setup.,Pending / Inactive,2022-10-21T17:47:04Z
505,PEP,Inactive,2022-10-14T14:56:25.201Z,Intermediate-Term (3-8 weeks),172.0,Long,None,170.47 - 166.84,"176.77 - 181.07, 181.58 - 187.19",< 166.84,Weekly cycle analysis suggests that PEP is just now entering an intermediate-term rising phase. Weekly momentum is negative. The low was due 8/29 - 10/10. Daily cycle analysis suggests that PEP is in a short-term rising phase. The stock had a strong rally post earnings and is now bull flagging on shorter timeframes. The favorable is the short-term 38.2 - 50% fib. Re-eval is the 61.8% fib. Initial target is the 78.6 and the prior daily cycle high. Intermediate-term target is the minor weekly cycle 78.6 - 100% Fib extension. Video will be posted by 11 am et.,Conditions for this idea have been satisfied. PEP traded into favorable and has now traded into the S-T target. The stock remains bullish and would consider another long idea on dips. Weekly targets remain valid next levels on the upside.,Target Zone Reached,2022-10-18T13:37:39Z
504,XBI,Inactive,2022-10-05T13:22:11.195Z,Short-Term (1-3 weeks),81.75,Long,None,79.97 - 78.06,84.91 - 87.61,< 76.7,Weekly cycle analysis suggests that XBI is due to form a mid-cycle low on the weekly. Low is due end of Sept to early Oct. (This timing is why the trade type is reversal at cycle timing). Daily cycle analysis suggests that XBI is in a short-term rising phase. Slim Ribbon is negative but close to neutralizing. There are rising minor supports below current levels. Favorable is 38.2 - 61.8 retracement zone. Re-eval is 78.6 retracement. Target is the short-term 61.8 - 78.6 retracements.,XBI traded into favorable and has now traded into target.,Target Zone Reached,2022-11-02T19:05:04Z
503,EVH,Inactive,2022-10-04T18:27:13.158Z,Short-Term (1-3 weeks),37.26,Long,None,36.41 - 35.45,38.52 - 39.78,< 34.76,The weekly cycle analysis suggests that EVH is due to form an intermediate-term low. The low is due 9/12 - 10/17. Weekly momentum is positive. The daily cycle analysis suggests that EVH is in a short-term rising phase. Slim Ribbon is close to neutralizing but currently negative. There are short-term supports below current levels. Targeting the 78.6 and prior daily cycle high. A close below the 78.6% on the daily would inactivate the idea.,"EVH tested recent swing highs and then broke the re-evaluation. The weekly low is most likely extending out into late Oct, which is when the next daily low is due.",Re-evaluation Level Hit,2022-10-07T17:29:23Z
502,BAH,Inactive,2022-10-04T14:39:29.734Z,Short-Term (1-3 weeks),97.64,Long,None,95.58 - 93.95,"100.26 - 103.32, 106.06 - 109.55",< 92.78,There is a multi-year base forming in BAH (see screenshot in trade idea post below). Weekly cycle analysis suggests that the stock is due to form a weekly low. Low is due 9/5 - 10/17. Weekly momentum is negative. Daily cycle analysis suggests that BAH is early in a short-term rising phase. The SlimRibbon has now neutralized. The Reversal Scout daily is now positive. There are rising short-term supports below current levels. If BAH closes below the 78.6% daily - we will inactivate the idea. Targeting in short-term the prior all-time high and a minor weekly Fib extension. Intermediate-term target is the 50-61.8% Fib extension shown on the weekly chart. Video will be posted by 10:45 AM ET.,With the market rally in the AM session - BAH is back near top of favorable. We will inactivate and wait for a clearer setup.,Pending / Inactive,2022-10-13T15:26:58Z
501,/HG,Inactive,2022-09-30T16:25:45.104Z,Short-Term (1-3 weeks),3.42,Short,None,3.46 - 3.52,3.27 - 3.24,> 3.59,The weekly cycle analysis suggests that /HG has likely formed an intermediate-term high. Weekly momentum is slightly positive and close to rolling over. There is a mid-cycle low due in mid-Oct. Daily cycle analysis suggests that /HG is in a short-term corrective phase. Copper is testing the falling ribbon which coincides with the favorable entry. Favorable entry is the short-term 50-61.8 Fib retracement Targeting the intermediate-term 78.6 and the recent swing low. If it closes over the 78.6 on the upside we will inactivate the idea.,/HG is still below the favorable entry. However we are noticing strength in copper miners and that is having us re-evaluate the alternate daily in /HG. Given lack of clarity here we will inactivate.,Pending / Inactive,2022-10-04T14:38:30Z
500,NFLX,Inactive,2022-09-29T14:23:38.169Z,Short-Term (1-3 weeks),243.0,Long,None,237.24 - 229.05,250.49 - 266.88,< 227.38,Weekly cycle analysis suggests that NFLX is in weekly rising phase. Stock is a horizontal consolidation while market is correcting. There are short-term supports below current levels. IF the stock loses the low of the bull bar from 9/28 that would render the idea no longer valid. Targeting prior daily cycle high and the short-term 61.8 Fib extension.,NFLX got within a few dollars of the target and then backed off and almost tested the re-evaluation. With the stock now back above the favorable and earnings coming up we will inactivate the idea.,Pending / Inactive,2022-10-05T19:18:35Z
499,BIDU,Inactive,2022-09-20T14:35:42.037Z,Short-Term (1-3 weeks),127.07,Short,None,130.98 - 133.17,121.69 - 117.45,> 136.29,The weekly cycle analysis suggests that BIDU is late in an intermediate-term corrective period. Weekly momentum is negative. The next weekly low is due 9/19  - 10/24. The daily cycle analysis suggests that BIDU is in a short-term corrective period. The SlimRibbon is negative on the daily. There is an out-of-phase minor cycle low due to form. Given the negative configuration of the Ribbon and the daily cycle breakdown - odds favor this would be a bear flag. There are minor resistances above current levels. The favorable entry is the minor 50-61.8. Re-eval is the minor 78.6%. Target is the recent swing low and a minor 100% Fib extension. Trade idea video will be posted by 10:40 AM ET.,BIDU traded into target zone. We will look to establish a new idea.,Target Zone Reached (Early / Missed Entry),2022-09-21T19:00:18Z
498,META,Inactive,2022-09-15T13:58:04.640Z,Short-Term (1-3 weeks),152.75,Short,None,157.58 - 162.85,144.2 - 136.8,> 166.61,Weekly cycle analysis suggests that FB is in an intermediate-term corrective period. Weekly momentum is negative. The next key weekly low is due 10/10 - 11/21. The daily cycle analysis suggests that FB is in a left hand translation (early cycle breakdown). SlimRibbon is now negative. FB is breaking down from a bearish rectangle - this breakdown was accompanied with good volume confirmation. There are falling minor resistances that we are using as the favorable entry. If it gets over the minor 78.6% - we would constitute that as a breakout failure and will inactivate the idea. Video will be posted by 10 AM ET.,META missed favorable entry by a few dollars and sold off hard into the target zone. Stock remains bearish on weekly and daily timeframe.,Target Zone Reached (Early / Missed Entry),2022-09-21T14:56:03Z
497,DPZ,Inactive,2022-09-12T13:52:13.109Z,Short-Term (1-3 weeks),376.0,Short,None,382.21 - 388.38,356.02 - 343.3,> 397.47,The weekly cycle analysis suggests that DPZ has formed an intermediate-term high. Weekly momentum is now negative. The next low is due 10/24 - 12/12. Weekly cycle configuration is negative. The daily cycle analysis suggests that DPZ is in a short-term corrective period. The Slim Ribbon is negative. The stock is testing a short-term resistance zone. Favorable is the short-term 50-61.8% retracement. Targeting the prior swing low and the short-term 161.8% Fib extension. The next daily low is due 9/23 - 10/4. IF it closes over the short-term 78.6% Fib retracement we will inactivate the idea.,DPZ is now in the target. Note how quickly this market failed as it tested the falling ribbon. Good chart to keep in files for future reference.,Target Zone Reached (Early / Missed Entry),2022-09-13T13:39:40Z
496,SBUX,Inactive,2022-09-12T13:31:55.651Z,Short-Term (1-3 weeks),88.99,Long,None,86.79 - 84.83,91.6 - 94.3,< 83.44,The weekly cycle analysis suggests that SBUX has just formed a key intermediate-term low. Weekly momentum remained positive throughout the corrective period. The low was due 8/8 - 9/12. The daily cycle analysis suggests that SBUX is in a short-term rising phase. There are rising supports below current levels. Targeting a move to the short-term 100-127.2% Fib extension. If it closes below the short-term 78.6% Fib retracement - we will inactivate the idea. Video will be posted by 9:40 AM ET.,The conditions for this trade idea have been satisfied. SBUX traded into the favorable and has moved to the target.,Target Zone Reached,2022-09-14T14:58:31Z
495,GRMN,Inactive,2022-09-09T17:06:02.666Z,Intermediate-Term (3-8 weeks),90.6,Short,None,93.57 - 95.18,86.73 - 84.4,> 97.48,The weekly cycle analysis suggests that GRMN is late in a corrective period. The next weekly low is due 9/26 - 10/31. Weekly momentum is negative. Weekly cycle configuration is also negative. The daily cycle analysis suggests that GRMN is in a short-term rising phase. Daily cycle configuration is negative. There are short-term resistances above current levels. Targeting a move to the prior daily cycle low and the base of a short-term Fib extension zone. If it closes over the short-term 78.6% Fib retracement - that would render the idea no longer valid. Trade idea video will be posted by 1:15 PM ET.,The conditions for this Trade Idea have been satisfied. GRMN traded into the favorable entry and has now hit the target. The stock remains in a corrective period on the weekly and daily timeframes. We inactivate it solely for performance tracking purposes.,Target Zone Reached,2022-09-16T15:33:28Z
494,FEZ,Inactive,2022-09-09T14:10:31.022Z,Short-Term (1-3 weeks),34.36,Short,None,34.59 - 35.13,32.84 - 32.19,> 35.66,Weekly cycle analysis suggests that FEZ is late in a corrective period. The weekly low is due 9/26 - 10/31. The daily cycle analysis suggests that FEZ is late in a short-term corrective period. The next daily low is due 9/14 - 9/23. The stock is testing a falling short-term resistances and the SlimRibbon on the daily. Targeting a minor 100% Fib extension and the prior daily cycle low. If it closes over the short-term 61.8% Fib retracement - we will inactivate the idea as it indicates an early short-term low formed. Video will be posted by 10:15 AM ET.,FEZ is trading below the favorable. There is some lack of clarity on the short-term pattern. Will evaluate and see if it can get one more dip into the 33 area (prior swing low).,Pending / Inactive,2022-09-14T16:23:51Z
493,AMD,Inactive,2022-09-08T19:01:06.927Z,Short-Term (1-3 weeks),81.79,Short,None,85.39 - 87.73,78.66 - 71.6,> 90.06,"The weekly cycle analysis suggests that AMD has formed an early intermediate-term high. Weekly cycle configuration is negative. Weekly momentum is now negative. The daily cycle analysis suggests that AMD is  late in a short-term corrective period. Under these conditions, we would expect attempted rallies would fail at the falling SlimRibbon. There are minor resistance above current levels. The favorable entry is the 38.2 - 50% Fib retracement. The 61.8% is the re-evaluation. Targeting the 78.6% Fib retracement and the prior weekly cycle low. The next low on the daily is due 9/15 - 9/23. Video will be posted by 3:15 PM ET.",The conditions for this trade idea have been satisfied. AMD traded into the favorable and is now in the target zone.,Target Zone Reached,2022-09-13T15:19:23Z
492,RS,Inactive,2022-08-29T17:36:54.454Z,Short-Term (1-3 weeks),198.1,Long,None,194.46 - 191.67,205.22 - 212.08,< 187.16,The weekly cycle analysis suggests that RS is in an intermediate-term rising phase. Weekly momentum is positive. The daily cycle analysis suggests that RS is in a short-term rising phase. The SlimRibbon and Reversal Scout are positive on the daily. There are rising minor supports below current levels. Targeting a minor Fib extension zone. If it closes below the daily cycle low support - that would invalidate the idea. Trade Idea video will be posted by 1:45 PM ET.,RS closed below re-evaluation.,Re-evaluation Level Hit,2022-09-01T22:28:25Z
491,SILJ,Inactive,2022-08-25T14:47:23.663Z,Intermediate-Term (3-8 weeks),9.75,Long,None,9.4 - 9.16,"10.11 - 10.45, 10.51 - 10.96",< 8.81,"The weekly cycle analysis suggests that SILJ is in an intermediate-term rising phase. Weekly momentum is now positive. The daily cycle analysis suggests that SILJ was due to form a short-term low. SILJ has a morning star on the daily - this very likely marks the short-term bottom. The favorable entry is the short-term 50-61.8% Fib retracement. Targeting the short-term 78.6% Fib and the prior daily cycle high. Above that zone, we have the short-term Fib extension/target zone. If it closes below the short-term 78.6% Fib retracement - we will inactivate the idea. Trade idea video will be posted by 10:50 AM ET.",SILJ closed below re-evaluation,Re-evaluation Level Hit,2022-09-01T22:28:49Z
490,MDT,Inactive,2022-08-25T13:45:40.038Z,Short-Term (1-3 weeks),89.63,Short,None,91.16 - 92.86,86.7 - 85.7,> 94.06,The weekly cycle analysis suggests that MDT is likely forming an intermediate-term high. Weekly cycle structure is very negative. Momentum remains positive. The daily cycle analysis suggests that MDT is due to form a mid-cycle low on the daily. The stock had a bearish gap post earnings and is now forming what we believe to be a bear flag. There are minor resistances above current levels. Targeting the prior daily cycle low and the short-term 50% Fib extension. If it closes over the minor 78.6% Fib retracement - we will inactivate the idea. Trade idea video will be posted by 9:50 AM ET.,Conditions for this trade idea have been satisfied.,Target Zone Reached,2022-09-01T22:29:18Z
489,CTRA,Inactive,2022-08-18T14:09:50.641Z,Short-Term (1-3 weeks),30.24,Long,None,29.25 - 28.38,31.93 - 33.28,< 27.75,The weekly cycle analysis suggests that CTRA is in an intermediate-term rising phase. Weekly momentum is now positive. The daily cycle analysis suggests that CTRA is in a short-term rising phase. There are rising minor supports below current levels. If it closes below the minor 78.6% Fib retracement - we will inactivate the idea. Targeting a short-term 78.6% - 100% Fib extension zone on the upside. update 8/19: favorable entry (rising minor supports),CTRA is now trading the target zone. Stock remains in a short-term rising phase.,Target Zone Reached (Early / Missed Entry),2022-08-29T14:58:05Z
488,OXY,Inactive,2022-08-15T14:11:11.931Z,Short-Term (1-3 weeks),63.34,Long,None,62.54 - 60.36,66.97 - 69.73,< 58.81,The weekly cycle analysis suggests that OXY has likely formed a key intermediate-term low. Weekly momentum is now positive. The daily cycle analysis suggests that OXY is still early in a short-term rising phase. Slim Ribbon is mildly positive. OXY is testing a short-term support zone. Targeting a short-term 100% Fib extension and the intermediate-term 78.6% Fib retracement. If OXY closes below the short-term 78.6% Fib retracement - we will inactivate the idea.,The conditions for this idea have been satisfied. OXY tested the favorable entry and is now in the target zone.,Target Zone Reached,2022-08-22T13:44:57Z
487,HL,Inactive,2022-08-10T16:47:13.440Z,Short-Term (1-3 weeks),4.67,Long,None,4.32 - 4.15,4.81 - 5.18,< 3.99,The weekly cycle analysis suggests that HL is in an intermediate-term rising phase. Weekly momentum is negative. The daily cycle analysis suggests that HL is late in a short-term rising phase. The Slim Ribbon remains positive. There is a basing cycle forming on the daily. Favorable entry is the rising short-term 38.2 - 50% Fib retracement. If it closes below the short-term 61.8% Fib retracement - that would render the idea no longer valid. Targeting a move to the short-term 78.6% Fib retracement and the prior daily cycle high.,HL in final stages of short-term corrective period. Will let this name form a low before activating.,Pending / Inactive,2022-08-17T16:33:05Z
486,USD/JPY,Inactive,2022-08-10T12:58:46.387Z,Short-Term (1-3 weeks),132.91,Short,None,133.73 - 134.8,131.33 - 129.14,> 135.87,The weekly cycle analysis suggests that the USDJPY is in a corrective period. Weekly momentum is negative. We now have a clear sign of failure at the daily resistance zone in the USDJPY. SlimRibbon remains negative. Upticks into the resistance zone are likely to fail and we are targeting a move to the intermediate-term support zones. The next daily low is due 8/15 - 8/24.,USD/JPY is still in the favorable entry. It had the initial failure at resistance and the expectations were for a swift resolution lower. That has not happened. We are therefore inactivating the idea and will re-evaluate.,Pending / Inactive,2022-08-16T14:28:10Z
485,SHEL,Inactive,2022-08-09T14:26:38.694Z,Short-Term (1-3 weeks),53.27,Long,None,51.82 - 50.26,55.27 - 58.09,< 49.0,The weekly cycle analysis suggests that SHEL has likely formed an intermediate-term low and is early in a rising phase. The low is due 6/20 - 8/8. The daily cycle analysis suggests that SHEL is late in a short-term rising phase. There are rising minor supports below current levels. The Slim Ribbon and Reversal Scout are positive on the daily timeframe. If SHEL closes below the minor 78.6% Fib - we will inactivate the idea. Targeting the intermediate-term 61.8 - 78.6% Fib retracement. Please review the Trade Idea video for a walk through of the analysis.,The conditions for this trade idea have been satisfied. SHEL traded into the favorable entry and has now traded into the target zone.,Target Zone Reached,2022-08-26T15:04:25Z
484,USD/JPY,Inactive,2022-08-03T18:17:48.802Z,Short-Term (1-3 weeks),134.02,Short,None,134.88 - 135.94,131.33 - 129.14,> 137.45,The weekly cycle analysis suggests that the USD/JPY is in a declining phase. Weekly momentum is now negative. The next low is due in mid to late Sept. The daily cycle analysis suggests that the USD/JPY is in a short-term corrective period. The Slim Ribbon is now mildly negative. There are short-term resistances just above current levels (50-61.8% Fib retracements). If it closes over the 78.6% we will inactivate the idea. Targeting the 61.8 - 78.6% weekly Fib retracement zone.,USDJPY just now entering favorable. Inactivating and will wait for a reversal before looking at a new idea.,Pending / Inactive,2022-08-05T14:26:05Z
483,META,Inactive,2022-08-02T14:30:10.882Z,Intermediate-Term (3-8 weeks),158.6,Short,None,169.35 - 177.64,146.29 - 136.07,> 183.85,The weekly cycle analysis suggests that META is on the verge of a weekly cycle breakdown. Cycle structure is extremely negative. Weekly momentum is bearish. The daily cycle analysis suggests that META is in a weak rising phase. Slim Ribbon and Reversal Scout are negative. There are falling short-term resistances just above current levels. Targeting the short-term 78.6 - 100% Fib extension zone. If it makes a new cycle high on the daily timeframe - we will inactivate the idea.,META is trading just below the favorable entry. Strong day today and since it is still early in the short-term rising phase. We will let this rising phase play out before looking on the short side.,Pending / Inactive,2022-08-03T15:47:37Z
482,XOM,Inactive,2022-08-01T14:20:23.721Z,Short-Term (1-3 weeks),94.87,Long,None,92.81 - 89.91,99.71 - 100.25,< 87.84,The weekly cycle analysis suggests that XOM is early in an intermediate-term rising phase. Weekly momentum remains mildly negative. The daily cycle analysis suggests that XOM is forming a swamped daily cycle in the context of a bullish Slim Ribbon. We would expect the Ribbon to act as support if XOM tests lower. There are rising minor Fibonacci supports which coincide with the Ribbon. We are using the 38.2 - 61.8% as the favorable entry. If it closes below the minor 78.6% Fibonacci support level - we will inactivate the idea. Targeting a minor 161.8% Fibonacci extension and an intermediate-term 78.6% Fibonacci resistance level.,XOM remains in the favorable entry. We however see better opportunities elsewhere in the space and are inactivating the idea.,Pending / Inactive,2022-08-15T14:07:05Z
481,LVS,Inactive,2022-07-29T15:08:40.168Z,Short-Term (1-3 weeks),38.04,Long,None,36.52 - 35.46,39.98 - 40.91,< 34.39,The weekly cycle analysis suggests that LVS is in an intermediate-term rising phase. Weekly momentum is positive. The daily cycle analysis suggests that LVS is in a minor corrective period.  Ribbon is bullishly configured on the daily. There are rising short-term supports just below current levels. Targeting a move to the recent daily cycle high and the short-term 161.8% Fib extension. If it closes below the short-term 61.8 Fib we will inactivate the idea. The short-term low is due in early August.,LVS got to within 0.5% of the our target. Inactivating the idea.,Pending / Inactive,2022-08-09T13:50:44Z
480,TAN,Inactive,2022-07-28T18:26:59.192Z,Short-Term (1-3 weeks),81.97,Long,None,80.36 - 78.62,86.01 - 88.99,< 76.88,The weekly cycle analysis suggests that TAN is early in an intermediate-term rising phase. Weekly momentum is positive. The daily cycle analysis suggests that TAN is in a short-term rising phase. The Slim Ribbon is now positive. There are rising supports below current levels. Targeting the minor Fib extension target zone. If it closes below the daily 61.8 Fib that would render the idea no longer valid. Updated levels on 8/1. Momentum gap so far holding - using minor supports for downside levels. Upside level is the recent swing high and top of daily extension zone.,Conditions for the trade idea have been satisfied. Please refer to Discord for much more detail on this trade idea.,Target Zone Reached,2022-08-05T14:23:49Z
479,/ZB,Inactive,2022-07-25T15:38:35.652Z,Short-Term (1-3 weeks),141.21,Long,None,139.09 - 136.31,143.2 - 145.16,< 135.11,The weekly cycle analysis suggests that the /ZB is in an intermediate-term rising phase. Weekly momentum is positive. The daily cycle analysis suggests that /ZB is forming a swamped daily cycle. There is a low due in bonds between late July and early August. Given our analysis on yields (see most recent FutureSpeak on 7/20) - we would expect to see bonds pullback for a couple of days into the rising supports and then get a resumption on the upside. Favorable entry is a minor support zone. Targeting a minor Fib extension zone. If /ZB closes below the minor 78.6% Fib we will inactivate the idea. Please note Fed is on Wednesday and will result in an increase in price volatility.,/ZB is now trading in the target zone. Bonds remain bullish and will look again on a pullback to the daily Ribbon.,Target Zone Reached (Early / Missed Entry),2022-07-28T18:28:32Z
478,FDX,Inactive,2022-07-18T19:46:43.141Z,Short-Term (1-3 weeks),218.2,Short,None,225.06 - 229.58,209.19 - 198.42,> 234.11,The weekly cycle analysis suggests that FDX is forming an intermediate-term high. Weekly momentum is mildly positive. The next key weekly low is due 8/29 - 10/17. The daily cycle analysis suggests that FDX is in a short-term declining phase. The Slim Ribbon is now mildly negative. There are short-term resistances above current levels. Targeting the short-term 78.6 - prior daily cycle low support. If it closes over the short-term 61.8% that would render the idea no longer valid.,FDX has just now entered the favorable. Market appears to be breaking out of a base. Will inactivate this and watch for a better short side opportunity,Pending / Inactive,2022-07-19T18:04:43Z
477,FEZ,Inactive,2022-07-08T13:51:13.693Z,Short-Term (1-3 weeks),34.01,Short,None,34.61 - 35.16,32.92 - 31.53,> 35.71,The weekly cycle analysis suggests that the FEZ is in a corrective period. Weekly momentum is negative. The next minor cycle low is due in late july to early august. The daily cycle analysis suggests that the FEZ is in a short-term corrective period. The Slim Ribbon is negatively configured and we would expect it to act as minor resistance. Targeting a move to the recent swing low and the short-term 127.2% Fib extension. If it closes over the minor 61.8% Fib that would render the idea no longer valid. The next daily low is due 7/22 - 8/4.,FEZ traded to within 1% of the favorable entry and has now traded into the target zone. Stock remains in a declining phase on the weekly and daily timeframe. We will continue to look for short-term continuation patterns with a downward bias.,Target Zone Reached (Early / Missed Entry),2022-07-14T14:17:01Z
476,JD,Inactive,2022-07-05T18:41:20.210Z,Short-Term (1-3 weeks),64.0,Long,None,60.89 - 58.61,66.26 - 68.42,< 56.33,The weekly cycle analysis suggests that JD is in an intermediate-term rising phase. Weekly momentum is positive. The daily cycle analysis suggests that JD is due to form a short-term low. The low is due 7/1 - 7/12. The Slim Ribbon and Reversal Scout are positive on the daily. PO is close to oversold. Targeting move to prior swing highs. If it closes below the minor 61.8% Fib that would render the idea no longer valid. See Trade Idea video for a walk through of the analysis. Updated 7/18: revised the target to the 78.6 to the prior cycle high,Inactivating JD as we test the first resistance pt. Stock rallied around 5% off the favorable and is now showing some minor signs of stalling at the 61.8 Fib. S&Ps are testing resistance zone - will revisit.,Pending / Inactive,2022-07-21T14:14:39Z
475,XLF,Inactive,2022-06-27T14:56:21.351Z,Short-Term (1-3 weeks),32.22,Long,None,31.86 - 31.08,33.16 - 33.77,< 30.68,The weekly cycle analysis suggests that XLF is in an intermediate-term corrective period. The stock is retesting an important breakout area from 2018-2021 (see video). Weekly momentum is negative. The expectation is for the stock to bounce off of this zone and form a bear flag. The next key weekly low is due 8/22 - 10/10. The daily cycle analysis suggests that XLF is in a short-term rising phase. Daily configuration remains negative. Targeting a move to the short-term 50-61.8% Fib retracement. Favorable entry is the minor 38.2 - 78.6% Fib retracement. If it closes below the daily cycle low that would render the idea no longer valid. Trade Idea video will be available by 11: 10 AM ET.,Have not triggered this setup as live as it failed vs the 21 EMA and is now gapping down overnight. Will wait to see if it can put in a higher low before re-evaluating this setup.,Pending / Inactive,2022-06-30T12:46:06Z
474,CMG,Inactive,2022-06-23T13:24:35.129Z,Short-Term (1-3 weeks),1255.0,Short,None,1279.0 - 1305.0,1197.0 - 1158.0,> 1331.0,The weekly cycle analysis suggests that CMG is late in a declining phase. Weekly momentum is negative. The next key low is due 7/11 - 8/22. The daily cycle analysis suggests that the stock is in a left hand translation. SlimRibbon and Reversal Scout are negative. There is a bear flag forming. The PO is in overbought. There are short-term resistances just above current levels. Targeting the prior swing low and the short-term 61.8% Fib extension. If CMG closes over the short-term 61.8% Fib retracement that would render the idea no longer valid.,CMG is at the base of the favorable entry. The extension off the swing low suggests that the daily cycle analysis will need to be revised.,Pending / Inactive,2022-06-29T13:34:26Z
473,GM,Inactive,2022-06-23T13:02:47.572Z,Short-Term (1-3 weeks),33.0,Short,None,33.49 - 34.17,30.71 - 28.28,> 35.14,The weekly cycle analysis suggests that GM is in the late stages of a corrective period. Weekly momentum is negative. Late stages of declining phases carry the highest risk on the downside. The next key weekly low is due 7/4 - 8/15. The daily cycle analysis suggests that GM is in a short-term corrective phase. The Slim Ribbon and Reversal Scout are negative. The favorable entry is a minor 50-61.8% resistance zone. If it closes over the minor 78.6% Fib that would render the idea no longer valid.  Targeting a move to the 100 - 127.2% Fib extension zone on the downside. The next short-term low is due 6/27 - 7/6. *We did a trade idea video walk through on GM - scroll down on this page and click the trade idea post on GM to see the analysis*,GM is below the favorable entry. The extension off the low suggests lower odds of getting to the original target zone. The daily cycle may lengthen out further than expected.,Pending / Inactive,2022-06-29T13:34:55Z
472,AMZN,Inactive,2022-06-21T13:52:11.942Z,Short-Term (1-3 weeks),109.85,Short,None,111.98 - 115.34,101.26 - 93.52,> 118.7,The weekly cycle analysis suggest that AMZN is in a corrective phase. Weekly momentum is negative. The next low is due 8/1 - 9/12. The daily cycle analysis suggests that AMZN is forming a bear flag. The favorable entry is the short-term 38.2 - 50% Fib retracement. If it closes over the 61.8% that would render the idea no longer valid. Targeting the prior daily cycle low and the short-term 61.8% Fib extension.,AMZN is getting some minor selling in the resistance zone and is testing the base of the favorable. The strength we see in AMZN as it tests the resistance indicates the likelihood of a higher low into the early July timing vs a retest of the low.. This suggests a shift from the black cycle being dominant to now the blue cycle,Pending / Inactive,2022-06-27T14:32:59Z
471,/CL,Inactive,2022-06-16T16:07:33.678Z,Short-Term (1-3 weeks),113.42,Long,None,112.84 - 109.5,120.84 - 123.68,< 106.15,The weekly cycle analysis suggests that /CL is late in an intermediate-term rising phase. Weekly momentum is positive. The next weekly low is due late July-late August. The daily cycle analysis suggests a daily low is due to form in mid-June. Slim Ribbon is mildly positive and close to neutralizing. We are targeting the 78.6% retracement and the prior daily cycle high. If it closes below the short-term 61.8% fib that would render the idea no longer valid.,CL sold off sharply on talks of limiting US exports. Today it broke the re-evaluation on further discussions of a gas tax holiday. Sum of the evidence suggests an intermediate term high has formed. The next key low is due in August.,Re-evaluation Level Hit,2022-06-22T22:27:29Z
470,CLF,Inactive,2022-06-09T13:21:56.776Z,Short-Term (1-3 weeks),22.5,Short,None,23.24 - 24.15,21.23 - 20.3,> 25.05,The weekly cycle analysis suggests that CLF is in a corrective period. Weekly momentum is negative. The next key weekly low is due 6/6 - 8/1. The daily cycle analysis suggests that CLF is in a short-term corrective period. The next key daily low is due 6/16 - 6/27. The Slim Ribbon is now neutral. The stock is showing signs of stalling vs the minor resistance. Targeting the short-term 78.6% Fib and the prior daily cycle low. If it gets through the minor 61.8% Fib that would render the idea no longer valid. Trade idea video will be posted by 9:30 AM ET.,CLF is trading in the target zone. Next levels on the downside are the prior daily cycle low at 20.30 and the minor 38.2% Fib extension at 19.41.,Target Zone Reached (Early / Missed Entry),2022-06-09T15:30:45Z
469,CME,Inactive,2022-06-07T14:16:18.615Z,Intermediate-Term (3-8 weeks),200.59,Short,None,202.33 - 207.32,190.16 - 186.19,> 212.31,The weekly cycle analysis suggests that CME is in an intermediate-term corrective period. Weekly momentum is negative (this is why we have this noted as a momentum continuation trade type). The next weekly low is due 6/20 - 8/1. The daily cycle analysis suggests that CME is in the late stages of a short-term rising phase. The Slim Ribbon is neutral. The stock is showing signs of failure vs the minor resistance zone. Targeting the short-term 78.6 and the prior daily cycle low. Note: there is a short-term support zone from 195.47 - 193.28. The next daily low is due 6/22 - 6/30. If the stock closes through the minor 78.6% Fib that would render the trade idea no longer valid.,CME tested the short-term support zone and bounced. Inactivating the idea.,Pending / Inactive,2022-06-13T16:39:36Z
468,/ZC,Inactive,2022-06-06T14:44:44.808Z,Short-Term (1-3 weeks),737.75,Short,None,746.25 - 754.25,721.75 - 706.75,> 762.25,"The weekly cycle analysis suggests that /ZC is in a corrective period. Weekly momentum is negative. The next low is due in July. The daily cycle analysis suggests that /ZC is in a short-term corrective period. The Slim Ribbon, Reversal Scout are negative on the daily. There are minor resistances just above current levels. Targeting the short-term 161.8% fib extension on the downside and the intermediate-term 50% Fib retracement. If ZC closes over the minor 61.8% fib we will inactivate the idea.",Broke through resistance and has closed above re-evaluation.,Re-evaluation Level Hit,2022-06-09T15:27:50Z
467,AMGN,Inactive,2022-06-06T14:26:44.486Z,Short-Term (1-3 weeks),248.34,Long,None,246.26 - 239.03,259.18 - 262.8,< 233.88,The weekly cycle analysis suggests that AMGN is early in an intermediate-term rising phase. Weekly momentum is positive. The daily cycle analysis suggests that AMGN is due to form a short-term low. The low is due in early June. The Slim Ribbon is positive. The stock is testing a short-term support zone. Targeting the 50-61.8% Fib extension zone. If it closes below the 78.6% Fib retracement that would render the idea no longer valid.,AMGN is back near top end of favorable. Inactivating the idea.,Pending / Inactive,2022-06-23T14:02:50Z
466,PAAS,Inactive,2022-06-03T14:54:11.087Z,Intermediate-Term (3-8 weeks),23.78,Long,None,23.06 - 22.35,25.57 - 26.75,< 21.85,The weekly cycle analysis suggests that PAAS is due to form an intermediate-term low (this is why we have this trade ideas as a reversal - at cycle timing trade type). The low is due 4/11 - 5/23. Weekly momentum remains negative. The daily cycle analysis suggests that PAAS is in a short-term rising phase. The Slim Ribbon is now neutral and the Reversal Scout is positive on the daily. There are rising minor supports below current levels. Targeting the intermediate-term 50-61.8% Fib retracement. If PAAS closes below the minor 78.6% Fib retracement we will inactivate the idea. Please review today's trade idea video - we walk through the Silver and PAAS analysis in detail.,"We have not activated the PAAS idea as it got into the support zone too early in the short-term corrective period. We will watch as Silver completes its daily cycle to see if PAAS can form a base. If so, we will set up a new trade idea.",Pending / Inactive,2022-06-09T15:46:45Z
465,USD/CAD,Inactive,2022-06-02T13:31:16.583Z,Intermediate-Term (3-8 weeks),1.2643,Short,None,1.2712 - 1.2778,1.2574 - 1.2546,> 1.2824,The weekly cycle analysis suggests that the USD/CAD has likely formed an intermediate-term high. There is a mid-cycle corrective low due in early July. Weekly momentum remains positive. The daily cycle analysis suggests that the USD/CAD has had a minor cycle breakdown. The Slim Ribbon and Reversal Scout are negative. There are minor resistances above current levels. Targeting a move to the minor 100% Fib extension and the intermediate-term 78.6% Fib retracement. The next short-term low is due in end of June to early July. If USD/CAD closes above the minor 78.6% Fib retracement the trade idea would no longer be valid. Video will be posted by 9:45 AM ET.,USD/CAD is now trading in the target zone. This remains on our watch list to the short side.,Target Zone Reached (Early / Missed Entry),2022-06-02T17:50:25Z
464,CVS,Inactive,2022-05-31T13:27:16.200Z,Short-Term (1-3 weeks),98.01,Long,None,96.07 - 93.11,101.52 - 104.25,< 91.54,The weekly cycle analysis suggests that CVS is due to form an intermediate-term low. The low is due 4/11 - 5/23. Weekly momentum remains negative. The daily cycle analysis suggests that CVS has likely formed a short-term low. The low was due in the middle of May. The Slim Ribbon remains negative and the Reversal Scout is positive. The stock is testing a minor support zone. Targeting a move to the short-term 61.8 - 78.6% Fib retracements. If CVS closes below the daily cycle low support that would render the idea no longer valid. Trade idea video will be posted by 9:30 AM ET.,"CVS has now closed below the re-evaluation and we are inactivating the idea. As we discussed in our Discord channel, we will activate an idea if it gets into the favorable entry and only inactivate it if it gets through the re-evaluation or gets back above the top of the favorable entry. This is to ensure accountability and transparency for the trade idea. As we have been discussing for the past week - CVS has been making consecutive lower daily highs for 10 days in a row. So, while this got into the favorable entry, it never provided any evidence that the support was holding.",Re-evaluation Level Hit,2022-06-14T14:37:04Z
463,NEM,Inactive,2022-05-26T17:24:24.586Z,Short-Term (1-3 weeks),69.14,Long,None,67.68 - 66.16,72.35 - 75.03,< 65.07,The weekly cycle analysis suggests that NEM is due to form a key intermediate-term low. The key low is due 4/18 - 6/6. Weekly momentum is negative. The daily cycle analysis suggests that NEM has likely formed a key short-term low. The Slim Ribbon on the daily is close to neutralizing and is now positive on the 2-hour. There are short-term supports just below current levels. Targeting move to the 38.2 - 50% intermediate-term Fib retracements. If NEM closes below the 78.6% Fib retracement that would render the idea no longer valid. Please refer to the trade idea video walk through for a detailed look at the analysis.,NEM broke through the support zone and has closed below the re-eval. An intermediate-term low is still due to form. Gold is likely selling off into Silver's daily cycle timing. We will monitor to see if it can bottom in mid-June and reverse back to the upside.,Re-evaluation Level Hit,2022-06-10T13:21:16Z
462,CMCSA,Inactive,2022-05-23T19:09:19.374Z,Intermediate-Term (3-8 weeks),42.81,Short,None,42.89 - 43.95,40.25 - 39.47,> 45.0,The weekly cycle analysis suggests that CMCSA is in an intermediate-term corrective period. Weekly momentum is negative (this is the basis for the trade idea trade type). The next low is due 6/13 - 8/8. The daily cycle analysis suggests that CMCSA is in a short-term rising phase. The Slim Ribbon is now neutral. The stock is testing a short-term resistance zone. Targeting the 78.6% and prior daily cycle low. If it closes over the 61.8% Fib that would render the idea no longer valid.,CMCSA trades near the base of the favorable. The stock is now forming a daily basing cycle. This suggest the weekly analysis needs to be revised. We inactivated the idea.,Pending / Inactive,2022-06-02T15:20:53Z
461,TSM,Inactive,2022-05-20T13:57:52.968Z,Intermediate-Term (3-8 weeks),91.36,Short,None,94.7 - 97.57,85.36 - 78.72,> 100.45,The weekly cycle analysis suggests that TSM is in a corrective period. Weekly momentum is negative. The next key weekly low is due 6/20 - 8/8. The daily cycle analysis suggests that TSM is in a short-term rising phase. The Slim Ribbon is negative. Daily cycle structures remain negative. Favorable entry is the short-term 38.2 - 50% Fib retracement. If it closes over the 61.8% Fib retracement - that would render the idea no longer valid. Targeting a short-term Fib extension target zone on the downside. Please review today's trade idea video - we look at the important interplay between the SMH and TSM cycles.,We are inactivating TSM in the pre-market on 5/31. Given the short-term low that formed in the market - we are primarily focusing on longs vs short ideas right now. TSM may end up forming a base as the Slim Ribbon is turning up fairly late in the idealized daily cycle.,Pending / Inactive,2022-05-31T13:22:35Z
460,AMGN,Inactive,2022-05-19T14:30:35.857Z,Short-Term (1-3 weeks),244.12,Long,None,239.66 - 234.95,251.74 - 258.39,< 231.59,The weekly cycle analysis suggests that AMGN is due to form an intermediate-term low. The low is due 5/2 - 6/6. Weekly momentum is mildly negative. The daily cycle analysis suggests that AMGN is in a short-term rising phase. There are short-term supports below current levels. Targeting the short-term 78.6% fib and the prior weekly cycle high. If AMGN closes below the 78.6% Fib that would render the idea no longer valid.,AMGN got within 1% of the favorable entry and has now traded into the target zone. We will monitor for a pullback into mid-June and then watch for another long trade idea.,Target Zone Reached (Early / Missed Entry),2022-05-24T14:29:36Z
459,FCX,Inactive,2022-05-19T13:55:21.674Z,Short-Term (1-3 weeks),36.42,Short,None,37.28 - 38.47,34.24 - 31.72,> 39.65,The weekly cycle analysis suggests that FCX is late in a corrective period. Weekly momentum remains negative. The next key intermediate-term low is due 5/16 - 6/27. The daily cycle analysis suggests that FCX is in a short-term corrective period. The Slim Ribbon and Reversal Scout are negative. FCX is testing a minor resistance zone. Targeting a minor fib extension zone on the downside. If FCX closes over the minro 61.8% Fib that would render the idea no longer valid.The next short-term low is due 6/3 - 6/10.,"FCX is still trading below the favorable entry. We are seeing strength in the group including VALE, BHP, RIO. FCX is a laggard in the group. However the odds are increasing that the group has formed an intermediate-term low.",Pending / Inactive,2022-05-24T16:23:48Z
458,NCLH,Inactive,2022-05-18T16:20:23.109Z,Short-Term (1-3 weeks),15.98,Short,None,16.88 - 17.68,14.64 - 14.3,> 18.47,The weekly cycle analysis suggests that NCLH is in a corrective period. Weekly momentum is negative. The daily cycle analysis suggests that NCLH is in a short-term corrective period. The stock is forming a bear flag. Slim Ribbon and Reversal Scout are negative on the daily. The next key short-term low is due 6/3 - 6/10. Favorable is 38.2-50% Fib retracement zone. Re-eval is 61.8% Fib retrace. Targeting short-term 161.8% Fib extension and the recent swing low.,NCLH got close to the favorable and sold off sharply and is now trading in the target zone. The stock remains bearishly configured and rallies are likely to fail into early to mid June.,Target Zone Reached (Early / Missed Entry),2022-05-23T14:05:14Z
457,CAT,Inactive,2022-05-18T15:35:52.452Z,Short-Term (1-3 weeks),211.5,Short,None,218.6 - 223.15,201.91 - 199.3,> 229.64,The weekly cycle analysis suggests that CAT is in an intermediate-term corrective period. Weekly momentum is negative. The next key weekly low is due 6/6 - 7/11. The daily cycle analysis suggests that CAT is in a short-term rising phase. Slim Ribbon and Reversal Scout remain negative on the daily. The stock is testing a short-term resistance zone. Targeting the intermediate-term 61.8% Fib retracement and the prior daily cycle low. If CAT closes over the 78.6% Fib retracement that would render the idea no longer valid.,CAT is now trading in the target zone. The stock remains on our list for short-side as we are expecting further weakness into the daily mid-cycle low which is due in mid-June.,Target Zone Reached (Early / Missed Entry),2022-05-19T13:54:12Z
456,USD/CAD,Inactive,2022-05-17T13:25:02.302Z,Short-Term (1-3 weeks),1.2842,Long,None,1.2818 - 1.2739,1.2972 - 1.3018,< 1.2659,The weekly cycle analysis suggests that the USDCAD is in an intermediate-term rising phase. Weekly momentum is positive. The daily cycle analysis suggests that the USDCAD is in a mild S-T corrective period. There is a mid-cycle low due in the middle-to-end of May. Slim Ribbon remains positive. The favorable entry is the short-term 38.2 - 50% Fib retracement zone. If USDCAD closes below the 61.8% Fib retracement - that would render the idea no longer valid. Targeting the short-term 61.8 - 78.6% Fib retracement on the upside. Please refer to the trade idea video for a walk through of the analysis.,USD/CAD is still above favorable entry. However the lack of follow through off the mid-cycle low is suggesting that the minor weekly cycle is pushing down on the market. We  are inactivating the idea.,Pending / Inactive,2022-05-25T16:23:07Z
455,AAPL,Inactive,2022-05-12T15:10:48.554Z,Short-Term (1-3 weeks),145.41,Short,None,152.64 - 155.91,140.14 - 132.98,> 160.56,"The weekly cycle analysis suggests that AAPL has broken the key weekly low and is in a left hand translation. Weekly momentum is negative. The daily cycle analysis suggests that AAPL is in a short-term corrective period. Slim Ribbon and Reversal Scout are negative on the daily. The favorable entry is the short-term 50-61.8% fib retracement. If AAPL closes above the 78.6% retracement that would render the idea no longer valid. Targeting the base of a short-term Fib extension zone and the 127.2% Fib extension. Please see the trade idea video for a walk through of the analysis. (updated favorable entry, re-eval on 5/16 - note these are declining resistance levels).",AAPL remains below the favorable entry. We have revised the daily analysis based on a likely shift on the daily timeframe in the indices. Overall bias in AAPL remains negative - however we would look for a modest move to the upside to test the short-term resistances. We will look to establish a new short-side trade idea in AAPL in either late May or early June.,Pending / Inactive,2022-05-18T15:02:42Z
454,FSLR,Inactive,2022-05-10T13:51:50.240Z,Short-Term (1-3 weeks),69.44,Short,None,71.57 - 74.4,65.79 - 62.21,> 76.4,The weekly cycle analysis suggests that FSLR is in a declining phase. Weekly momentum is negative. The next key weekly low is due 6/13 - 7/18. The daily cycle analysis suggests that FSLR is in a short-term declining phase. Slim Ribbon and Reversal Scout are negative on daily. There are short-term resistances above current levels. Targeting the short-term Fib extension zone on the downside. If FSLR closes over the short-term 78.6% Fib that would render the idea no longer valid. Please refer to the Trade Idea video for a walk through of the analysis.,FSLR is now trading in the target zone. The stock remains in a short-term corrective period.,Target Zone Reached (Early / Missed Entry),2022-05-11T13:37:51Z
453,BRK/B,Inactive,2022-05-06T14:32:38.695Z,Short-Term (1-3 weeks),317.1,Short,None,328.01 - 333.04,309.21 - 297.91,> 345.22,The weekly cycle analysis suggests that BRK/B is in a corrective period. Weekly momentum is now negative. The next key weekly low is due between late July and early Sept. The daily cycle analysis suggests that BRK/B is in a short-term corrective period on the dominant cycle. There is a minor daily low due to form. We are expecting to see a short-term bear flag in BRK/B to set up the favorable entry on the short-side. The favorable entry is the short-term 38.2 - 61.8% Fib retracement. If BRK/B closes over the 78.6% Fib retracement that would render the idea no longer valid. Targeting the intermediate-term 78.6% Fib retracement and the short-term 261.8% Fib extension. Please see the trade idea video for a walk through of the analysis.,BRK/B is now trading in the target zone,Target Zone Reached (Early / Missed Entry),2022-05-12T14:50:47Z
452,/ZC,Inactive,2022-05-06T14:09:27.852Z,Short-Term (1-3 weeks),783.0,Long,None,768.0 - 754.5,824.5 - 839.0,< 735.5,The weekly cycle analysis suggests that /ZC is in an intermediate-term rising phase. Weekly momentum is positive. The daily cycle analysis suggests that /ZC is in a short-term corrective period. The Slim Ribbon is close to neutralizing. The favorable entry is the short-term 50-61.8% Fib retracement. If /ZC closes below the 78.6% Fib that would render the idea no longer valid. Targeting the prior daily cycle high and the top of a short-term Fib extension zone. Short-term low is due 5/6 - 5/16. Please see the trade idea video for a walk through of the analysis.,Corn rallied 5% off the favorable entry and failed at the extension zone. It missed the target zone by $13. We are inactivating the idea.,Pending / Inactive,2022-05-19T18:31:58Z
451,OIH,Inactive,2022-05-05T13:42:01.049Z,Short-Term (1-3 weeks),283.75,Long,None,280.65 - 260.97,312.5 - 318.52,< 252.95,The weekly cycle analysis suggests that OIH is due to form an intermediate-term low. The low is due between mid April and mid May. Weekly momentum is negative. The daily cycle analysis suggests that OIH is early in a short-term rising phase. Slim Ribbon and Reversal Scout are still negative. There are short-term supports just below current levels. Targeting the prior daily cycle high and the base of a short-term Fib extension zone. If OIH closes below the daily cycle low that would render the idea no longer valid.,OIH broke through supports and closed below re-eval.,Re-evaluation Level Hit,2022-05-09T21:07:43Z
450,QCOM,Inactive,2022-05-03T14:15:10.228Z,Short-Term (1-3 weeks),144.88,Long,None,143.41 - 138.6,154.7 - 162.12,< 135.18,The weekly cycle analysis suggests that QCOM is due to form a key intermediate-term low. The low is due between the end of April and early May. Weekly momentum remains negative. The daily cycle analysis suggests that QCOM has likely formed a short-term low. The Slim Ribbon is now neutral on the daily but has turned positive on the 2-hour. There is a 2-hour flag forming. There are rising minor supports below current levels. Targeting the intermediate-term 38.2 - 50% Fib retracements. If QCOM closes below the minor 78.6% Fib that would render the idea no longer valid.,QCOM broke through the minor supports and has closed below the re-evaluation. Market momentum clearly very strong to the downside.,Re-evaluation Level Hit,2022-05-12T13:12:20Z
449,AAPL,Inactive,2022-04-29T12:36:09.575Z,Short-Term (1-3 weeks),162.38,Long,None,161.03 - 158.87,167.5 - 170.35,< 157.33,The weekly cycle analysis suggests that AAPL has been in an intermediate-term rising phase. Weekly momentum is now mildly negative. The daily cycle analysis suggests that a short-term low is due to form. The low was due between the end of April and early May. The Slim Ribbon on the daily is negative. If we shift our focus to the 2-hour you will see the 2-hour momentum has now neutralized. AAPL released earnings overnight - the stock is down around $1. We are watching for minor supports to hold and see this rotate back to the short-term 50-61.8% Fib retracements. If it closes below the minor 78.6% Fib that would render the idea no longer valid. Please refer to the trade idea video for a walk through of the analysis.,AAPL got within $1 of the target and has now closed below the re-evaluation.,Re-evaluation Level Hit,2022-05-06T14:03:33Z
448,QCOM,Inactive,2022-04-28T17:39:14.212Z,Short-Term (1-3 weeks),145.77,Long,None,143.41 - 138.6,154.7 - 162.12,< 135.18,The weekly cycle analysis suggests that QCOM is due to form a key intermediate-term low. The low is due between the end of April and early May. Weekly momentum remains negative. The daily cycle analysis suggests that QCOM has likely formed a short-term low. The Slim Ribbon remains negative on the daily but has turned positive on the 2-hour. There are RISING minor supports below current levels. Targeting the intermediate-term 38.2 - 50% Fib retracements. If QCOM closes below the minor 78.6% Fib that would render the idea no longer valid. Please see the trade idea video for a walk through of the analysis. (4/29) Revised favorable entry and re-eval  - these are rising supports.,QCOM is still in the favorable entry. The stock has yet to establish positive momentum on the daily. We will inactivate and monitor.,Pending / Inactive,2022-05-02T15:17:58Z
447,TMUS,Inactive,2022-04-28T14:33:57.528Z,Short-Term (1-3 weeks),130.21,Long,None,128.17 - 126.02,135.11 - 136.18,< 123.88,The weekly cycle analysis suggests that TMUS is in an intermediate-term rising phase. Weekly momentum is positive. The daily cycle analysis suggests that the stock has likely formed a short-term low and is early in a rising phase. The Slim Ribbon is neutral. There are short-term supports just below current levels. Targeting the prior daily cycle high and the short-term 61.8% Fib extension. If TMUS closes below the 61.8% Fib retracement that would also break below the daily cycle low. This would render the idea no longer valid. Please see the trade idea video for a walk through of the analysis.,TMUS got to within 1.5% of the target and then sold off and closed below the re-evaluation.,Re-evaluation Level Hit,2022-05-02T12:18:55Z
446,FCX,Inactive,2022-04-27T13:44:43.530Z,Intermediate-Term (3-8 weeks),42.14,Short,None,43.09 - 44.18,39.43 - 38.59,> 45.26,The weekly cycle analysis suggests that FCX is in a corrective period. Weekly momentum is negative. The next key low is due 4/30 - 7/4. The daily cycle analysis suggests that FCX is in a short-term corrective period (left hand translation). The Slim Ribbon and Reversal Scout are negative on the daily. There are minor resistances just above current levels. Targeting the short-term 261.8% Fib extension and the intermediate-term 78.6% Fib retracement. Video will be posted by 10 AM ET.,The conditions for this idea have been satisfied. FCX traded into the favorable and has now traded into the target zone.,Target Zone Reached,2022-05-02T15:24:54Z
445,QRVO,Inactive,2022-04-21T12:55:09.567Z,Short-Term (1-3 weeks),116.1,Short,None,119.76 - 122.24,111.29 - 105.45,> 124.71,The weekly cycle analysis suggests that QRVO is in a corrective period. Weekly structures are extremely negative. Weekly momentum is also negative. The next intermediate-term low is due 6/20 - 8/1. The daily cycle analysis suggests that QRVO is in a short-term corrective period. Slim Ribbon and Reversal Scout are negative on the daily. The favorable entry is the short-term resistance zone. QRVO showed signs of respecting that zone yesterday as it backed off at the base of that zone. Targeting the short-term Fib extension target zone. If QRVO closes over the 61.8% Fib retracement - that would render this idea no longer valid. Please review the Trade Idea video for a walk through of the analysis.,The conditions for this trade idea have been satisfied. QRVO tested the target zone and has now traded into the target zone.,Target Zone Reached,2022-04-22T18:59:18Z
444,URNM,Inactive,2022-04-20T18:03:36.255Z,Short-Term (1-3 weeks),90.54,Long,None,87.97 - 85.78,94.85 - 100.02,< 83.6,The weekly cycle analysis suggests that URNM is in a rising phase. Weekly momentum is positive. The daily cycle analysis suggests that URNM is in a short-term rising phase. Slim Ribbon is positive. We tested an bounced off a short-term support zone. Target in the current swing high and the base of a short-term extension zone. If URNM closes below the 61.8% Fib retracement that would render the idea no longer valid.,URNM closed below the re-evaluation. Inactivated the idea.,Re-evaluation Level Hit,2022-04-21T20:29:41Z
443,AMZN,Inactive,2022-04-19T18:27:52.539Z,Short-Term (1-3 weeks),3133.0,Long,None,3094.0 - 3055.0,3204.0 - 3254.0,< 3027.0,The weekly cycle analysis suggests that AMZN is in an intermediate-term rising phase. Weekly momentum is positive. The daily cycle analysis suggests that the stock is due to form a short-term low. The low is due 4/8 - 4/19. There are rising minor supports just below current levels. Targeting the short-temr 50-61.8% Fib retracement on the upside. If AMZN closes below the minor 78.6% Fib - that would negate today's bullish bar and render the idea no longer valid. Please see the trade idea video for a walk through of the analysis.,AMZN closed below the re-evaluation level. Inactivated the idea.,Re-evaluation Level Hit,2022-04-21T20:29:13Z
442,USD/CAD,Inactive,2022-04-12T13:51:15.540Z,Short-Term (1-3 weeks),1.2631,Long,None,1.2576 - 1.251,1.2709 - 1.2793,< 1.2463,The weekly cycle analysis suggests that an intermediate-term low is due to form. The low was due 3/14 - 5/9. Weekly momentum is negative. The daily cycle analysis suggests that USD/CAD likely formed an early short-term low. The Slim Ribbon has neutralized and the Reversal Scout is now positive on the daily. There are rising short-term supports below current levels. Targeting the short-term 61.8 - 78.6% Fib retracements on the upside. If USD/CAD closes below the 78.6% Fib retracement that would render the idea no longer valid. Trade Idea video will be posted by 10 AM ET. Update 4/13 revised favorable entry and re-evaluation (note both of these ranges are rising support zones).,The conditions for this idea have been satisfied. USDCAD traded into the support zone and has now moved to target.,Target Zone Reached,2022-04-22T14:55:46Z
441,WSM,Inactive,2022-04-08T13:21:04.051Z,Short-Term (1-3 weeks),143.01,Short,None,144.42 - 148.81,134.4 - 129.83,> 151.94,The weekly cycle analysis suggests that WSM has formed an early intermediate-term high and is in a corrective period. Note the failure vs the intermediate-term resistance and now the bearish shift in weekly momentum. The next low is due 6/13 - 7/25. The daily cycle analysis suggests that WSM is in a left hand translation. The Slim Ribbon and Reversal Scout on the daily are negative. There are minor resistances above current levels. Targeting the short-term 61.8 - 78.6% Fib extensions on the downside. If WSM closes over the 78.6% retracement that would indicate a late daily cycle low formed and render the idea no longer valid. In today's video walk through we look at the XHB sector analysis and then review WSM in detail. Please scroll down on the Trade Idea page to see the list of posts.,WSM is back at the base of the favorable entry. It is unclear if the stock is forming a late short-term low or is in a breakdown on the daily. This lack of clarity is leading us to inactivate the idea and re-evaluate.,Pending / Inactive,2022-04-11T13:45:39Z
440,DKS,Inactive,2022-04-07T19:14:20.483Z,Short-Term (1-3 weeks),100.99,Short,None,103.83 - 105.74,95.47 - 92.31,> 108.47,The weekly cycle analysis suggests that DKS has formed an early intermediate-term high and is in a corrective period. Weekly momentum is positive. The daily cycle analysis suggests that DKS is in a short-term corrective period. There is a bear flag forming on the daily. Slim Ribbon is negative. Favorable entry is the 50-61.8% Fib retracement. A close over the minor 78.6% Fib retracement would render the idea no longer valid. Targeting the recent low and the prior daily cycle low. Please see the DKS trade idea video for a walk through of the analysis.,DKS did not show any signs of failure at the resistance and will now likely close over the 78.6% Fib. We inactivated the idea.,Re-evaluation Level Hit,2022-04-19T17:51:23Z
439,GOOGL,Inactive,2022-04-05T13:26:58.840Z,Short-Term (1-3 weeks),2856.0,Long,None,2837.0 - 2814.0,2917.0 - 2951.0,< 2776.0,The weekly cycle analysis suggests that GOOGL is in an intermediate-term rising phase. Weekly momentum is positive. The daily cycle analysis suggests that GOOGL is in a short-term rising phase. The stock just formed a minor cycle low on the daily. Slim Ribbon is positive. There are minor supports below current levels. Targeting the 50-61.8% Fib ext. A close below the most recent higher low would render the idea no longer valid. Please see the trade idea video for a walkthrough of the analysis.,GOOGL broke through the support zone and has closed below the re-evaluation.,Re-evaluation Level Hit,2022-04-06T19:28:02Z
438,FCX,Inactive,2022-04-04T13:59:30.445Z,Short-Term (1-3 weeks),50.82,Long,None,50.24 - 49.25,53.19 - 54.7,< 47.64,The weekly cycle analysis suggests that FCX is in an intermediate-term rising phase. Weekly momentum is positive. The daily cycle analysis suggests that the stock is early in a short-term rising phase. The Slim Ribbon is positive. There are minor supports below current levels. Targeting a minor 61.8 - 78.6% Fib extension. A close below the daily cycle low support would render this idea no longer valid.,FCX is back at the top of the favorable entry. The odds of getting back to the original target zone prior to earnings are low. We are inactivating the idea.,Pending / Inactive,2022-04-14T13:33:55Z
437,SYF,Inactive,2022-04-01T13:39:59.151Z,Short-Term (1-3 weeks),35.4,Short,None,36.08 - 36.97,33.76 - 32.49,> 37.59,The weekly cycle analysis suggests that SYF is in a corrective period. Weekly momentum is negative. The next minor low is due in the middle to end of May. The daily cycle analysis suggests that SYF is in a short-term corrective period. The next short-term low is due 4/13 - 4/22. There are minor resistances just above current levels. Targeting the prior daily cycle low and a short-term 50% Fib extension. If SYF closes over the minor 78.6% Fib that would render the idea no longer valid.,SYF sold off around $1 from the favorable entry. At that point we were expecting to see downside follow through - that did not happen. We are now back at the base of the favorable. We are inactivating the idea.,Pending / Inactive,2022-04-08T13:55:03Z
436,DKS,Inactive,2022-03-31T14:07:23.392Z,Short-Term (1-3 weeks),102.58,Short,None,106.44 - 109.77,97.24 - 92.31,> 114.51,The weekly cycle analysis suggests that DKS has likely formed an early intermediate-term high . Weekly momentum is mildly negative. The break of the key weekly cycle low support would send DKS into a very negative pattern. The daily cycle analysis suggests that DKS is in a short-term corrective period. The daily Slim Ribbon is now negative. There are short-term resistance above current levels. Targeting the 78.6% Fib retracement to the prior cycle low support. A move through the 78.6% Fib retracement on the upside would render this idea no longer valid. Video walk through will be posted by 10:20 AM ET.,DKS did not trade into the favorable entry. The stock is now in the target zone. Overall odds favor rallies failing into end of April. We will look for a new trade idea on the short-side.,Target Zone Reached (Early / Missed Entry),2022-04-06T13:48:12Z
435,LOW,Inactive,2022-03-28T13:32:01.098Z,Short-Term (1-3 weeks),212.92,Short,None,219.24 - 222.9,208.42 - 206.24,> 226.55,The weekly cycle analysis suggests that LOW has likely formed an early intermediate-term high. Weekly momentum is now negative. The daily cycle analysis suggests that LOW is in a short-term corrective period. The Slim Ribbon is negative. There are minor resistances above current levels. Targeting the short-term 61.8% Fib Extension and the key weekly cycle low. If LOW closes over the 78.6% Fib that would render the idea no longer valid. Update 3/29: revised favorable entry and re-evaluation. Please see the LOW Trade Idea video for a walk through of the analysis.,The conditions for this Trade Idea have been satisfied. LOW traded into the favorable entry and has now traded into the target zone.,Target Zone Reached,2022-03-31T13:31:06Z
434,XRT,Inactive,2022-03-25T14:07:05.421Z,Short-Term (1-3 weeks),77.58,Long,None,76.14 - 74.96,80.65 - 83.56,< 73.78,The weekly cycle analysis suggests that XRT is early in an intermediate-term rising phase. Weekly momentum is now positive. The daily cycle analysis suggests that the XRT is in a short-term corrective period. There is a short-term low due 3/25 - 4/1. The Slim Ribbon is neutral on the daily. The favorable entry is the short-term 38.2 - 50% Fib retracement. Targeting the short-term 78.6% Fib retracement and the prior daily cycle high. If the stock closes below the short-term 61.8% Fib retracement that would render the idea no longer valid. Please refer to the XRT Trade idea video for a walk through of the analysis.,The conditions for this Trade Idea have been satisfied. XRT traded into the favorable entry and has now traded into the target zone.,Target Zone Reached,2022-03-29T13:34:40Z
433,CRM,Inactive,2022-03-22T13:18:34.359Z,Short-Term (1-3 weeks),214.01,Long,None,207.97 - 200.81,230.63 - 234.49,< 195.7,The weekly cycle analysis suggests that an intermediate-term low has just formed in CRM. Weekly momentum is now positive. The daily cycle analysis suggests that a short-term low is due 3/22 - 3/30. The Slim Ribbon on the daily is now neutral after having been configured negatively for an extended period of time. There are rising minor supports below current levels. Targeting a minor 127.2% Fib extension and the prior daily cycle high. A close below the minor 78.6% Fib would render this idea no longer valid. Please refer to the CRM Trade Idea video walk through for a detailed look at the analysis.,CRM rallied to the short-term 78.6% Fib and then sold off. The stock remains above the favorable entry. However there is some lack of clarity regarding the location of the daily cycle low. We are inactivating and will re-evaluate.,Pending / Inactive,2022-04-01T17:53:57Z
432,XBI,Inactive,2022-03-21T14:33:04.735Z,Short-Term (1-3 weeks),89.75,Long,None,88.26 - 85.46,95.13 - 99.16,< 83.47,The weekly cycle analysis suggests that XBI has likely formed a key intermediate-term low. Weekly momentum is now positive. The daily cycle analysis suggests that XBI is in a short-term rising phase. The Slim Ribbon has now neutralized. There are short-term supports below current levels. Targeting the 78.6% Fib retracement and the prior daily cycle high. A close below the 78.6% Fib retracement would render the idea no longer valid. Please refer to the XBI Trade Idea video for a walk through of the analysis.,The condition for this Trade Idea has been satisfied. XBI traded into the favorable entry and has now tested the target zone. We will look to establish a new Trade Idea on a minor dip.,Target Zone Reached,2022-04-04T14:02:13Z
431,MS,Inactive,2022-03-17T14:25:13.168Z,Short-Term (1-3 weeks),91.69,Long,None,90.92 - 88.45,95.85 - 99.13,< 86.7,The weekly cycle analysis suggests that an intermediate-term low is due to form. Weekly momentum remains negative. The low is due 2/14 - 4/4. The daily cycle analysis suggests that a short-term low has formed and MS is in a rising phase. The Slim Ribbon is mildly negative and close to neutralizing. There are minor supports below current levels. Targeting the short-term 50-61.8% Fib retracement zone. If MS closes below the minor 78.6% Fib that would render the idea no longer valid. Update 3/21 we have revised the favorable entry and re-eval.,"MS is still above favorable entry. However, the stock is showing signs of failure vs the intermediate-term resistance zone. We are inactivating the idea and will re-evaluate if MS can establish positive daily momentum.",Pending / Inactive,2022-03-29T14:26:42Z
430,AZO,Inactive,2022-03-17T14:15:26.396Z,Short-Term (1-3 weeks),1950.83,Long,None,1923.0 - 1890.0,2010.0 - 2078.0,< 1866.0,The weekly cycle analysis suggests that AZO has likely formed an intermediate-term low. Weekly momentum is mildly negative. AZO weekly momentum needs to turn positive to confirm the low. The daily cycle analysis suggests that AZO is in a short-term rising phase. The Slim Ribbon is close to turning positive. There are minor supports below current levels. Targeting the short-term 78.6% Fib and the prior daily cycle high. A close below the minor 78.6% Fib would render this idea no longer valid. Note: options are very thin in AZO.,AZO is back near the top end of the favorable entry. However the stock trades too thin. We are inactivating it.,Pending / Inactive,2022-03-18T15:11:54Z
429,SBUX,Inactive,2022-03-17T13:44:04.888Z,Short-Term (1-3 weeks),86.97,Long,None,85.82 - 83.19,91.42 - 94.82,< 81.31,The weekly cycle analysis suggests that an intermediate-term low is due to form. The weekly low is due 2/14 - 4/4. Weekly momentum remains negative. The daily cycle analysis suggests that a short-term low has likely formed the low was due 3/8 - 3/16. The Slim Ribbon remains negative. The stock is testing a minor support zone. Targeting the short-term 61.8 - 78.6% Fib retracement zone. A close below the minor 78.6% would render the idea no longer valid.,"SBUX remains above the favorable entry. However, the stock has not yet established positive momentum on the daily and looks increasingly boxed in as it trades between short-term resistances and supports. We will re-evaluate if it can establish positive daily momentum.",Pending / Inactive,2022-03-23T13:50:10Z
428,TD,Inactive,2022-03-16T19:12:49.449Z,Short-Term (1-3 weeks),79.04,Long,None,77.82 - 76.44,81.51 - 83.49,< 75.46,The weekly cycle analysis suggests that TD is due to form a key intermediate-term low. The key low is due 2/21 - 3/28. Weekly momentum remains negative. The daily cycle analysis suggests that TD has formed a short-term low an is in a rising phase. The Slim Ribbon remains mildly negative. There are short-term supports below current levels. Targeting the short-term 61.8 -78.6% fib retracement. If TD closes below the 78.6% fib that would render the idea no longer valid.,TD has now traded into the target zone. The stock remains very early in a rising phase on the intermediate-term.,Target Zone Reached (Early / Missed Entry),2022-03-21T13:45:14Z
427,PANW,Inactive,2022-03-16T14:05:01.193Z,Short-Term (1-3 weeks),554.47,Long,None,544.26 - 527.36,590.94 - 613.18,< 510.46,The weekly cycle analysis suggests that PANW is in an intermediate-term rising phase. Weekly momentum is positive. The daily cycle analysis suggests that a short-term low was due 3/11 - 3/21. As we have been discussing regularly in our Discord office hours chat - we have been watching for this name to form a short-term low. Given the daily hammer off supports and a reversal - the odds favor that short-term low has formed. The favorable entry is the short-term 38.2 - 50% Fib retracement. Targeting the minor 61.8 - 78.6% Fib extension zone. If we close below the hammer that would render this idea no longer valid.,The conditions for this Trade Idea have been satisfied. PANW traded into the favorable entry and has now traded into the target zone.,Target Zone Reached,2022-03-22T13:44:23Z
426,IP,Inactive,2022-03-15T14:44:48.789Z,Intermediate-Term (3-8 weeks),42.92,Short,None,44.0 - 45.1,40.45 - 39.76,> 46.19,The weekly cycle analysis suggests that IP is late in an intermediate-term corrective period. Weekly momentum is negative. The next intermediate-term low is due 5/9 - 6/13. The daily cycle analysis suggests that IP is in a short-term rising phase. The Slim Ribbon is negative. There are short-term resistances above current levels. If IP closes over the short-term 61.8% Fib retracement that would render the idea no longer valid. Targeting the prior daily cycle low and the top of a short-term Fib extension zone. Please review this Trade Idea video walk through. We look at the weekly and daily analysis in great detail.,IP closed above the re-evaluation. We inactivated the idea.,Re-evaluation Level Hit,2022-03-28T13:29:06Z
425,UAL,Inactive,2022-03-15T14:05:39.573Z,Short-Term (1-3 weeks),38.12,Short,None,38.0 - 40.0,30.54 - 29.53,> 40.4,"UAL is in a negatively configured daily cycle and has bounced up into the resistance zone. The daily cycle timing window is coming up between 3/24 and 4/1 when we would expect UAL to form a short-term bottom. Because of the negatively configured cycle, the negative momentum condition, and our location halfway through the daily cycle, we would expect this rally to fail.","The strong positive price action today in UAL indicated a late daily cycle low as opposed to a mid-cycle bounce. The chart has been modified accordingly. Unless we get further positive price action to suggest otherwise, however, we are still considering UAL to be late in its cycle on the weekly chart, and therefore we would still expect this cycle to fail in order to form that intermediate term low.",Re-evaluation Level Hit,2022-03-16T22:53:25Z
424,IBM,Inactive,2022-03-10T18:39:05.521Z,Intermediate-Term (3-8 weeks),123.38,Short,None,126.46 - 128.82,"120.82 - 118.93, 118.93 - 115.92",> 131.18,The weekly cycle analysis suggests that IBM is in a corrective period. Weekly momentum is negative. The next intermediate-term low is due 5/23 - 7/4. The daily cycle analysis suggests that IBM is in a short-term corrective period. The Slim Ribbon is negative. The stock is showing signs of failure vs the short-term resistance zone. Targeting the recent swing low and the short-term 127.2% Fib Ext. If IBM closes over the 61.8% Fib that would render the idea no longer valid. (update 3/11 added short-term target zone which is the minor 78.6% to the recent swing low).,IBM is at the base of the favorable entry. The stock is holding up stronger than we had anticipated. This suggests a shift on the dominant daily cycle. With the stock trading 126.80 we are inactivating this idea.,Pending / Inactive,
423,BIDU,Inactive,2022-03-09T16:24:33.655Z,Short-Term (1-3 weeks),142.25,Short,None,146.67 - 151.19,132.14 - 126.08,> 155.71,The weekly cycle analysis suggests that BIDU is in an intermediate-term corrective period. Weekly momentum is negative. The daily cycle analysis suggests that BIDU is in a short-term corrective period. Daily Slim Ribbon is negative. There are minor resistances above current levels. We are targeting the prior daily cycle low and a minor 127.2% Fib Extension. If BIDU closes over the 61.8% Fib that would render the idea no longer valid.,BIDU only traded to within $1.90 of the favorable entry and has now traded into the target zone.,Target Zone Reached (Early / Missed Entry),2022-03-11T14:46:06Z
422,AMZN,Inactive,2022-03-09T14:24:58.187Z,Short-Term (1-3 weeks),2780.0,Short,None,2831.0 - 2929.0,2602.0 - 2500.0,> 2999.0,The weekly cycle analysis suggests that AMZN is in an intermediate-term corrective period. The next weekly low is due in the late summer. The daily cycle analysis suggests that AMZN is in a short-term corrective period. The daily cycle structure is now negative. There are short-term resistances above current levels. We are targeting a short-term Fib extension confluence on the downside. If AMZN closes above the short-term 78.6% Fib retracement - that would render the idea no longer valid.,AMZN announced after hours a buyback and stock split. We did not enter the favorable entry in the RTH session. We are inactivating it and will re-evaluate this in the coming days.,Pending / Inactive,2022-03-09T21:57:32Z
421,WM,Inactive,2022-03-08T19:58:57.884Z,Short-Term (1-3 weeks),151.04,Long,None,148.51 - 146.17,156.79 - 161.73,< 142.83,The weekly cycle analysis suggests that WM is early in an intermediate-term rising phase. Weekly momentum is now positive. The daily cycle analysis suggests that WM is in a short-term rising phase. Slim Ribbon is now positive. The stock is testing a short-term support zone. We are targeting the intermediate 61.8 - 78.6% Fib retracement zone. If the stock closes below the 78.6% that would render the idea no longer valid.,"WM did trade into the favorable entry late in Tuesday's session and is now bouncing off that zone. However, the strong sell on the daily is leading to some uncertainty regarding the next direction over the short-term. We are inactivating it and will re-evaluate if the stock can build a fresh base.",Pending / Inactive,2022-03-09T14:30:56Z
420,XBI,Inactive,2022-03-03T15:15:00.797Z,Short-Term (1-3 weeks),87.83,Short,None,90.28 - 92.34,83.89 - 81.5,> 95.28,The weekly cycle analysis suggests that XBI is late in a corrective period. Weekly momentum remains negative. The daily cycle analysis suggests that XBI is in a short-term corrective period. The Slim Ribbon is negative. The stock is testing a minor resistance zone. Targeting the prior daily cycle low and the short-term 50% Fib extension. If XBI closes above the minor 78.6 that would render the idea no longer valid.,XBI has traded into the target zone. Only got to within 2% of favorable. Will watch for minor bear flag to occur in context of negative Slim Ribbon to set up one final move lower into the mid-to-end of March time period.,Target Zone Reached (Early / Missed Entry),2022-03-07T14:31:09Z
419,GS,Inactive,2022-03-02T16:42:41.192Z,Intermediate-Term (3-8 weeks),333.45,Short,None,341.87 - 351.04,319.52 - 311.04,> 357.57,The weekly cycle analysis suggests that GS is in a corrective period. Weekly momentum is negative. The next intermediate-term low is due 3/14 - 4/25. The daily cycle analysis suggests that a short-term high has likely formed early in the cycle and we are in a corrective period. The next daily low is due 3/24 - 3/31. There are minor resistances coinciding with the declining Slim Ribbon. If GS closes above the minor 78.6% Fib that would render the idea no longer valid. Targeting the short-term 61.8 - 78.6% Fib extensions on the downside.,GS traded to within 30c of the favorable entry and has now tested the target zone. We are approaching the intermediate-term low timing. Daily analysis suggests one more dip into end of March.,Target Zone Reached (Early / Missed Entry),2022-03-08T15:22:42Z
418,SQ,Inactive,2022-03-02T15:54:20.702Z,Short-Term (1-3 weeks),120.05,Long,None,113.14 - 107.33,130.73 - 143.69,< 101.53,"Weekly cycle analysis suggests SQ is early in the rising phase. Momentum is now positive. The previous cycle was negatively configured, so we are projecting a move only up to between the 23.6% and 38.2% Fibs. Daily cycle analysis suggests SQ is early in the rising phase. The Reversal Scout is positive, but the Slim Ribbon is still neutral. We are looking for a flag to form in SQ and then targeting a move back up to the prior cycle high and potentially up to the 127.2% Fib of the prior decline. If SQ closes below the 61.8% Fib, we will invalidate the trade idea.",SQ is trading below the re-evaluation level in line with the continued market sell-off. The daily Slim Ribbon is now negative.,Re-evaluation Level Hit,2022-03-07T15:46:29Z
417,TAN,Inactive,2022-03-02T14:58:23.566Z,Short-Term (1-3 weeks),70.43,Long,None,66.92 - 64.85,73.98 - 78.86,< 62.78,The weekly cycle analysis suggests that TAN is early in an intermediate-term rising phase. Weekly momentum is now positive. TAN's weekly cycle configuration is negative. The daily cycle analysis suggests that TAN is in a short-term rising phase. The Slim Ribbon is now positively configured. There are rising short-term supports below current levels. We are targeting a move back to the short-term 78.6% Fib and the prior cycle high. If TAN closes below the 61.8% Fib retracement we will inactivate the idea.,The conditions for this Trade Idea have been satisfied. TAN traded into the favorable entry and has now traded into the target zone. Please make sure to use Discord to see our regular status updates on our Trade Ideas.,Target Zone Reached,2022-03-08T14:47:18Z
416,QCOM,Inactive,2022-02-17T13:17:36.900Z,Intermediate-Term (3-8 weeks),172.6,Short,None,173.8 - 180.8,162.5 - 155.9,> 185.76,"QCOM is in the declining phase of the weekly cycle with negative momentum and a bottom due in April/May. On the daily chart, the current cycle retraced deeply to just below the 78.6% Fib and made a mid cycle low. We are now getting a bounce up into the resistance zone. Momentum is negative. Given where we are on the weekly cycle, we would expect rallies to fail.",QCOM is trading in the target range. We will look for another short-side trade idea in the next cycle.,Target Zone Reached (Early / Missed Entry),2022-02-23T21:00:32Z
415,GLW,Inactive,2022-02-16T14:07:00.110Z,Intermediate-Term (3-8 weeks),42.09,Long,None,39.83 - 38.0,44.0 - 46.82,< 37.5,Corning had a big upside move off earnings and is very early in the rising phase on the weekly chart.  We are seeing some sideways consolidation in all time frames. We are entering the daily cycle timing window and would look for a modest retracement before moving up again. Momentum is positive on the weekly and daily charts.,"GLW is in the middle of the entry range. However, it is struggling to regain upside momentum. We will re-evaluate if conditions change.",Re-evaluation Level Hit,2022-03-04T15:56:27Z
414,XLE,Inactive,2022-02-15T18:21:08.916Z,Short-Term (1-3 weeks),67.8,Long,None,66.43 - 65.17,70.74 - 73.71,< 63.91,The weekly cycle analysis suggests that XLE is in an intermediate-term rising phase. Weekly momentum remains very positive. The daily cycle analysis suggests that a short-term low is due to form 2/15 - 2/24. The Slim Ribbon and RS are positive on the daily. The stock is testing a short-term support zone. Targeting the short-term 78.6% - 100% Fib extensions. If XLE closes below the short-term 61.8% Fib that would render the idea no longer valid.,XLE bounced off the favorable entry and then had another failure on the daily. The stock continues to trade in a range. The multiple failures we see on the daily is a warning sign. We will inactivate this idea and continue to monitor for a clearer opportunity.,Pending / Inactive,2022-02-24T17:28:12Z
413,FCX,Inactive,2022-02-15T15:49:14.068Z,Short-Term (1-3 weeks),42.9,Long,None,41.5 - 40.23,45.61 - 46.2,< 38.96,The weekly cycle analysis suggests that FCX is early in an intermediate-term rising phase. Weekly momentum is now mildly positive. The daily cycle analysis suggests that FCX is in a short-term rising phase. The Slim Ribbon and Reversal Scout (RS) are both positive. The stock is testing a short-term support zone. We are targeting the recent multi-day high from 2/10 and the prior cycle high. If FCX closes below the 61.8% Fib that would render the idea no longer valid.,The conditions for this trade idea have been satisfied.  FCX traded into favorable entry and showed good relative strength in weak tape. The stock is now trading in target zone.,Target Zone Reached,2022-02-25T16:24:34Z
412,AAPL,Inactive,2022-02-14T19:01:12.446Z,Short-Term (1-3 weeks),167.18,Short,None,170.74 - 174.6,163.08 - 159.4,> 176.65,The weekly cycle analysis suggests that AAPL is in a corrective period. Weekly momentum is negative. The next intermediate-term low is due 3/7 - 4/11. The daily cycle analysis suggests that AAPL is in a short-term corrective period. There are minor resistances just above current levels. We are targeting the short-term 61.8-78.6% fib retracements on the downside. The next S-T low is due 2/24 - 3/4. Note: 2-hour momentum is now negative (this is rationale behind calling this a momentum breakdown).,The conditions for this trade idea have been satisfied. AAPL traded into favorable entry and is now trading in the target zone.,Target Zone Reached,2022-02-22T19:58:09Z
411,XME,Inactive,2022-02-14T17:29:06.642Z,Intermediate-Term (3-8 weeks),48.26,Long,None,46.66 - 45.39,50.78 - 52.19,< 44.12,"XME is early in the rising phase of a new weekly cycle and has broken above the prior cycle high after a long period of sideways consolidation. Momentum is positive. On the daily chart, we are approaching mid cycle when we would expect a pullback into the entry zone and then retest of the cycle high to possible new highs in the second half cycle.","XME did not reach the entry range but has now traded up into our target range.  XME is still early in the rising phase on the weekly chart, and we will look for another long-side trade idea on a pullback.",Target Zone Reached (Early / Missed Entry),2022-02-25T19:10:06Z
410,GOOGL,Inactive,2022-02-14T17:19:18.825Z,Short-Term (1-3 weeks),2719.0,Short,None,2804.0 - 2848.0,2670.0 - 2622.0,> 2891.0,The weekly cycle analysis suggests that GOOGL has likely formed an early intermediate-term high. Weekly momentum is negative. The daily cycle analysis suggests that GOOGL is in a short-term corrective period. There are short-term resistances above current levels. We are targeting the minor 61.8 - 78.6% Fib extensions. If we close above the short-term 61.8% Fib that would render the idea no longer valid.,GOOGL is now trading in the target zone. The more negative scenario discussed in the video is in play.,Target Zone Reached (Early / Missed Entry),2022-02-18T15:20:06Z
409,PFE,Inactive,2022-02-09T14:45:20.901Z,Short-Term (1-3 weeks),51.22,Long,None,51.32 - 49.66,53.96 - 55.45,< 48.87,"The weekly cycle analysis suggests that PFE is testing an intermediate-term support and is due to form a low. The low is due 1/24 - 3/7. Weekly momentum remains negative. The daily cycle analysis suggests that PFE is due to form a short-term low. The low is due 2/2 - 2/10. SlimRibbon and Reversal Scout are negative. For the short-term low to get confirmed, we need to see the reversal scout on the daily turn positive. As of now, this is a counter-trend idea. The favorable entry is the short-term 78.6-100% Fib extensions. IF we close below the intermediate-term 61.8% Fib that would render the idea no longer valid. Targeting the short-term 61.8 - 78.6% Fib retracements. Update 2/16 we have revised the daily analysis for a potential late low. We have not had a close below the 78.6% -  the trade idea remains valid.",PFE closed below re-evaluation. Weekly low remains due to form.,Re-evaluation Level Hit,2022-02-22T16:42:47Z
408,COST,Inactive,2022-02-07T20:56:32.801Z,Short-Term (1-3 weeks),516.0,Long,None,506.55 - 494.42,532.34 - 549.56,< 485.78,The weekly cycle analysis suggests that COST is in an intermediate-term rising phase. Weekly momentum remains negative. The daily cycle analysis suggests that COST is in a short-term rising phase. Slim Ribbon is now neutral. There are rising minor supports below current levels. Targeting the 61.8-78.6% Fib retrace. If we close below the minor 78.6% Fib that would render the idea no longer valid.,COST got within 0.77% of the favorable entry and has now traded into the target zone. Note the bullish resolution out of the 2-hour flag.,Target Zone Reached (Early / Missed Entry),2022-02-09T14:51:49Z
407,SYF,Inactive,2022-02-04T14:59:42.605Z,Short-Term (1-3 weeks),42.33,Short,None,43.76 - 44.99,39.78 - 38.26,> 46.22,The weekly cycle analysis suggests that SYF has formed an intermediate-term high and is in a corrective period. Weekly momentum is negative. The daily cycle analysis suggests that SYF is in a short-term rising phase and likely forming a bear flag. The Slim Ribbon is firmly pointed down. There are short-term resistances above current levels. Targeting the prior daily cycle low and the short-term 161.8% Fib extension on the downside.,The conditions for this trade idea have been satisfied. SYF traded into favorable entry and has now traded into the target zone,Target Zone Reached,2022-02-24T17:23:04Z
406,PG,Inactive,2022-02-04T14:12:27.074Z,Short-Term (1-3 weeks),163.84,Long,None,161.79 - 159.6,169.14 - 172.7,< 158.03,The weekly cycle analysis suggests that PG is due to form an intermediate-term low. Weekly momentum remains positive. The intermediate-term low is due 12/27 - 2/7. The daily cycle analysis suggests that PG is early in a short-term rising phase. Daily momentum is now positive. There are rising short-term supports below current levels. We are targeting the 61.8 - 78.6% Fib extensions on the upside. If PG closes below the 78.6% Fib that would render the idea no longer valid. Please refer to the trade idea video for a walk through of the analysis.,PG broke through the favorable entry and has now closed below the re-evaluation level.,Re-evaluation Level Hit,2022-02-11T14:17:30Z
405,CF,Inactive,2022-02-02T15:01:03.661Z,Short-Term (1-3 weeks),73.7,Long,None,70.24 - 68.88,78.41 - 82.58,< 65.61,The weekly cycle analysis suggests that an intermediate-term low has likely just formed and CF is early in a rising phase. Weekly momentum is positive. The daily cycle analysis suggests that CF is in a short-term rising phase. There are minor supports below current levels. Target are the short-term 78.6 - 100% Fib extension zone. If CF closes below the minor 78.6% Fib that would render the idea no longer valid.,CF came within $1.15 of target and has now seen a swift rejection. The stock has earnings coming up on 2/15 after-hours - we are inactivating the idea and will re-evaluate post earnings.,Pending / Inactive,2022-02-14T15:10:53Z
404,PAAS,Inactive,2022-01-31T17:39:19.950Z,Short-Term (1-3 weeks),21.51,Short,None,21.87 - 22.57,20.39 - 19.49,> 23.07,The weekly cycle analysis suggests that PAAS is in a corrective period. Weekly momentum is negative. The next key low is due 2/28 - 4/4. The daily cycle analysis suggests that PAAS is in a short-term corrective period. The Slim Ribbon and RS (reversal scout) are both negative. There are minor resistances just above current levels. We are targeting the minor 100 - 127.2% Fib extensions. If PAAS closes above the minor 78.6% that would render the idea no longer valid.,"PAAS is below the favorable entry. However, we have identified an alternate cycle which suggests that the stock is in a short-term rising phase. We will re-evaluate for another short-side idea in the coming week.",Pending / Inactive,2022-02-03T16:34:00Z
403,DFS,Inactive,2022-01-26T19:46:09.362Z,Short-Term (1-3 weeks),119.39,Short,None,120.41 - 122.86,111.41 - 106.13,> 126.39,The weekly cycle analysis suggests that DFS has likely formed an intermediate-term high. Weekly momentum remains positive. The next mid-cycle low is due in mid-February. The daily cycle analysis suggests that the stock is in a corrective period. The Slim Ribbon on the daily has neutralized. The stock is testing a short-term resistance zone. We are targeting a re-test of the 78.6% Fib retracement and the prior daily cycle low. If we close over the 78.6% Fib retracement that would render the idea no longer valid.,DFS failed at the resistance zone and is now trading in the target zone.,Target Zone Reached (Early / Missed Entry),2022-01-28T14:55:22Z
402,/ZS,Inactive,2022-01-26T15:04:00.323Z,Short-Term (1-3 weeks),1418.0,Long,None,1399.0 - 1380.0,1454.25 - 1482.75,< 1366.75,The weekly cycle analysis suggests that /ZS is very early in an intermediate-term rising phase. Weekly momentum is positive. The daily cycle analysis suggests that /ZS is in a short-term rising phase. The Slim Ribbon is positive. There are minor supports coinciding with the rising Slim Ribbon. We are targeting the short-term 61.8 - 78.6% Fib extensions. If we close below the minor 78.6% Fib that would render the idea no longer valid.,/ZS bounced off the support zone and is now trading in the target zone.,Target Zone Reached (Early / Missed Entry),2022-01-27T16:41:55Z
401,BIDU,Inactive,2022-01-25T14:43:39.660Z,Short-Term (1-3 weeks),151.53,Long,None,148.55 - 144.68,164.96 - 169.06,< 139.16,The weekly cycle analysis suggests that BIDU is in an intermediate-term rising phase. Weekly momentum is positive. The daily cycle analysis suggests that BIDU is due to form a short-term low. The stock is testing a short-term support zone. We are targeting the prior daily cycle high and the base of a short-term Fib extension zone. If we close below the 78.6% Fib that would render the idea no longer valid.,"BIDU is at the top of the favorable entry. However, we see the stock struggling to hold the short-term support zone. In addition, we are seeing weakness setting into the FXI. We will re-evaluate if this stock can re-establish positive momentum.",Pending / Inactive,2022-01-27T15:22:14Z
400,/ZW,Inactive,2022-01-21T14:04:06.126Z,Short-Term (1-3 weeks),782.5,Long,None,769.25 - 761.25,810.25 - 824.0,< 750.0,The weekly cycle analysis suggests that /ZW has just formed a key intermediate-term low. Weekly momentum remains negative. The daily cycle analysis suggests that /ZW is in a short-term rising phase. The Slim Ribbon has now neutralized. There are short-term supports below current levels. We are targeting the 61.8% Fib retracement and the prior minor cycle high. A close below the 78.6% Fib retracement would render the idea no longer valid.,Wheat missed the favorable by $6 and has rallied into the target zone. Overall conditions remain favorable and will consider establishing a new trade idea on a pullback.,Target Zone Reached (Early / Missed Entry),2022-01-25T14:25:06Z
399,TGT,Inactive,2022-01-20T14:40:00.712Z,Short-Term (1-3 weeks),226.06,Short,None,228.73 - 237.45,209.14 - 202.72,> 243.67,The weekly cycle analysis suggests that TGT is in an intermediate-term corrective period. Weekly momentum is negative. The next key dominant low is due in april-may. The daily cycle analysis suggests that TGT is in a short-term corrective period. There was a mid-cycle low due on the daily. We are looking at this rally as a bear flag. There are short-term resistances above current levels. We are targeting the short-term 50-61.8% Fib extensions on the downside.,The conditions for this Trade Idea have been satisfied. TGT traded into the favorable entry and has now traded into the target zone. Note how every minor bear flag continued to get rejected in the context of a bearish Slim Ribbon on the daily.,Target Zone Reached,2022-02-14T15:09:08Z
398,DLTR,Inactive,2022-01-19T15:10:37.287Z,Intermediate-Term (3-8 weeks),131.63,Short,None,133.98 - 137.98,124.5 - 122.28,> 140.83,"DLTR has weekly cycle timing coming up in from Feb 21 to Apr 4, and momentum has turned negative. On the daily chart, we have broken below cycle low support and are getting a mid-cycle bounce. Momentum is also negative on the daily chart. Because the cycle is now negatively configured, the resistance zone would be considered a sell zone. We are targeting the weekly cycle 38.2% Fib.",DLTR got within 1.04% of the favorable entry and has now traded into the target zone. We inactivated the idea.,Target Zone Reached (Early / Missed Entry),2022-01-28T16:05:12Z
397,/6B,Inactive,2022-01-18T14:15:58.331Z,Short-Term (1-3 weeks),1.3586,Long,None,1.3525 - 1.3457,1.3717 - 1.3847,< 1.3388,The weekly cycle analysis suggests that /6B is in an intermediate-term rising phase. Weekly momentum is positive. The daily cycle analysis suggests that a short-term low is due in the middle-to-end of January. The Reversal Scout and Ribbon are positive. There are intermediate-term supports below current levels. We are targeting the major 50-61.8% Fib. IF we close below the 61.8% Fib retracement that would render the idea no longer valid.,/6B broke through the support zone and has closed below the re-evaluation.,Re-evaluation Level Hit,2022-01-27T20:29:57Z
396,AAPL,Inactive,2022-01-14T20:26:27.572Z,Short-Term (1-3 weeks),172.55,Short,None,173.79 - 177.26,167.46 - 165.18,> 179.73,The weekly cycle analysis suggests that AAPL is due to form an intermediate-term high. Weekly momentum remains positive. The next intermediate-term low is due 3/7 - 4/11. The daily cycle analysis suggests that AAPL is in a short-term corrective period. There is a short-term low due 1/24 - 1/31. The Slim Ribbon has now neutralized and the RS is negative. The stock is testing a short-term resistance zone. Targeting the prior daily cycle low and the short-term 50% Fib retracement. If AAPL closes above the 78.6% Fib that would render the idea no longer valid.,The conditions for this Trade idea have been satisfied. AAPL is now trading in the target zone. Note we continue to be in a corrective phase on the daily..,Target Zone Reached,2022-01-19T16:41:18Z
395,JD,Inactive,2022-01-13T13:55:33.200Z,Short-Term (1-3 weeks),74.52,Long,None,72.32 - 70.38,77.43 - 81.03,< 68.45,The weekly cycle analysis suggests that JD is in a rising phase on the minor cycle. Weekly momentum is negative. The daily cycle analysis suggests that JD is in a short-term rising phase. Daily Ribbon has neutralized and Reversal Scout (RS) is positive. There are short-term supports below current levels. We are targeting a re-test of the 50-61.8% Fib retracement zone. If we close below the 61.8% Fib that would render the idea no longer valid.,The conditions for this idea have been satisfied. JD traded into the favorable entry and has now traded into the target zone.,Target Zone Reached,2022-01-20T14:42:35Z
394,CDW,Inactive,2022-01-12T14:12:49.938Z,Short-Term (1-3 weeks),200.42,Long,None,198.52 - 192.23,210.34 - 218.03,< 187.75,The weekly cycle analysis suggests that CDW is early in an intermediate-term rising phase. Weekly momentum is positive. The daily cycle analysis suggests that CDW is in a short-term rising phase. The Slim Ribbon and Reversal Scout (RS) are positive. CDW is testing a short-term support zone. We are targeting the short-term 100-127.2% Fib extension on the upside. If we close below the 78.6% Fib retracement that would render the idea no longer valid. Note options are very thin on CDW,"CDW is still above the re-evaluation. However, the stock is acting poorly and has now lost positive momentum on the daily.",Re-evaluation Level Hit,2022-01-19T15:50:17Z
393,SMH,Inactive,2022-01-10T20:16:08.085Z,Short-Term (1-3 weeks),292.78,Short,None,299.61 - 306.94,283.8 - 275.54,> 312.17,The weekly cycle analysis suggests that the SMH is in an intermediate-term corrective period. Weekly momentum is negative. The next intermediate-term low is due 2/28 - 4/11. The daily cycle analysis suggests that SMH is in a short-term corrective period. The Slim Ribbon is negative. There are short-term resistances just above current levels.We are targeting the intermediate-term 50-61.8% Fib retracement. If we close above the minor 78.6% Fib retracement that would render this idea no longer valid.,"SMH is below the favorable entry. However, with the strength in TSM, the stock is unlikely to reach the target zone into the next expected daily timing. We have inactivated the idea and will focus on single stock names.",Pending / Inactive,2022-01-18T14:59:13Z
392,XRT,Inactive,2022-01-07T14:58:38.446Z,Short-Term (1-3 weeks),88.85,Short,None,89.75 - 91.61,85.57 - 83.54,> 93.01,The weekly cycle analysis suggests that XRT is in a corrective phase (left hand translation). Weekly momentum is negative. The next low is due in late March to early April. The daily cycle analysis suggests that XRT is in a short-term corrective phase. There are short-term resistance just above current levels. We are targeting the 78.6% Fib retracement and the prior cycle low. If we get above the current daily cycle high that would render the idea no longer valid.,XRT got within 0.6% of the favorable entry and has now traded into the target zone. The stock continues to have significant risk on the downside.,Target Zone Reached (Early / Missed Entry),2022-01-10T14:33:05Z
391,GOOGL,Inactive,2022-01-06T14:52:13.924Z,Short-Term (1-3 weeks),2784.0,Short,None,2825.0 - 2885.0,2706.0 - 2621.0,> 2928.0,The weekly cycle analysis suggests that GOOGL is in a corrective period. Weekly momentum is negative. The daily cycle analysis suggests that GOOGL is in a short-term corrective period. We have broken below the key daily cycle low. The Slim Ribbon is also negative. There are short-term resistances above current levels. We are targeting the intermediate-term 78.6% Fib retracement and the prior cycle low. The next short-term low is due in the middle-to-end of Jan.,GOOGL only got within 1% of the favorable entry and has now traded into the target zone.,Target Zone Reached (Early / Missed Entry),2022-01-10T14:31:57Z
390,FB,Inactive,2022-01-05T01:14:48.585Z,Short-Term (1-3 weeks),336.08,Long,None,332.58 - 326.36,351.92 - 366.18,< 320.15,The weekly cycle analysis suggests that FB is still early in an intermediate-term rising phase. Weekly momentum is positive. FB's weekly cycle configuration remains negative. The daily cycle analysis suggests that FB is due to form a short-term low. The low is due 1/3 - 1/11. The Slim Ribbon and Reversal Scout on the daily are positive. FB is testing a short-term support zone. We are targeting the intermediate-term 61.8 - 78.6% Fib retracements. Please see the Trade Idea video for a walk through of the analysis.,FB is back near the top of the favorable entry. We are inactivating the idea and will re-evaluate if the stock can establish positive 2-hour momentum,Pending / Inactive,2022-01-06T14:45:18Z
389,ISRG,Inactive,2021-12-16T13:27:06.533Z,Short-Term (1-3 weeks),336.0,Long,None,333.71 - 320.62,357.71 - 369.69,< 313.69,The weekly cycle analysis suggests that ISRG is due to form an intermediate-term low. The low is due 11/15 - 1/10. Weekly momentum remains negative. The daily cycle analysis suggests that ISRG is in a short-term rising phase. The stock is forming a higher daily low. It will be key for that higher low to hold and we see the Slim Ribbon turn positive. We are targeting the short-term 78.6% to the prior cycle high. The stock is testing a short-term support zone and is now up overnight on the GS upgrade to conviction buy. If we close below the prior cycle low support that would render the idea no longer valid.,The conditions for this Trade Idea have been satisfied. ISRG traded into the favorable entry and has now traded into the target zone. The odds continue to favor a move through the all-time high.,Target Zone Reached,2021-12-22T17:32:42Z
388,AUD/USD,Inactive,2021-12-15T16:07:03.519Z,Short-Term (1-3 weeks),0.7122,Short,None,0.7209 - 0.7261,0.7077 - 0.7037,> 0.7271,The weekly cycle analysis suggests that the AUD/USD is in an intermediate-term corrective period. The shifted weekly low is due in the April-May time period. Weekly momentum is negative. The daily cycle suggests that the AUD/USD is in a short-term rising phase. There are short-term resistances above current levels. If we close above the intermediate 50% fib retracement that would render the idea no longer valid. We are targeting the short-term 61.8 - 78.6% retracement zone on the downside. Video will be posted shortly. Update 12/16 we have revised the target levels (note: these are retracement levels - the analysis presented in video remains the same),The AUD/USD got within 0.05% of our target zone and has now rotated back close to the favorable entry. We inactivated the idea.,Pending / Inactive,2021-12-22T14:55:15Z
387,GOOGL,Inactive,2021-12-10T15:24:58.656Z,Short-Term (1-3 weeks),2967.0,Long,None,2913.0 - 2871.0,3049.0 - 3116.0,< 2803.0,The weekly cycle analysis suggests that GOOGL is in an intermediate-term rising phase. Weekly momentum is positive. The daily cycle analysis suggests that GOOGL is early in a short-term rising phase. There are rising minor supports below current levels. We are targeting a short-term 61.8-78.6% Fib extension zone on the upside. If we close below the daily cycle low that would render the idea no longer valid. Please see the GOOGL Trade Idea video for a walk through of the analysis.,GOOGL had only muted rallies off of supports and has now traded through the daily cycle low. This is a very risky pattern and suggests that an intermediate-term high has already formed here. Note the downturn in the weekly momentum.,Re-evaluation Level Hit,2021-12-20T17:47:03Z
386,KSU,Inactive,2021-12-10T14:40:16.272Z,Intermediate-Term (3-8 weeks),298.66,Long,None,295.75 - 285.41,315.39 - 320.48,< 278.04,The weekly cycle analysis suggests that KSU is due to form a mid-cycle low. Weekly momentum is negative. The daily cycle analysis suggests that KSU has likely formed a short-term low. The short-term low was due 11/30 - 12/8. The Slim Ribbon is currently negative. The stock is testing an intermediate-term support zone. We are targeting the prior weekly cycle high and the short-term 78.6% Fib extension on the upside. If we close below the 78.6% Fib retracement that would render the idea no longer valid. Please see the KSU Trade Idea video for a walk through of the analysis.,KSU is no longer trading due to merger with Canadian Pacific.,Pending / Inactive,2021-12-14T15:04:14Z
385,UAL,Inactive,2021-12-07T15:41:16.449Z,Short-Term (1-3 weeks),44.72,Long,None,42.95 - 41.39,48.55 - 51.17,< 40.29,The weekly cycle analysis suggests that UAL is due to form an intermediate-term low. Weekly momentum is negative. The intermediate-term low is due 11/22 - 12/20. The daily analysis suggests an intermediate-term low has likely already formed. The short-term low was due 11/23 - 12/1. The daily Slim Ribbon remains negative. There are rising minor supports below current levels. We are targeting the short-term 61.8-78.6% Fib retracement on the upside. Trade Idea video will be posted by 11 AM ET.,Stock rallied 8.5% off the favorable entry and is now back to the favorable entry. We are inactivating the idea. Note: the stock tested the 50% Fib retracement and backed off. Please make sure to subscribe to the Trade Idea notifications. We share updates to individual ideas as they occur. These updates will eventually flow through Discord.,Pending / Inactive,2021-12-10T15:07:43Z
384,MGM,Inactive,2021-12-07T15:05:34.234Z,Intermediate-Term (3-8 weeks),43.48,Long,None,41.71 - 40.34,"46.18 - 48.38, 48.38 - 51.17",< 39.36,The weekly cycle analysis suggests that MGM is due to form an intermediate-term low. Weekly momentum remains negative. The intermediate-term low is due 11/15 - 12/27. The daily cycle analysis suggests that MGM has likely formed a short-term low. The short-term low was due 11/23 - 12/3. The daily Slim Ribbon remains negative. There are rising minor supports below current levels. We are targeting the 61.8-78.6% Fib retracement zone in the short-term followed by the 78.6% to the prior cycle high for the intermediate-term. Trade Idea video will be posted by 10:20 AM ET. Updated favorable entry and re-evaluation on 12/9.,"MGM is back at the top of the favorable entry. However the stock has failed to establish positive daily momentum. If that happens, we will look to establish a new long trade idea.",Pending / Inactive,2021-12-14T15:51:32Z
383,FB,Inactive,2021-12-06T15:32:12.232Z,Short-Term (1-3 weeks),315.61,Short,None,320.36 - 326.75,307.06 - 294.35,> 333.14,The weekly cycle analysis suggests that FB formed a left hand translation and is in a corrective period. The next low is due in the spring 2022. Weekly momentum is negative. The daily cycle analysis suggests that FB is in a short-term corrective period. Daily momentum is negative. There are short-term resistances above current levels. We are targeting the short-term 61.8% - 78.6% Fib extensions on the downside. If FB closes above the 61.8% Fib retracement that would render the idea no longer valid. Trade Idea video will be posted by 10:40 AM ET.,FB will likely close above the re-evaluation today. This strong rally puts the weekly analysis into question. If the stock closes above the short-term 78.6% Fib we will revise the weekly analysis for a late low.,Re-evaluation Level Hit,
382,CVS,Inactive,2021-12-02T18:36:39.382Z,Short-Term (1-3 weeks),90.64,Long,None,89.18 - 87.43,94.9 - 96.57,< 84.95,The weekly cycle analysis suggests that CVS is an intermediate-term rising phase. Weekly momentum is positive. There is a minor cycle low due in early December. The daily cycle analysis suggests that CVS is due to form a short-term low. A short-term low is due in early December. The Slim Ribbon is currently neutral. The stock is testing a short-term support zone. We are targeting the 78.6% Fib retracement and the prior cycle high. If we close below the 78.6% retracement that would render this idea no longer valid. Please see the Trade Idea for a walk through of the analysis.,CVS traded to within 0.7% of the favorable entry and has now traded into the target zone. The stock remains in a short-term rising phase.,Target Zone Reached (Early / Missed Entry),2021-12-09T13:24:02Z
381,AAPL,Inactive,2021-12-02T14:54:21.171Z,Short-Term (1-3 weeks),160.53,Short,None,162.58 - 165.53,156.2 - 152.36,> 167.63,The weekly cycle analysis suggests that AAPL is in an intermediate-term rising phase. We are showing signs of failure vs the weekly Fib extension/target zone. Weekly momentum is positive. The daily cycle analysis suggests that the stock has likely formed a S-T high after the bearish gap down on news of slowing holiday iPhone sales. There are short-term resistances just above current levels. We are targeting the 61.8% - 78.6% Fib retracement zone. A close above the 78.6% will render this idea no longer valid. Please review the Trade Idea video for a walk through of the analysis.,AAPL is at the base of the favorable entry. The stock had a very strong reaction off the bottom on 12/2. This price action was much stronger than expected. Given the relative strength we have seen in AAPL we are inactivating the idea and will re-evaluate.,Pending / Inactive,2021-12-03T15:05:19Z
380,OIH,Inactive,2021-11-30T16:55:46.228Z,Short-Term (1-3 weeks),176.01,Short,None,189.01 - 196.7,171.78 - 164.41,> 202.18,The weekly cycle analysis suggests that OIH is in a corrective period. The next intermediate-term low is due in Jan-Feb 2022. Weekly momentum is negative. The daily cycle analysis suggests that OIH is in a short-term corrective period (left hand translation). There are declining minor resistances above current levels. We are targeting a 261.8% Fib Extension and the prior intermediate-term cycle low support. If we close above the minor 78.6% Fib retracement that would render the idea no longer valid. Please see the Trade Idea video for a detailed walk through of the levels and analysis.,OIH came within 2% of the favorable entry and sold off sharply and is now testing the target zone. We will look to establish a new Trade Idea on a bounce.,Target Zone Reached (Early / Missed Entry),2021-12-02T14:38:22Z
379,CAT,Inactive,2021-11-29T14:25:19.437Z,Short-Term (1-3 weeks),201.3,Short,None,201.99 - 205.31,196.61 - 193.87,> 207.68,The weekly cycle analysis suggests that CAT is due to form an intermediate-term high. Weekly momentum remains positive. The daily cycle analysis suggests that CAT is in a short-term corrective period. The next daily low is due in mid-December. The Slim Ribbon has now neutralized (this is why we classified this as a momentum breakdown). There are minor resistances just above current levels. We are targeting a move that re-tests the low made on Friday 11/26. If we get through that level the next level down is the 78.6% Fib retracement. Please see the Trade Idea video for a walk through of the analysis.,CAT got within 0.3% of the favorable entry and sold off sharply. The stock is now testing the bottom of the target zone. We will watch for another short setup on a minor rally.,Target Zone Reached (Early / Missed Entry),2021-11-29T15:32:50Z
378,AMZN,Inactive,2021-11-29T14:07:28.696Z,Short-Term (1-3 weeks),3540.0,Short,None,3602.7 - 3663.59,3469.2 - 3400.06,> 3706.93,The weekly cycle analysis suggests that AMZN is showing signs of topping. Weekly momentum remains positive. The daily cycle analysis suggests that an early short-term high has likely formed. There is a minor cycle low due in mid-December. The Slim Ribbon remains positive. There are minor resistances above current levels. We are targeting an intermediate-term 50-61.8% Fib retracement zone on the downside. Please see the Trade Idea video for a walk through of the analysis.,AMZN traded to within 0.2% of the favorable entry and sold off sharply and is now testing the target zone.,Target Zone Reached (Early / Missed Entry),2021-12-01T19:26:57Z
377,SIL,Inactive,2021-11-16T16:57:00.565Z,Short-Term (1-3 weeks),41.38,Long,None,40.43 - 39.4,43.03 - 44.47,< 38.68,The weekly cycle analysis suggests that SIL is in an intermediate-term rising phase. Weekly momentum is positive. The daily cycle analysis suggests that SIL is in a short-term rising phase. Daily momentum is positive. There are rising short-term supports coinciding with the Ribbon. We would expect the rising Ribbon to act as support. We are targeting a fib extension zone on the upside. If we close below the short-term 78.6% that would render the idea no longer valid. Please refer to the Trade Idea video for a walk through of the analysis.,SIL has closed below the re-evaluation. This re-test of the daily cycle low represents a significant change relative to the situation presented in the stock sectors video on 9/9/21.,Re-evaluation Level Hit,2021-11-24T15:44:24Z
376,USD/JPY,Inactive,2021-11-12T14:01:58.362Z,Short-Term (1-3 weeks),113.94,Long,None,113.69 - 113.31,115.51 - 116.16,< 112.71,The weekly cycle analysis suggests that USD/JPY is due to form an intermediate-term low. Weekly momentum remains positive. The daily cycle analysis suggests that USD/JPY has likely formed a short-term low and is early in a short-term rising phase. Daily momentum is also positive. There are minor supports below current levels. We are targeting the short-term 50-61.8% Fib extension zone. If we close below daily cycle low support that would render this idea no longer valid.,The conditions for this Trade Idea have been satisfied. USD/JPY traded into the favorable entry and has now traded into the target zone. We remain early in an intermediate-term rising phase.,Target Zone Reached,2021-11-24T15:48:45Z
375,MCD,Inactive,2021-11-11T13:11:32.016Z,Intermediate-Term (3-8 weeks),253.2,Long,None,249.36 - 244.31,259.67 - 266.07,< 240.72,The weekly cycle analysis suggests that MCD is early in an intermediate-term rising phase. Weekly momentum is positive. The daily cycle analysis suggests that MCD is in a mild corrective period. There is a bull flag forming under the condition of a positively configured Slim Ribbon. There are short-term supports just below current levels. We are targeting an intermediate-term 100-127.2% Fib extension zone. The reward/risk is 1.17:1 on this Idea. Video will be posted by 8:30 AM ET.,MCD only got to within 0.6% of the target zone and is now forming a bear kicker. We inactivated the Idea.,Pending / Inactive,2021-11-26T14:34:45Z
374,JPM,Inactive,2021-11-10T19:30:24.004Z,Short-Term (1-3 weeks),167.83,Long,None,168.03 - 162.82,176.58 - 181.08,< 160.06,The weekly cycle analysis suggests that JPM is in an intermediate-term rising phase. Weekly momentum remains positive. The daily cycle analysis suggests that a short-term low is due to form. JPM is testing a minor support zone. If we close below the minor cycle low support that would render this no longer valid. We are targeting a minor Fib extension zone. Risk/reward is balanced at 1:1.,We are using this bounce back to 166 to inactivate the idea. Stock sold off further than expected prior to the Powell news.,Re-evaluation Level Hit,2021-11-23T15:13:45Z
373,FDX,Inactive,2021-11-10T13:58:01.144Z,Short-Term (1-3 weeks),252.01,Long,None,246.84 - 241.61,"260.53 - 264.25, 264.25 - 268.99",< 237.89,"FDX is in the early rising phase on the weekly chart with positive momentum. On the daily chart, we also have positive momentum, and we are in the cycle timing window. We are expecting a pullback into supports during that general timeframe and then a move higher to the target zones between the 78.6% and 100% Fib extensions at 260 - 269.",FDX opened below the re-evaluation level.,Re-evaluation Level Hit,2021-11-26T14:35:49Z
372,PAAS,Inactive,2021-11-10T13:29:15.567Z,Short-Term (1-3 weeks),26.77,Long,None,26.02 - 25.19,27.65 - 28.44,< 24.75,The weekly cycle analysis suggests that PAAS is an intermediate-term rising phase. Weekly momentum is positive. The daily cycle analysis suggests that the stock has formed a base and is in a short-term rising phase. Daily momentum is also positive. There are rising minor supports just below current levels. We are targeting a short-term 61.8% - 78.6% Fib extension zone on the upside. If we close below the daily cycle low support that would render this idea no longer valid. Note: the stock just reported earnings in the pre-market.,Stock moved sharply higher post CPI numbers in pre-market. We will watch for a bull flag continuation pattern for a new Trade Idea.,Target Zone Reached (Early / Missed Entry),2021-11-10T14:32:34Z
371,PNC,Inactive,2021-11-08T13:49:40.569Z,Short-Term (1-3 weeks),207.1,Long,None,203.88 - 199.64,218.63 - 224.95,< 195.4,The weekly cycle analysis suggests that PNC is in an intermediate-term rising phase. Weekly momentum is positive. The daily cycle analysis suggests that PNC is in a short-term corrective period. We are close to re-testing the prior breakout level and would look for this area ~ 204 to act as support. If we close below the 61.8% Fib retracement that would render this idea no longer valid. Targeting a move to the minor 100% to 127.2% Fib extension.,"PNC is back above the favorable entry. However, the stock is not performing as we originally expected. This lackluster reaction off the lows suggest that the minor weekly cycle is taking hold. The next minor low is due in early January. We will revisit.",Pending / Inactive,2021-11-29T14:31:37Z
370,XBI,Inactive,2021-11-04T15:03:13.562Z,Short-Term (1-3 weeks),133.23,Long,None,131.76 - 128.38,136.61 - 139.88,< 126.86,The weekly cycle analysis suggests that XBI is early in an intermediate-term rising phase. Weekly momentum is negative but will likely close positive shortly. The daily cycle analysis has been revised (11/4) and it suggests that we are in a short-term rising phase. There are rising short-term supports below current levels. We are targeting a prior cycle high and a short-term 100% Fib extension.,XBI closed below the favorable entry. We inactivated the idea,Re-evaluation Level Hit,2021-11-11T12:48:41Z
369,AMGN,Inactive,2021-11-04T14:01:18.505Z,Short-Term (1-3 weeks),213.46,Long,None,212.08 - 207.65,219.37 - 225.21,< 204.49,The weekly cycle analysis suggests that AMGN is due to form an intermediate-term low. Weekly momentum remains negative. The daily cycle analysis suggests that AMGN is in a short-term rising phase. The Slim Ribbon is positive. The stock is testing a short-term support zone. Targeting a short-term resistance zone on the upside.,AMGN is still at the top of the favorable entry. However the stock is not acting well. We would have expected this flag to turn up faster than it has so far. We inactivated the idea.,Pending / Inactive,2021-11-11T16:41:26Z
368,YNDX,Inactive,2021-11-02T14:47:25.358Z,Short-Term (1-3 weeks),82.2,Long,None,81.43 - 80.12,84.4 - 87.49,< 79.19,The weekly cycle analysis suggests that YNDX is early in an intermediate-term rising phase. Weekly momentum is positive. The daily cycle analysis suggests that YNDX is in a short-term rising phase. The stock is forming a tight flag. We are testing a minor support zone. Targeting the short-term 61.8% and 78.6% Fib extension zone. If we close below the minor 78.6% Fib that would render this idea no longer valid. Please refer to the Trade Idea video for a walk through of the analysis.,YNDX traded to within 1% of the favorable entry and has now traded into the target zone. We will revisit YNDX in late November for another long-side idea.,Target Zone Reached (Early / Missed Entry),2021-11-04T14:26:32Z
367,/ZW,Inactive,2021-10-28T12:56:36.170Z,Short-Term (1-3 weeks),758.25,Long,None,746.25 - 733.5,780.75 - 788.5,< 725.25,The weekly cycle analysis suggests that wheat is early in an intermediate-term rising phase. Weekly momentum is positive. Wheat is the strongest in the grain complex. The daily cycle analysis suggests a swamped cycle is forming. We are watching for a small bull flag continuation pattern to set up. Wheat is testing a minor support zone. We are targeting a short-term 78.6% Fib extension and the prior cycle high resistance. Please see the Trade Idea video for a walk through of the analysis.,Wheat is now trading in the target zone. We will look for continuation patterns over the next several days for likely follow through to the upside.,Target Zone Reached (Early / Missed Entry),2021-11-01T13:31:03Z
366,BIDU,Inactive,2021-10-27T13:54:55.400Z,Short-Term (1-3 weeks),169.79,Long,None,168.05 - 163.56,181.26 - 187.35,< 159.06,The weekly cycle analysis suggests that BIDU is in an intermediate-term rising phase. Weekly momentum is positive. The daily cycle analysis suggests that BIDU is due to form a short-term low. We are testing a short-term support zone. Targets are the minor 100% to 127.2% Fib extension. If we close below the short-term 61.8% Fib retracement that would render this idea no longer valid. Please see the Trade Idea video for a walk through of the analysis.,BIDU is back at the top of the favorable entry. A late S-T low has likely just formed. A late low is a warning sign on the short-term and indicates that this next rally is likely to make a lower swing high relative to the high from 10/20. We inactivated the idea.,Pending / Inactive,2021-11-01T14:06:05Z
365,/HG,Inactive,2021-10-22T14:22:56.895Z,Short-Term (1-3 weeks),4.528,Long,None,4.552 - 4.468,4.752 - 4.821,< 4.385,The weekly cycle analysis suggests that /HG is early in an intermediate-term rising phase. Weekly momentum is positive. The daily cycle analysis suggests a S-T low is due to form. We are testing a minor support zone. We are targeting the S-T 78.6% Fib and the prior cycle high. Please see the Trade Idea video for a walk through of the analysis.,Copper broke through the support zone and will close below the re-evaluation. The daily low is likely extending out by a couple of days. We inactivated the idea.,Re-evaluation Level Hit,2021-10-27T19:46:45Z
364,WGO,Inactive,2021-10-21T13:30:09.921Z,Short-Term (1-3 weeks),70.0,Short,None,73.11 - 75.86,67.95 - 64.55,> 77.81,The weekly cycle analysis suggests that WGO was in an intermediate-term rising phase and is now showing signs of topping. Weekly momentum is now negative. The daily cycle analysis suggests that WGO is in a short-term corrective period. The next short-term low is due in mid-November. The Slim Ribbon has now neutralized (this is why we are calling this Trade Idea a momentum breakdown). There are short-term resistances just above current levels. We are targeting the short-term 78.6% Fib and the prior daily cycle low. Note options are thin in WGO. Please see the Trade Idea video for a walkthrough of the analysis,WGO sold off sharply and is now in the target zone.,Target Zone Reached (Early / Missed Entry),2021-10-21T15:55:59Z
363,TGT,Inactive,2021-10-18T13:15:23.518Z,Short-Term (1-3 weeks),245.71,Long,None,240.08 - 235.59,255.22 - 257.6,< 232.39,The weekly cycle analysis suggests that an intermediate-term low is due to form in TGT. Weekly momentum is mildly negative. The daily cycle analysis suggests that TGT is in a short-term rising phase. The Slim Ribbon is now neutral. There are rising minor supports below current levels. We are targeting the prior daily cycle high and the intermediate-term 78.6% Fib. If we close below the minor 78.6% Fib that would render this idea no longer valid. Please see the Trade Idea video for a walk through of the analysis.,TGT rallied into the target zone. We will look to establish a new Trade Idea on a pullback.,Target Zone Reached (Early / Missed Entry),2021-10-19T17:33:58Z
362,JPM,Inactive,2021-10-13T13:10:29.485Z,Short-Term (1-3 weeks),164.4,Long,None,163.48 - 161.0,169.06 - 171.51,< 158.52,The weekly cycle analysis suggests that JPM is early in an intermediate-term rising phase. Weekly momentum is positive. The daily cycle analysis suggests that JPM is due to form a mid-cycle low. (JPM has just released earnings and the stock is around unchanged in the pre-market) There is a bull flag forming on the daily. We are targeting a short-term 127.2% and 161.8% Fib extension on the upside. The favorable entry is the short-term 38.2 to the short-term 50% Fib retracement. If we close below the 61.8% Fib retracement that would render this idea no longer valid. Please see the video for a walk through of the analysis. Update 10/15: we have revised our target zone to the short-term 78.6% and the recent swing high. Reward/Risk remains 1.2:1,The conditions for this Trade Idea have been satisfied. JPM traded into the favorable entry and has now traded into the target zone.,Target Zone Reached,2021-10-18T13:50:42Z
361,JD,Inactive,2021-10-08T12:53:52.544Z,Short-Term (1-3 weeks),76.77,Long,None,75.55 - 72.92,82.25 - 86.0,< 70.29,The weekly cycle analysis suggests that JD.com is in an intermediate-term rising phase. Weekly momentum is positive. The daily cycle analysis suggests that JD was due to form a short-term low. The low was due 9/29 - 10/14. The Slim Ribbon is negative but close to neutralizing. The stock is testing a short-term support zone. We are targeting a short-term 61.8% and 78.6% Fib extension zone on the upside.  If JD closes below the 61.8% Fib retracement - that would render this idea no longer valid. Please refer to the JD.com Trade Idea video for a walk through of the analysis.,JD traded to within 40c of the favorable entry and has now traded into the target zone.,Target Zone Reached (Early / Missed Entry),2021-10-18T13:59:55Z
360,XBI,Inactive,2021-10-07T18:31:22.447Z,Short-Term (1-3 weeks),124.53,Short,None,126.13 - 128.82,121.23 - 117.98,> 130.74,The weekly cycle analysis suggests that the XBI is in the late stages of a corrective period. The next low is due 9/13 - 11/1. Weekly momentum is negative. The daily cycle analysis suggests that the XBI is in a short-term corrective period. The Slim Ribbon and Reversal Scout are negative. The next short-term low is due mid-to-late October. There are *short-term* resistances above current levels. We are targeting the short-term 127.2% Fib extension and the 161.8% Fib extension. If we close above the short-term 78.6% Fib retracement - that would render this idea no longer valid. Please see the revised Trade Idea video for a walk through of the analysis.,"XBI remains in the favorable entry. However we have revised our daily analysis and it suggests an int low may have already formed here. To confirm this, watch the daily Slim Ribbon if we see this neutralize and turn positive, we will be watching for a long-side Trade Idea in early Nov.",Pending / Inactive,2021-10-15T13:23:55Z
357,CRM,Inactive,2021-10-06T20:34:50.025Z,Short-Term (1-3 weeks),275.27,Long,None,273.31 - 265.24,287.26 - 293.0,< 259.5,The weekly cycle analysis suggests that CRM is in an intermediate-term rising phase. Weekly momentum remains positive. The daily cycle analysis suggests that CRM is due to form a short-term low. The low is due in early to mid October. There is a bull flag forming on the daily. We have a bullish signal from the Slim Ribbon PO on the daily which suggests the odds favor a momentum continuation to the upside. The stock is testing a short-term support zone. We are targeting the short-term 61.8% and 78.6% Fib extension zone on the upside. If CRM closes below the 78.6% Fib retracement - that would render this idea no longer valid. Please see the Trade Idea video for a walk through of the analysis.,The conditions for this Trade Idea have been satisfied. CRM traded into the favorable entry and has now tested the target zone.,Target Zone Reached,2021-10-13T13:44:03Z
356,AMAT,Inactive,2021-10-05T20:03:44.829Z,Short-Term (1-3 weeks),128.05,Short,None,130.85 - 135.59,120.45 - 113.87,> 138.97,The weekly cycle analysis suggests that AMAT is in an intermediate-term corrective period. Weekly momentum is negative. The daily cycle analysis suggests that AMAT is in a short-term corrective period.The Slim Ribbon is negative. There are declining short-term resistances above current levels. WE are targeting the intermediate-term 61.8% and 78.6% Fib supports on the downside. If we close above the 78.6% Fib retracement - that would render this idea no longer valid.,AMAT is below the favorable entry. The stock has taken an extended period of time going sideways - this is using up the time to decline in the short-term and reduces the likelihood of getting to our targets. We are inactivating this idea.,Pending / Inactive,2021-10-14T13:46:21Z
355,SMH,Inactive,2021-10-01T18:24:13.067Z,Short-Term (1-3 weeks),255.81,Short,None,261.65 - 267.39,249.35 - 247.6,> 271.48,The weekly cycle analysis suggests that an intermediate-term high has likely formed. Weekly momentum is now negative. The next low is due in Feb 2022. The daily cycle analysis suggests that the SMH has a daily cycle breakdown. The next daily low is due in the middle to end of October. We are looking for a bear flag to form. There are short-term resistances above current levels. If we close above the 78.6% Fib retracement that would render this idea no longer valid. We are targeting the intermediate-term cycle low support and the short-term 161.8% Fib extension on the downside. Please see the Trade Idea video for a walk through of the analysis.,SMH has now traded into the target zone. This test of the intermediate-term cycle low is a negative occurrence. It suggests that the odds favor an intermediate-term high has formed in the SMH.,Target Zone Reached (Early / Missed Entry),2021-10-04T14:46:04Z
354,TOL,Inactive,2021-09-30T13:15:16.140Z,Intermediate-Term (3-8 weeks),57.61,Short,None,59.44 - 60.83,55.64 - 54.77,> 61.81,The weekly cycle analysis suggests that TOL likely formed an intermediate-term high. Weekly momentum is now negative. There is a mid-cycle low due in mid-November. The daily cycle analysis suggests that TOL has a daily cycle breakdown - this sets up a left hand translation. There are declining short-term resistances above current levels. We are targeting a short-term 127.2% Fib extension and an intermediate-term 78.6% Fib retracement on the downside. The next short-term low is due in mid November.Trade Idea video will be posted by 9:45 AM ET.,TOL entered the target zone much faster than expected. We will look to establish a new short-side trade idea on a bounce. Weekly analysis continues to suggest that TOL has risk into November. Declining Slim Ribbon will likely act as resistance.,Target Zone Reached (Early / Missed Entry),2021-09-30T19:52:01Z
353,XLNX,Inactive,2021-09-28T13:29:51.524Z,Short-Term (1-3 weeks),158.48,Long,None,153.77 - 149.98,163.41 - 167.84,< 147.14,The weekly cycle analysis suggests that XLNX is early in an intermediate-term rising phase. XLNX has shown good relative strength versus the rest of the semis. Weekly momentum is positive. The daily cycle analysis suggests that XLNX is early in a short-term rising phase. The Slim Ribbon is also positive. There are rising short-term supports below current levels. We are targeting a short-term Fib extension zone on the upside. If we close below daily cycle low support - that would render this idea no longer valid. Trade Idea video will be posted by 9:50 AM ET.,"XLNX is still at the top of the favorable entry. However, the price action across the semiconductor group has weakened significantly with the increased selling pressure in the Nasdaq. We are inactivating this idea. Please still review the video as the intro discusses how we structure our Trade Ideas.",Pending / Inactive,2021-09-28T16:30:27Z
352,AUD/USD,Inactive,2021-09-23T13:17:08.610Z,Short-Term (1-3 weeks),0.7285,Long,None,0.7291 - 0.7247,0.7422 - 0.7477,< 0.7185,The weekly cycle analysis suggests that AUD/USD is in an intermediate-term rising phase. Momentum is slightly positive. The daily cycle analysis suggests that AUD/USD is due to form a short-term low. Daily momentum is negative. There is a short-term low due in late September. We are targeting a move to the short-term 78.6% Fib retracement and the prior cycle high. If we close below the 78.6% Fib retracement - that would render this idea no longer valid.,AUD/USD never had a shift in daily momentum to indicate that a short-term low had formed. AUD/USD has now traded below the re-evaluation.,Re-evaluation Level Hit,2021-09-29T20:00:42Z
351,SNAP,Inactive,2021-09-22T13:31:04.877Z,Short-Term (1-3 weeks),76.09,Long,None,73.87 - 71.22,80.85 - 84.26,< 69.82,The weekly cycle analysis suggests that SNAP is due to form an intermediate-term low. The low is due 8/30 - 9/27. Weekly momentum is mildly negative. The daily cycle analysis suggests that SNAP is due to form a short-term low. The low is due 9/8 - 9/22. There are rising minor supports below current levels. We are targeting a move to the prior cycle high and a short-term Fib extension. If SNAP closes below the recent swing low that would render this idea no longer valid. Please review the SNAP Trade Idea video for a detailed walk through of the analysis.,The conditions for this Trade Idea have been satisfied. SNAP tested the favorable entry and has now tested the target zone. We will look to establish a new Trade Idea on a pullback to the rising Slim Ribbon.,Target Zone Reached,2021-09-24T13:40:19Z
350,TWTR,Inactive,2021-09-21T18:12:47.706Z,Intermediate-Term (3-8 weeks),62.9,Long,None,61.25 - 59.42,"64.14 - 65.89, 65.89 - 67.65",< 58.45,The weekly cycle analysis suggests that TWTR is due to form an intermediate-term bottom. Weekly momentum remains negative. The daily cycle analysis suggests that TWTR is due to form a short-term low. The Slim Ribbon remains negative. There are minor supports below current levels. We are targeting the short-term 38.2-50% Fib retracement zone as the short-term target and the 50 - 61.8% as the intermediate-term target. Please see the Trade Idea video for a walk through of the analysis.,The conditions for this Trade Idea have been satisfied. TWTR traded into the favorable entry and has now traded into the target zone. Stock remains very early in a short-term rising phase.,Target Zone Reached,2021-09-22T17:49:55Z
349,AMAT,Inactive,2021-09-17T13:13:06.939Z,Short-Term (1-3 weeks),143.75,Long,None,139.71 - 136.67,146.62 - 152.43,< 134.51,"The weekly cycle analysis suggests that AMAT is very early in an intermediate-term rising phase. Weekly momentum is positive. There is an ascending triangle forming on the weekly timeframe. The daily cycle analysis suggests that AMAT is forming a swamped cycle. The next short-term low is due 9/17 - 9/29. There are rising minor supports below current levels. We are targeting a short-term Fib extension zone on the upside. If we close below the minor 78.6% Fib retracement that would render this idea no longer valid. Please see the Trade Idea video for a walk through of the analysis. Update 9/20: with the Trade Idea still not live, we have revised the favorable entry, target zone and re-evaluation.","Given that the trade idea has yet to trigger, we are inactivating this Idea. We will revisit once the market establishes a S-T low.",Pending / Inactive,2021-09-20T12:37:10Z
348,AAPL,Inactive,2021-09-13T13:39:52.627Z,Short-Term (1-3 weeks),151.13,Short,None,151.97 - 153.99,144.5 - 139.76,> 157.26,The weekly cycle analysis suggests that AAPL is very late in an intermediate-term rising phase and due for a minor correction. The daily cycle analysis suggests that AAPL has formed a short-term high and is in a corrective period (Note the high volume reversal to the downside).There is a mid cycle low due on the daily - watch for a bear flag to form. There are short-term resistances just above current levels. We are targeting the prior daily cycle low and the intermediate-term 50% Fib retracement. Please see the Trade Idea video for further detail.,The conditions for this Trade Idea have been satisfied. AAPL tested the favorable entry and has now traded into the target zone.,Target Zone Reached,2021-09-20T13:31:33Z
347,EBAY,Inactive,2021-09-09T13:31:37.304Z,Short-Term (1-3 weeks),73.93,Long,None,72.95 - 71.44,76.06 - 79.05,< 69.93,The weekly cycle analysis suggests that EBAY is early in an intermediate-term rising phase. Weekly momentum is positive. The daily cycle analysis suggests that EBAY is in a short-term rising phase. There is a mid-cycle low due to form on the daily. EBAY is forming a bull flag and is testing a short-term support zone. We are targeting a move to a short-term Fib extension zone on the upside. If we close below the short-term 61.8% Fib retracement that would render this idea no longer valid. Please see the EBAY Trade Idea video for a walk through of the analysis.,"EBAY is trading above the favorable entry. However, the stock has lost positive daily momentum. This shift in momentum lowers our expectations for the rising phase on the minor daily cycle. We inactivated the idea.",Pending / Inactive,2021-09-15T13:31:45Z
346,TOL,Inactive,2021-09-08T12:55:51.339Z,Intermediate-Term (3-8 weeks),62.45,Long,None,61.94 - 60.14,"65.27 - 67.03, 68.88 - 73.97",< 58.85,"The weekly cycle analysis suggests that TOL is early in an intermediate-term rising phase. Weekly momentum is positive. The daily cycle analysis suggests that TOL is late in a short-term rising phase and due for a minor pullback. The stock is forming a bullish swamped cycle. There are rising minor supports below current levels. In the short-term, we are targeting the intermediate-term 78.6% Fib retracement and the short-term 100% Fib extension. In the intermediate-term, we are targeting a weekly 78.6% - 100% Fib extension zone. If TOL closes below the minor 78.6% Fib retracement - that would render this idea no longer valid. Please review today's TOL Trade Idea video - we walk through the cycle analysis in great detail.","TOL is still trading above the favorable entry. However, the stock lost positive momentum on the daily. We will revisit this to the long side if TOL is able to regain positive momentum.",Pending / Inactive,2021-09-17T17:52:13Z
345,WPM,Inactive,2021-09-07T14:24:36.887Z,Short-Term (1-3 weeks),45.42,Long,None,45.06 - 43.96,47.41 - 49.1,< 43.18,The weekly cycle analysis suggests that WPM is early in an intermediate-term rising phase. Weekly momentum is now positive. The daily cycle analysis suggests that WPM is in a short-term rising phase. There are rising supports below current levels. We are targeting the prior daily cycle high and intermediate-term cycle high. If we close below the short-term 78.6% Fib that would render this Idea no longer valid. Please see the video for a walk through of the analysis.,WPM has broken below the key weekly cycle low. This is a very bearish scenario. We inactivated the idea.,Re-evaluation Level Hit,2021-09-16T14:03:46Z
344,LVS,Inactive,2021-08-30T17:34:45.111Z,Short-Term (1-3 weeks),43.48,Long,None,41.95 - 40.5,44.99 - 47.02,< 39.47,The weekly cycle analysis suggests that LVS is in an intermediate-term corrective period. There is a mid-cycle low due on the weekly which suggests that the odds favor a short-term rally before a likely failure at resistances. The daily cycle analysis suggests that a short-term low has just formed and LVS is in a short-term rising phase. The Slim Ribbon is now neutral. There are rising minor supports below current levels. The rising minor supports coincide with the rising Slim Ribbon. We would look for this area to act as support on a pullback. We are targeting the short-term 50% and 61.8% Fib. If LVS closes below the short-term 78.6% Fib retracement - that would render this idea no longer valid. Please see the video for a walk through of the analysis.,LVS is now trading in the target zone. We will watch for a new Trade Idea on a pullback into the rising Slim Ribbon.,Target Zone Reached (Early / Missed Entry),2021-09-01T13:32:33Z
343,FSLR,Inactive,2021-08-26T14:39:26.762Z,Short-Term (1-3 weeks),94.3,Long,None,90.44 - 88.24,97.55 - 99.35,< 99.35,The weekly cycle analysis suggests that FSLR is early in an intermediate-term rising phase. Weekly momentum is firmly positive. The daily cycle analysis suggests that FSLR is due to form a short-term low. The short-term low is due 8/27 - 9/9. The Slim Ribbon is configured positively. There are short-term supports just below current levels. We are targeting a move to the short-term Fib extension zone. If the stock closes below the short-term 61.8% Fib retracement - that would render this idea no longer valid. Please see the Trade Idea video walk through for further detail.,FSLR broke out of the bull pennant and is now trading in the target zone. The stock remains early in a short-term rising phase.,Target Zone Reached (Early / Missed Entry),2021-09-08T13:33:56Z
342,XLNX,Inactive,2021-08-25T13:13:16.228Z,Short-Term (1-3 weeks),153.09,Long,None,147.55 - 142.43,160.15 - 166.02,< 138.6,The weekly cycle analysis suggests that XLNX is early in an intermediate-term rising phase. Weekly momentum is positive. The intermediate-term low was due 7/12 - 8/30. The daily cycle analysis suggests that XLNX is early in a short-term rising phase. There are rising minor supports below current levels. We are targeting a Fib extension zone on the upside. If the stock closes below the daily cycle low at 138.60 - that would render this idea no longer valid. Trade Idea video will be available by 9:25 AM ET.,XLNX has now tested the target zone. The stock is getting extended from the daily Slim Ribbon. Will monitor for new trade idea on a pullback.,Target Zone Reached (Early / Missed Entry),2021-08-30T13:48:45Z
341,AMD,Inactive,2021-08-24T14:06:20.597Z,Short-Term (1-3 weeks),107.61,Long,None,106.69 - 103.61,112.23 - 114.65,< 101.98,The weekly cycle analysis suggests that an intermediate-term low is due to form. Weekly momentum remains positive. The daily cycle analysis suggests that AMD is in a short-term rising phase. There are rising minor supports below current levels. We are targeting a move to the short-term 50-61.8% Fib retracement zone. If AMD closes below the daily cycle low - that renders the Trade Idea no longer valid. Please see the AMD Trade Idea video for a walk through of the analysis.,The conditions for this Trade Idea have been satisfied. AMD tested the favorable entry and has now traded to within 0.3% of the target zone.,Target Zone Reached,2021-08-27T15:23:52Z
338,FDX,Inactive,2021-08-23T13:47:14.246Z,Short-Term (1-3 weeks),267.4,Short,None,271.26 - 275.69,262.1 - 256.45,> 278.85,The weekly cycle analysis suggests that FDX is in a left hand translation with negative momentum. The next intermediate-term low is due 10/18 - 12/13. The daily cycle analysis suggests that FDX has a breakdown an is in a negative pattern. The next short-term low is due in mid-to-late September. There are minor resistances above current levels. We are  targeting a short-term Fib extension zone on the downside. If the stock closes above the minor 78.6% Fib retracement - that would render this idea no longer valid. Trade Idea video walk through will be posted by 10 AM ET.,The conditions for this Trade Idea have been satisfied. FDX traded into the favorable entry and is now within 1% of the target zone. We are lightening up into a typically low vol time period pre-Labor Day.,Target Zone Reached,2021-09-01T13:35:37Z
337,BA,Inactive,2021-08-18T14:17:07.111Z,Intermediate-Term (3-8 weeks),220.82,Short,None,227.89 - 232.96,212.58 - 204.8,> 236.56,The weekly cycle analysis suggests that BA is in an intermediate-term declining phase. Weekly momentum is negative. The daily cycle analysis suggests that BA is in a short-term declining phase. The Slim Ribbon is now negative (this is why we have noted this as a momentum breakdown trade type). There are short-term resistances above current levels. We are targeting a test of the 78.6% Fib and the prior daily cycle low. Please see the BA Trade Idea video for a walk through of the analysis.,BA has now traded into the target zone. We have inactivated the Trade Idea and will look to re-establish on a bounce.,Target Zone Reached (Early / Missed Entry),2021-08-19T17:58:40Z
336,CVS,Inactive,2021-08-16T13:31:40.163Z,Short-Term (1-3 weeks),84.0,Long,None,83.14 - 81.69,86.31 - 88.2,< 80.65,The weekly cycle analysis suggests that CVS is early in an intermediate-term rising phase. Weekly momentum is now positive. The intermediate-term low was due 8/31 - 8/9. The daily cycle analysis suggests that CVS is in a short-term rising phase. The Slim Ribbon is now positive. There are short-term supports below current levels. We are targeting the intermediate-term 61.8% and 78.6% Fib on the upside. Please see the Trade Idea video for a walk through of the analysis.,CVS traded to within 0.8% of the favorable entry and has now traded into the target zone.,Target Zone Reached (Early / Missed Entry),2021-08-17T14:02:45Z
335,FCX,Inactive,2021-07-27T19:06:19.908Z,Short-Term (1-3 weeks),36.25,Long,None,34.7 - 33.42,37.88 - 39.42,< 32.52,The weekly cycle analysis suggests that FCX is due to form a bottom. The intermediate-term low is due 6/7 - 7/26. Weekly momentum remains negative. The daily cycle analysis suggests that FCX has likely formed a short-term low and is in a short-term rising phase. The Slim Ribbon on the daily has now neutralized. There are rising minor supports just below current levels. We are targeting a short-term resistance zone on the upside. Please see the Trade Idea video for a walk through of the analysis.,FCX is now trading in the target zone. Patterns suggest FCX is in the early-stages of a new rising phase.,Target Zone Reached (Early / Missed Entry),2021-07-29T13:31:27Z
334,/6B,Inactive,2021-07-26T13:40:23.834Z,Short-Term (1-3 weeks),1.3798,Short,None,1.3789 - 1.3839,1.3635 - 1.3534,> 1.3912,The weekly cycle analysis suggests that the /6B (British Pound Futures) has broken below the key weekly cycle low and is in a corrective period. Weekly momentum is negative. The daily cycle analysis suggests that the /6B is in a short-term corrective period. The Slim Ribbon is bearishly configured. The /6B is testing a short-term resistance zone. We are targeting a test of a short-term Fib extension zone on the downside. Please see the Trade Idea video for a walk through of the analysis.,The British Pound broke through the re-evaluation level.,Re-evaluation Level Hit,2021-07-29T13:32:31Z
333,DFS,Inactive,2021-07-22T12:57:16.646Z,Short-Term (1-3 weeks),125.55,Long,None,121.5 - 117.71,130.66 - 135.44,< 115.0,The weekly cycle analysis suggests that DFS has just formed an intermediate-term low and is in a rising phase. Weekly momentum is positive. The daily cycle analysis suggests that DFS is in a short-term rising phase. The stock just had earnings and is hovering around unchanged. There are short-term supports just below current levels. We are targeting a move to a short-term Fib extension zone on the upside. Trade Idea video will be available by 9:15 AM ET.,The conditions for this Trade Idea have been satisfied. DFS traded into the favorable entry and has now tested the target zone.,Target Zone Reached,2021-08-06T13:56:13Z
332,SMH,Inactive,2021-07-20T15:00:40.619Z,Near-Term (1-5 days),248.36,Short,None,250.41 - 252.98,243.34 - 238.5,> 255.54,The weekly cycle analysis suggests that the SMH is in a declining phase. Weekly momentum is negative. The next intermediate-term low is due 7/19 - 9/6. The daily cycle analysis suggests that SMH is late in a declining phase. The next short-term low is due 7/21 - 7/29. The Slim Ribbon is now negative. There are short-term resistances just above current levels. We are targeting a rest of the recent swing lows (and a re-test of the S-T Fib support zone). Please see the Trade Idea video for a walkthrough of the analysis.,"SMH is still in the favorable entry. However, we have revisited many of the semiconductor stocks that we follow and many have short-term lows that have just formed. We are going to inactivate this Idea and watch for a failure in this next short-term rising phase. Note we are doing a Stock Sectors video focusing on the semiconductors on 7/22. Watch for that video in the Trader Library.",Pending / Inactive,2021-07-21T13:39:21Z
331,FEZ,Inactive,2021-07-15T13:52:58.233Z,Short-Term (1-3 weeks),46.4,Long,None,46.54 - 45.89,47.9 - 48.54,< 45.55,The weekly cycle analysis suggests that FEZ is due to form an intermediate-term low. The low is due 5/31 - 8/2. Weekly momentum remains negative. The daily cycle analysis suggests that a short-term low is due to form. The Slim Ribbon remains negative. We are testing a minor support zone and targeting a short-term Fib retracement zone on the upside. Please see the FEZ Trade Idea video for further detail.,FEZ has broken the prior swing low. An Intermediate-term bottom is still due. This suggests that the bottom is extended out into the middle-to-end of August.,Re-evaluation Level Hit,2021-07-19T13:53:42Z
330,XBI,Inactive,2021-07-12T13:41:01.996Z,Short-Term (1-3 weeks),134.04,Long,None,132.61 - 127.12,141.5 - 142.62,< 123.21,The weekly cycle analysis suggests that XBI is in an intermediate-term rising phase. Weekly momentum is positive. The weekly cycle configuration remains negative. The daily cycle analysis suggests that XBI has likely formed a short-term low and is entering into a new rising phase. The Slim Ribbon is neutral and needs to turn positive to confirm the short-term rising phase. We are testing a short-term support zone. We are targeting the prior daily cycle high and a short-term Fib extension on the upside. Trade Idea video will be available at 10 AM ET.,XBI broke through the re-evaluation.,Re-evaluation Level Hit,2021-07-27T14:09:08Z
329,HON,Inactive,2021-07-09T15:47:27.417Z,Short-Term (1-3 weeks),224.08,Long,None,221.2 - 216.58,229.3 - 234.02,< 214.55,The weekly cycle analysis suggests that an intermediate-term low has just formed. Weekly momentum remains negative. The daily cycle analysis suggests that HON is in a short-term rising phase. Daily Slim Ribbon has neutralized and the Reversal Scout is positive. We are targeting the short-term 78.6% Fib and the prior cycle high resistance. There are rising minor supports just below current levels. Please see the HON Trade Idea video for a walk through of the analysis.,The conditions for this Trade Idea have been satisfied. HON traded to within 0.3% of the favorable entry and has now traded into the target zone.,Target Zone Reached,2021-07-15T13:30:33Z
328,/GC,Inactive,2021-07-08T14:44:25.466Z,Short-Term (1-3 weeks),1805.4,Short,None,1814.7 - 1834.7,1771.3 - 1731.0,> 1854.6,"The weekly cycle analysis suggests that /GC is in a corrective period. The next mid-cycle low is due between the end of July and early August. Weekly momentum is negative. The daily cycle analysis suggests that /GC is in a short-term corrective period. There is a bear flag forming. We are looking for a test of the short-term resistances and a resolution back on the downside. The next short-term low is due between the end of July and early August. Please see the Trade Idea video for a brief walk through of the analysis. For further detail, please review FutureSpeak from 7/7.","Gold is still trading below the favorable entry. We are however running out of time to decline in the short-term. Please note: we have the FOMC statement and press conference on Wednesday, 7/28.",Pending / Inactive,2021-07-27T12:24:35Z
327,SBUX,Inactive,2021-07-08T13:26:15.750Z,Near-Term (1-5 days),116.09,Long,None,115.29 - 113.75,117.67 - 118.98,< 112.66,The weekly cycle analysis suggests that SBUX is early in an intermediate-term rising phase. Weekly momentum is now positive. The daily cycle analysis suggests that SBUX is in a short-term rising phase. The Slim Ribbon and Reversal Scout are positive. There are rising minor supports below current levels. We are targeting a short-term 161.8% Fib Extension and the prior cycle high. Trade Idea video will be posted by 9:45 AM ET.,The conditions for this Trade Idea have been satisfied. SBUX traded into the favorable entry and has now traded into the target zone. Note that the stock remains very early in a new rising phase.,Target Zone Reached,2021-07-09T16:57:42Z
326,/HG,Inactive,2021-07-01T13:35:02.962Z,Short-Term (1-3 weeks),4.309,Short,None,4.39 - 4.463,4.134 - 3.981,> 4.567,The weekly cycle analysis suggests that /HG may have formed an early intermediate-term high. Weekly momentum is negative. There is a mid-cycle low due in mid-July. The daily cycle analysis suggests that /HG is in a short-term rising phase. There is a short-term resistance zone just above current levels. We are targeting a short-term Fib extension zone on the downside. Please see the /HG Trade Idea video for a walkthrough of the analysis.,/HG tested the favorable entry and moved as much as 3.5% lower before getting a reversal to the upside. The lack of downside follow through is notable here. We are inactivating the Idea with /HG still below the favorable entry.,Pending / Inactive,2021-07-09T18:55:36Z
325,URI,Inactive,2021-07-01T13:13:44.964Z,Short-Term (1-3 weeks),319.01,Long,None,310.46 - 300.96,329.34 - 341.25,< 294.2,The weekly cycle analysis suggests that URI has formed an intermediate-term low. Weekly momentum remains negative. Note: Weekly momentum needs to turn positive to confirm the low. The intermediate-term low was due 5/17 - 7/5. The daily cycle analysis suggests that URI is in a short-term rising phase. The Slim Ribbon has now neutralized. There are short-term resistances below current levels. We are targeting the short-term 78.6% and prior cycle high. Please see the Trade Idea video - we walk through the XLI sector analysis in addition to the URI analysis.,"URI is trading at the top of the favorable entry. However, the stock has not broken out of the flag. The next daily low is due 7/16 - 7/23. We are inactivating URI and will re-evaluate around the next daily timing.",Pending / Inactive,2021-07-08T17:54:27Z
324,SLB,Inactive,2021-06-30T13:15:48.944Z,Short-Term (1-3 weeks),32.09,Short,None,33.42 - 34.73,30.7 - 29.69,> 35.67,The weekly cycle analysis suggests that SLB was in a rising phase and may have formed an early high. Weekly momentum is now negative. The daily cycle analysis suggests that SLB may have formed an early short-term high. The Slim Ribbon and Reversal Scout (RS) is now negative. Crude Oil is up around 1% in the pre-market session - this should set up a minor rally in oil stocks like SLB. We would look for this minor rally to fail and see a breakdown. There are short-term resistances above current levels. We are targeting the Int 50% Fib and short-term 78.6% Fib extension on the downside. Video will be posted in by 9 45 AM ET.,The conditions for this Trade Idea have been satisfied. SLB traded into the favorable entry and has now traded into the target zone.,Target Zone Reached,2021-07-07T13:47:18Z
323,YUM,Inactive,2021-06-28T13:46:10.188Z,Intermediate-Term (3-8 weeks),117.06,Long,None,116.34 - 114.37,121.6 - 123.0,< 112.4,The weekly cycle analysis suggests that YUM is is due to form an intermediate-term low.  The next intermediate-term low is due 5/31 - 7/26. Weekly momentum remains negative. The daily cycle analysis suggests that YUM has likely formed a short-term low. The Slim Ribbon is negative. There are short-term supports below current levels. We are targeting the prior cycle high and the short-term 161.8% Fib extension on the upside. Please review today's Trade Idea video.,"YUM is still above the favorable entry. However, the stock is not getting the strong impulse as expected. We will re-evaluate post-earnings.",Pending / Inactive,2021-07-15T13:38:22Z
322,AEO,Inactive,2021-06-24T12:53:55.271Z,Intermediate-Term (3-8 weeks),37.69,Long,None,36.68 - 35.25,39.71 - 41.79,< 34.23,The weekly cycle analysis suggests that AEO has just formed a mid-cycle low. Weekly momentum is slightly negative and curling up. The daily cycle analysis suggests that AEO is in a short-term rising phase. The Slim Ribbon has just turned positive - which indicates a bullish shift in daily momentum. There are RISING minor supports just below current levels. The stock is on the verge of a breakout from its recent downtrend. We are targeting a Fib extension zone on the upside. Our key downside reference is the recent daily cycle low support at 32.94. Please see the Trade Idea for a walkthrough of the analysis. We begin by reviewing the sector and then look at AEO. Updated favorable entry and re-evaluation on 6/28,AEO has broken through the re-evaluation level. This breakdown suggests that an intermediate-term high has likely formed.,Re-evaluation Level Hit,2021-07-08T13:35:49Z
321,UNH,Inactive,2021-06-23T13:11:47.538Z,Short-Term (1-3 weeks),398.69,Long,None,400.99 - 393.27,417.69 - 425.98,< 385.54,The weekly cycle analysis suggests that UNH is due to form a mid-cycle low. Weekly momentum is negative. There is a weekly bull flag forming. The daily cycle analysis suggests that UNH has likely formed a short-term low. The Slim Ribbon on the daily remains negative. We are targeting a short-term resistance zone on the upside. The stock is testing a short-term support zone. If we close below the 61.8% Fib support - that would render this Trade Idea no longer valid. Please refer to the UNH Trade Idea for a walkthrough of the analysis.,UNH broke out of the weekly bull flag and got to the first resistance. Note there are earnings 7/15.,Pending / Inactive,2021-07-08T14:19:01Z
320,XLB,Inactive,2021-06-22T13:22:36.471Z,Near-Term (1-5 days),82.29,Short,None,83.03 - 84.44,79.61 - 77.35,> 85.45,The weekly cycle analysis suggests that XLB is in the late-stages of a corrective phase. Weekly momentum is negative. The intermediate-term low is due 5/24 - 7/19. The daily cycle analysis also suggests that XLB is in the late-stages of a corrective period.  The next short-term low is due 6/23 - 7/2. There are minor resistances above current levels. We are targeting an intermediate-term support zone on the downside. See the Trade Idea video for further detail.,"XLB is still trading below the favorable entry. However, the stock is going sideways and we are running out of time to decline in the short-term. We are inactivating this Trade Idea. Note: there is an intermediate-term low due to form.",Pending / Inactive,2021-06-28T14:33:13Z
319,PNC,Inactive,2021-06-21T13:57:21.509Z,Short-Term (1-3 weeks),182.22,Short,None,185.59 - 190.47,172.74 - 165.39,> 193.95,The weekly cycle analysis suggests that PNC has formed an intermediate-term high. Weekly momentum is now negative. The next intermediate-term low is due 10/4 - 12/6. The daily cycle analysis suggests that PNC has a daily cycle breakdown and is in a declining phase. There are minor resistances above current levels. We are targeting an intermediate-term Fibonacci support zone on the downside. See Trade Idea video for walkthrough of analysis. Update 6/30: please review the PNC Trade Idea post - we added a new video discussing the updated daily analysis.,"PNC is back in the middle of the favorable entry. As we highlighted in the Trade Idea update video, we would only look for minor downside in this daily cycle. We will look again in early August when risks likely pick up for further downside.",Pending / Inactive,2021-07-06T13:38:27Z
318,OIH,Inactive,2021-06-17T13:19:31.590Z,Short-Term (1-3 weeks),234.11,Long,None,231.53 - 221.3,251.39 - 263.84,< 214.02,The weekly cycle analysis suggests that OIH is in rising phase. Weekly momentum is positive. The daily cycle analysis suggests that OIH is in a mild corrective period. There is a bull flag forming. The next short-term low is due 6/14 - 6/22. There are minor supports just below current levels. We are targeting a short-term Fibonacci extension zone on the upside. Please review today's Trade Idea video - we discuss the importance of sizing and understanding the environment.,"OIH is back near the top of the favorable entry. However, as we review the underlying components of the OIH, we saw that the wave of selling on Friday weakened the daily cycle structures significantly. This lowers our expectations for this next short-term rising phase. We are inactivating this Trade Idea.",Pending / Inactive,2021-06-21T18:14:44Z
317,MELI,Inactive,2021-06-16T14:23:22.252Z,Intermediate-Term (3-8 weeks),1432.13,Short,None,1456.15 - 1501.87,1300.44 - 1235.18,> 1566.98,The weekly cycle analysis suggests that MELI is in a corrective period. Weekly momentum is negative. The negative weekly momentum is the rationale behind the momentum continuation trade type. The next intermediate-term low is due 7/12 - 8/30. The daily cycle analysis suggests that MELI is a short-term rising phase. There are short-term resistances above current levels. We are targeting the prior daily cycle low and the short-term 61.8% Fib extension. Please see the MELI trade idea video for a walkthrough of the analysis.,MELI is at the base of the favorable entry. The daily Slim Ribbon has now turned positive. We are inactivating this Trade Idea and will re-evaluate in a couple of weeks when risk will likely pick up on the downside.,Pending / Inactive,2021-06-21T14:01:03Z
316,OKTA,Inactive,2021-06-16T00:56:42.351Z,Intermediate-Term (3-8 weeks),224.36,Short,None,228.83 - 239.79,208.65 - 205.43,> 248.0,The weekly cycle analysis suggests that OKTA is in a corrective period. Weekly momentum is negative. The next intermediate-term low is due 7/19 - 9/6. The daily cycle analysis suggests that OKTA is in a short-term rising phase. The daily cycle configuration is negative which suggests that the odds favor a new swing low forming in the current cycle. The next short-term low is due 7/12 - 7/20. The Slim Ribbon is negative. The stock is testing a minor resistance zone. We are targeting the prior daily cycle low and the short-term 61.8% Fib extension on the downside. Please see the OKTA Trade Idea video for a walkthrough of the analysis.,OKTA has traded through the re-evaluation. The daily Slim Ribbon is now firmly positive. There is a still a short-term high due to form however given the rally we would look for a higher low to form into the mid-to-end of July timeframe.,Re-evaluation Level Hit,2021-06-28T14:13:10Z
315,MDT,Inactive,2021-06-14T15:02:36.337Z,Intermediate-Term (3-8 weeks),123.0,Long,None,123.95 - 121.38,129.78 - 132.3,< 118.8,The weekly cycle analysis suggests that MDT is due to form an intermediate-term low. The low is due 4/12 - 6/7. Weekly momentum remains negative. There is a bull flag forming on the weekly timeframe. The daily cycle analysis suggests that a short-term low is due to form. There is a short-term low due 6/1 - 6/18. The Slim Ribbon remains negative. The stock is testing an intermediate-term support zone. We are targeting the 78.6% Fib retracement and the prior cycle high. Please see the MDT Trade Idea video for a walkthrough of the analysis.,MDT is not participating in the broad market rally. With the stock still above the favorable entry - we are inactivating this Trade Idea.,Pending / Inactive,2021-06-25T13:45:38Z
314,ABBV,Inactive,2021-06-11T14:40:02.170Z,Short-Term (1-3 weeks),115.26,Long,None,115.02 - 113.79,119.38 - 121.75,< 111.82,The weekly cycle analysis suggests that ABBV has just formed an intermediate-term low and is in a rising phase. Weekly momentum is positive. The daily cycle analysis suggests that ABBV is early in a short-term rising phase. The Slim Ribbon is positive. There are minor supports just below current levels. We are targeting a Fib extension zone on the upside. See Trade Idea for further detail.,ABBV is down about 1% from the top of the favorable entry. Daily momentum is now neutral. We are inactivating the Idea.,Pending / Inactive,2021-06-28T14:02:02Z
313,FNV,Inactive,2021-06-10T13:13:49.171Z,Short-Term (1-3 weeks),153.45,Long,None,152.03 - 148.58,158.95 - 162.71,< 145.71,The weekly cycle analysis suggests that FNV is in a rising phase. Weekly momentum is positive. The daily cycle analysis suggests that FNV is early in a short-term rising phase. Daily momentum is also positive. There are minor supports below current levels. We are targeting a Fib extension zone on the upside. If we were to break the daily cycle low support - that would render this Trade Idea no longer valid. Please refer to the Trade Idea video for further detail,Stock is down about 2.5% from the favorable entry and is already on the verge of a daily cycle breakdown. We are inactivating the idea.,Pending / Inactive,2021-06-17T13:49:07Z
312,FSLR,Inactive,2021-06-09T14:14:36.127Z,Short-Term (1-3 weeks),77.38,Short,None,79.41 - 82.18,73.1 - 70.73,> 86.11,The weekly cycle analysis suggests that FSLR is in a declining phase. Weekly momentum is negative. The daily cycle analysis suggests that FSLR is getting late in a short-term rising phase. The stock is testing a short-term resistance zone. We are targeted the short-term 61.8% and 78.6% Fib retracements on the downside. See Trade Idea video for further detail.. Update 6/15 - revised target zone.,"FSLR is still trading at the base of the favorable entry.  However, the stock has been resisting moves to the downside and is now running out of time to decline in the short-term. We are inactivating this idea.",Pending / Inactive,2021-06-23T13:54:16Z
311,EEM,Inactive,2021-06-08T13:21:59.042Z,Intermediate-Term (3-8 weeks),55.6,Long,None,54.93 - 53.61,58.29 - 59.52,< 52.91,The weekly cycle analysis suggests that EEM is early in an intermediate-term rising phase. Weekly momentum is positive. The daily cycle analysis suggests that EEM is in a short-term corrective period. The stock is forming a bull flag. There are minor supports below current levels. We are targeting the intermediate-term 50% and 61.8% Fib extensions on the upside. If we get below the short-term 78.6% Fib that would render this Trade Idea no longer valid. Please see the EEM Trade Idea video for a walkthrough of the analysis.,"EEM remains in the favorable entry. However, EEM is getting weighed down by the weakness in the Chinese markets. We are inactivating this idea.",Pending / Inactive,2021-06-17T14:00:15Z
310,GDX,Inactive,2021-06-07T13:13:53.764Z,Short-Term (1-3 weeks),38.43,Long,None,37.91 - 37.22,40.0 - 40.51,< 36.53,The weekly cycle analysis suggests that GDX is in a rising phase. There is a minor cycle low due in mid-June. Weekly momentum is positive. The daily cycle analysis suggests that GDX is in a short-term corrective period. The next short-term low is due 6/14- 6/28. There are short-term supports below current levels. We are targeting the Int 60% Fib retracement and the Int 100% Fib Extension on the upside. If we close below the short-term 61.8% Fib that would render this Trade Idea no longer valid. Please see the Trade Idea video for a walkthrough of the analysis.,GDX has traded through the re-evaluation.,Re-evaluation Level Hit,2021-06-17T13:43:33Z
309,MGM,Inactive,2021-06-03T20:35:48.959Z,Short-Term (1-3 weeks),42.55,Long,None,41.13 - 40.28,43.83 - 45.78,< 39.43,The weekly cycle analysis suggests that MGM is early in a rising phase. Weekly momentum is positive. The daily cycle analysis suggests that MGM is in a rising phase and forming a bull flag. There is a short-term low due around 6/7. The favorable entry is the short-term support zone. We are targeting the short-term 100% and 127.2% Fib extension on the upside. Please see the Trade Idea video for further detail.,MGM held the daily Slim Ribbon and traded into the target zone. Stock remains in a positive condition.,Pending / Inactive,2021-06-08T16:41:25Z
308,GM,Inactive,2021-06-01T13:16:41.523Z,Short-Term (1-3 weeks),59.8,Long,None,58.2 - 56.64,62.22 - 63.44,< 55.06,The weekly cycle analysis suggests that GM has likely formed an intermediate-term bottom. Weekly momentum remains negative. The intermediate-term bottom was due 5/17 - 7/5. The daily cycle analysis suggests that GM is in a short-term rising phase. There is a minor cycle low due in early June. We are looking for a move up to the short-term 61.8% Fib extension and the prior cycle high. Please see the Trade Idea video for further detail.,GM only got within 1.5% of the favorable entry and is now trading in the target zone. The stock popped today on news of an improved earnings outlook. Stock is very early in a new intermediate-term rising phase.,Target Zone Reached (Early / Missed Entry),2021-06-03T14:08:09Z
307,XHB,Inactive,2021-05-26T13:14:53.425Z,Short-Term (1-3 weeks),73.81,Short,None,74.86 - 77.14,71.03 - 70.13,> 78.76,The weekly cycle analysis suggests that the XHB is in a corrective period. Weekly momentum is negative. The next intermediate-term low is due 6/7 - 7/5. The daily cycle analysis suggests that XHB is in a short-term corrective period. The next short-term low is due 6/4 - 6/21. There is a bear flag forming on the daily. The Slim Ribbon and Reversal Scout are negative. There are short-term resistances just above current levels. We are targeting an intermediate-term support zone. Please see the Trade Idea video for further detail. Update 6/9: revised target zone - stock is running out of time to decline in ST.,XHB traded into the favorable entry and is now testing the target zone. Note we are running out of time to decline in the short-term.,Target Zone Reached,2021-06-14T14:54:56Z
306,CZR,Inactive,2021-05-25T13:36:30.908Z,Short-Term (1-3 weeks),105.95,Long,None,103.94 - 100.62,111.45 - 117.22,< 98.26,The weekly cycle analysis suggests that CZR is early in a new intermediate-term rising phase. Weekly momentum is positive. The daily cycle analysis suggests that CZR is in a short-term rising phase. The Slim Ribbon is positive. We are targeting a short-term Fib extension zone on the upside. There are rising minor supports below current levels. Please see the Trade Idea video for further detail. 5/27 Update: we have revised the favorable entry and re-evaluation. The updated grid has been posted to the Chart Grid Archive & Chart Templates section for Level 4 members. An updated screenshot of the weekly & daily analysis has been posted in the CZR Trade Idea post.,CZR traded to within 1% of the favorable entry and has now traded into the target zone.,Target Zone Reached (Early / Missed Entry),2021-06-07T13:33:51Z
305,PANW,Inactive,2021-05-24T14:14:14.391Z,Short-Term (1-3 weeks),363.28,Long,None,358.07 - 348.04,383.68 - 400.39,< 340.91,The weekly cycle analysis suggests that PANW is just formed an intermediate-term low and is in a rising phase. Weekly momentum is positive. The daily cycle analysis suggests that PANW is early in a short-term rising phase. The Slim Ribbon is positive. There are rising minor supports below current levels. We are targeting a Fib extension zone on the upside. Please see the Trade Idea video for a walk through of the analysis. Update 6/1: we have revised the favorable entry and re-evaluation. Overall analysis presented in video remains the same.,"PANW is still trading at the top of the favorable entry. However, the stock failed to see a strong reaction off of the minor support zone. We inactivated the Trade Idea.",Pending / Inactive,2021-06-04T14:34:30Z
304,XBI,Inactive,2021-05-21T13:27:18.544Z,Short-Term (1-3 weeks),128.18,Short,None,130.07 - 133.73,120.82 - 117.54,> 137.39,The weekly cycle analysis suggests that the XBI is in a corrective period. Weekly momentum is negative. The next intermediate-term low is due 6/28 - 8/23. The daily cycle analysis suggests that the XBI is in a short-term corrective period. The next short-term low is due 6/3 - 6/18. The Slim Ribbon and Reversal Scout are negative. There are short-term resistances above current levels. We are targeting the short-term 78.6% Fib and a 100% Fib Extension on the downside. Please see the XBI Trade Idea video for further detail.,"XBI is still trading below the favorable entry. However, our IBB cycle analysis suggests that a short-term low is due around now. We are inactivating this Trade Idea and will revisit.",Pending / Inactive,2021-06-03T14:15:00Z
303,MGM,Inactive,2021-05-20T13:21:58.109Z,Short-Term (1-3 weeks),39.48,Long,None,35.28 - 37.04,41.44 - 43.65,< 33.52,The weekly cycle analysis suggests that MGM is in a corrective period. The next intermediate-term low is due 5/31 - 7/26. Weekly momentum is negative. The daily cycle analysis suggests that MGM is in a short-term corrective period. The next short-term low is due 5/25 - 6/3. There are intermediate-term supports below current levels. We are targeting a 78.6% Fib retracement and a 78.6% Fib extension on the upside. Please see the Trade Idea video for a walk through of the analysis.,MGM is now trading in the target zone. Intermediate-term bottom formed in mid-May. Will look to establish new Trade Idea shortly.,Target Zone Reached (Early / Missed Entry),2021-05-24T16:26:00Z
302,RCL,Inactive,2021-05-17T13:22:16.824Z,Short-Term (1-3 weeks),83.84,Long,None,81.75 - 77.62,90.41 - 94.3,< 75.29,The weekly cycle analysis suggests that RCL is due to form an intermediate-term low. The next intermediate-term low is due 5/10 - 7/12.  There is a bull flag forming on the weekly chart. Weekly momentum remains negative.  The daily cycle analysis suggests that RCL is due to form a short-term low. The short-term low is due 4/30 - 5/18. The Slim Ribbon and Reversal Scout are both negative. There is a Fib support confluence zone just below current levels. We are targeting a short-term 61.8% and 78.6% fib retracement zone on the upside. Please see the Trade Idea video for further detail.,The conditions for this Trade Idea have been satisfied. RCL traded into the favorable entry and has now traded into the target zone. The stock remains very early in a new intermediate-term rising phase.,Target Zone Reached,2021-05-25T14:46:54Z
301,UAL,Inactive,2021-05-14T13:13:25.935Z,Short-Term (1-3 weeks),53.1,Short,None,53.65 - 55.12,50.23 - 48.9,> 56.59,The weekly cycle analysis suggests that UAL is in a declining phase. Weekly momentum is negative. The next intermediate-term low is due 6/7 - 8/9. The daily cycle analysis suggests that UAL is in a short-term corrective phase. There are minor resistances just above current levels. We are targeting the short-term 78.6% Fib and the prior daily cycle low. Please see the Trade Idea for a walk through of the analysis.,UAL has traded through the re-evaluation level. The Slim Ribbon is now positive on the daily. We inactivated the Trade Idea.,Re-evaluation Level Hit,2021-05-18T13:40:27Z
300,AAPL,Inactive,2021-05-12T22:12:35.940Z,Short-Term (1-3 weeks),122.77,Short,None,126.77 - 129.55,122.43 - 120.92,> 131.54,The weekly cycle analysis suggests that AAPL has formed an intermediate-term high and is likely entering into a corrective period. Weekly momentum has not yet turned negative. The next low is due in late summer. The daily cycle analysis suggests that AAPL is in a left hand translation. There is a minor cycle low due around now. We would expect a bear flag to form and a sharp failure on the downside. Please see the Trade Idea video for a walk through of the analysis. Update 5/21: revised target zone.,AAPL is still trading at the base of the favorable entry. However the stock is now running out of time to decline in the short-term.  We are inactivating the Trade Idea.,Pending / Inactive,2021-05-24T14:15:09Z
299,/NG,Inactive,2021-05-11T14:39:37.272Z,Short-Term (1-3 weeks),2.91,Long,None,2.817 - 2.76,2.975 - 3.083,< 2.703,The weekly cycle analysis suggests that /NG is in an intermediate-term rising phase. Weekly momentum is positive. The daily cycle analysis suggests that /NG is forming a bull flag. There is a minor cycle low due around 5/20. The Slim Ribbon & Reversal Scout are positive. There are short-term supports below current levels. We are targeting the intermediate-term 50% and 61.8% retracements. Please see the Trade Idea for a walkthrough of the analysis.,/NG only came to within ~2% of the favorable entry and has now traded into the target zone.,Target Zone Reached (Early / Missed Entry),2021-05-17T13:40:14Z
298,JBLU,Inactive,2021-05-10T18:13:37.132Z,Short-Term (1-3 weeks),19.57,Short,None,19.99 - 20.37,18.77 - 18.06,> 20.74,"The weekly cycle analysis suggests that JBLU has formed an intermediate-term high and is in a corrective period. Weekly momentum is firmly negative (note: negative weekly momentum is the rationale behind the momentum continuation trade type). The next intermediate-term low is due 6/7 - 8/2. The daily cycle analysis suggests that JBLU has likely formed an early short-term high and is in a corrective period. The Slim Ribbon is now negative on the daily. We are close to a daily cycle breakdown. There are short-term resistances just above current levels. We are targeting the prior daily cycle low and the short-term 78.6% Fib. Please note, we will wait for a close above the re-evaluation to inactivate this Trade Idea. Trade Idea video will be posted in 15 mins",JBLU only got within 2% of the favorable entry and has now traded into the target zone. The stock remains in a bearish configuration and will look to establish a new Trade Idea on a minor rally.,Target Zone Reached (Early / Missed Entry),2021-05-12T22:11:22Z
297,PTON,Inactive,2021-05-07T15:05:23.265Z,Short-Term (1-3 weeks),87.88,Short,None,97.41 - 102.64,84.9 - 79.4,> 107.87,The weekly cycle analysis suggests that PTON is in a corrective period. Weekly momentum is negative. The daily cycle analysis suggests that PTON is in a short-term rising phase. PTON's daily cycle configuration is negative. There are short-term resistances above current levels. We are targeting a short-term Fib extension zone on the downside. The next short-term low is due 6/2 - 6/10. Please see the PTON Trade Idea video for a walk through of the analysis.,PTON sold off as much as 8.5% from the favorable entry and is now consolidating. The stock is not following through on the downside today with a down day in the market. This is a sign of relative strength. We are inactivating this Trade Idea.,Pending / Inactive,2021-05-19T13:56:54Z
296,MPC,Inactive,2021-05-07T14:35:04.852Z,Short-Term (1-3 weeks),58.98,Long,None,58.13 - 56.43,62.0 - 64.96,< 55.03,The weekly cycle analysis suggests that MPC has likely just formed an intermediate-term low and is early in a rising phase. Weekly momentum is now positive. The daily cycle analysis suggests that MPC is late in a short-term rising phase and due for a minor pullback. There are rising short-term supports below current levels. We are targeting a Fib extension zone on the upside. The next short-term low is due 5/13 - 5/24. Please see the Trade Idea video for further detail. Update 5/11: we have revised the favorable entry & re-evaluation level.,The conditions for this Trade Idea have been satisfied. MPC traded into the favorable entry and is now testing the target zone.,Target Zone Reached,2021-05-17T13:38:49Z
295,AVGO,Inactive,2021-05-05T14:12:32.298Z,Short-Term (1-3 weeks),445.28,Short,None,457.59 - 469.83,434.32 - 419.26,> 478.54,The weekly cycle analysis suggests that AVGO has likely formed an early high and is in a corrective period. Weekly momentum is negative. The next weekly low is due 7/12 - 9/13. The daily cycle analysis suggests that AVGO is in a short-term corrective period. There are short-term supports below current levels. We are targeting the short-term 78.6% Fib retracement and the prior cycle low. Please see the Trade Idea video for further detail.,The conditions for this Trade Idea have been satisfied. AVGO traded into the favorable entry and is now testing the target zone.,Target Zone Reached,2021-05-10T19:10:58Z
294,SLAB,Inactive,2021-05-05T13:09:07.682Z,Short-Term (1-3 weeks),133.34,Short,None,139.7 - 142.87,131.78 - 127.81,> 146.05,The weekly cycle analysis suggests that SLAB has likely formed an early high and is in a declining phase. The stocks is very close to a weekly cycle breakdown. Weekly momentum is negative. The next intermediate-term low is due 8/9 - 9/27. The daily cycle analysis suggests that SLAB is in a short-term corrective period. The stock had an early daily cycle breakdown. We are getting extended from the Slim Ribbon and are looking for a bear flag to form. There are minor resistances above the current levels. We are targeting a prior daily cycle low support and the intermediate-term 50% Fib retracement. Please note: the options are thin on SLAB. Please see the Trade Idea video for further detail. Update 5/7: We have revised the favorable entry and re-evaluation.,Stock failed after a very minor rally and has now traded through the target zone.,Pending / Inactive,2021-05-10T18:31:58Z
293,PAAS,Inactive,2021-05-04T13:07:54.971Z,Near-Term (1-5 days),33.33,Long,None,32.98 - 32.16,34.9 - 35.45,< 31.72,The weekly cycle analysis suggests that PAAS has just formed a mid-cycle low. Weekly momentum is positive. The daily cycle analysis suggests that the stock is early in a short-term rising phase. The short-term low was due 4/26 - 5/6. PAAS has a bull kicker pattern which likely marked the short-term low. There are minor supports just below current levels. We are targeting a test of the recent swing highs and the short-term 61.8% Fib. Please see the Trade Idea video for further detail.,The conditions for this Trade Idea have been satisfied. PAAS traded into the favorable entry and is now testing the target zone.,Target Zone Reached,2021-05-06T13:58:32Z
292,/CL,Inactive,2021-05-03T13:02:55.543Z,Short-Term (1-3 weeks),63.41,Long,None,62.49 - 61.57,65.71 - 68.01,< 60.64,"The weekly cycle analysis suggests that Crude Oil (/CL) has just formed an intermediate-term low and is in a rising phase. Weekly momentum remains negative. Given the weekly cycle configuration, the odds favor at least a re-test of the recent swing highs. The daily cycle analysis suggests that the stock is in a short-term corrective period. The next short-term low is due in early May. There is a bull flag forming on the daily. /CL is testing a minor support zone. We are targeting the 78.6% Fib retracement and the prior cycle high resistance. Please see the Trade Idea video for further detail.",Crude Oil only got to within 1.5% of the favorable entry and has now traded into the target zone.,Target Zone Reached (Early / Missed Entry),2021-05-05T13:32:59Z
291,/SI,Inactive,2021-04-30T12:23:01.962Z,Short-Term (1-3 weeks),25.95,Long,None,25.65 - 24.94,26.79 - 27.13,< 24.44,"The weekly cycle analysis suggests that /SI just formed a mid-cycle low. Weekly momentum remains negative. The daily cycle analysis suggests that /SI is in a short-term corrective period. The daily cycle configuration is positive, which suggests that the odds favor at least a re-test of the recent highs from 4/21. The Slim Ribbon and Reversal Scout are positive. There are short-term supports below current levels. Please see the Trade Idea video for further detail.",Silver got within 0.7% of the favorable entry and has now traded into the target zone. Silver remains very early in a new short-term rising phase.,Target Zone Reached (Early / Missed Entry),2021-05-03T14:03:21Z
290,VLO,Inactive,2021-04-29T12:06:24.547Z,Short-Term (1-3 weeks),74.5,Long,None,73.87 - 71.65,77.91 - 80.76,< 70.65,The weekly cycle analysis suggests that VLO has likely formed a minor cycle low. Weekly momentum remains negative. The daily cycle analysis suggests that VLO has likely formed a short-term low. The low was due 4/20 - 4/28. There are rising minor supports below current levels. We are targeting the short-term 61.8% and 78.6% Fib retracement zone on the upside. Update 4/30: we have revised the favorable entry and re-evaluation.,The conditions for this Trade Idea have been satisfied. VLO traded into the favorable entry and has now tested the target zone.,Target Zone Reached,2021-05-03T14:19:10Z
289,PNC,Inactive,2021-04-28T13:10:58.554Z,Short-Term (1-3 weeks),187.23,Long,None,184.87 - 179.78,192.54 - 199.13,< 177.51,The weekly cycle analysis suggests suggests that PNC is early in a new intermediate-term rising phase. Weekly momentum is mildly negative and poised to turn positive. The daily cycle analysis suggests that PNC is early in a short-term rising phase. The Slim Ribbon and Reversal Scout are positive. There are rising minor supports just below current levels. We are targeting a short-term 61.8% and 78.6% Fib extension zone on the upside. Please see the Trade Idea video for a walkthrough of the XLF and PNC analysis. Updated 5/3: revised the favorable entry and re-evaluation.,PNC got within 0.7% of the favorable entry and has now traded into the target zone. The stock is showing very healthy relative strength versus the group and broad market.,Target Zone Reached (Early / Missed Entry),2021-05-04T16:37:14Z
288,LULU,Inactive,2021-04-26T14:57:35.630Z,Short-Term (1-3 weeks),335.42,Long,None,331.91 - 325.38,347.91 - 351.37,< 320.74,The weekly cycle analysis suggests that LULU is in an intermediate-term rising phase. Weekly momentum is positive. The daily cycle analysis suggests that LULU is in a short-term rising phase. The Slim Ribbon is firmly configured positively. There are rising minor supports below current levels. We are targeting a Fib extension confluence on the upside. Please see the Trade Idea video for further detail.,LULU got within 0.9% of the favorable entry and has now tested the target zone. We are inactivating this Idea.,Pending / Inactive,2021-04-30T15:53:25Z
287,FCX,Inactive,2021-04-22T13:15:09.330Z,Short-Term (1-3 weeks),35.38,Long,None,34.27 - 33.13,37.22 - 39.1,< 31.72,The weekly cycle analysis suggests that FCX is late in an intermediate-term rising phase. Weekly momentum is mildly positive. The next intermediate-term low is due between the end of May and the middle of July. The daily cycle analysis suggests that FCX is in a short-term rising phase. The Slim Ribbon and Reversal Scout are both positive. The stock is testing a short-term support zone. We are targeting the minor 61.8% Fib Ext and the prior cycle high. Please see the Trade Idea video for further detail.,The conditions for this Trade Idea have been satisfied. FCX traded into the favorable entry and has now tested the target zone.,Target Zone Reached,2021-04-23T19:35:39Z
286,ADSK,Inactive,2021-04-20T13:33:02.013Z,Short-Term (1-3 weeks),290.2,Long,None,284.17 - 278.15,297.93 - 303.69,< 272.12,The weekly cycle analysis suggests that ADSK is early in an intermediate-term rising phase. Weekly momentum is positive. The daily cycle analysis suggests that a short-term low is due 4/12 - 4/22. The cycle structure on the daily is positive and suggests a test of recent swing highs in this next rising phase. Trade Idea video will be posted by 9:45 am et,The conditions for this Trade Idea have been satisfied. ADSK traded into the favorable entry and has now traded into the target zone. Stock remains early in a short-term rising phase.,Target Zone Reached,2021-04-26T15:11:27Z
285,/CL,Inactive,2021-04-16T15:41:27.323Z,Short-Term (1-3 weeks),63.19,Long,None,61.54 - 60.8,64.05 - 65.78,< 60.06,The weekly cycle analysis suggests that Crude Oil has likely formed a key intermediate-term low. The low was due in mid-April. Weekly momentum remains negative. The daily cycle analysis suggests that Crude Oil is late in a short-term rising phase and due for a very minor pullback. There are rising minor supports below current levels. We are targeting a short-term Fib extension zone on the upside. The Slim Ribbon is now positive and we would look for the Ribbon to act as support on the downside. Please see the Trade Idea for a walk through of the analysis.,Crude Oil bounced off the support zone and has now retested the favorable entry. We are inactivating the idea and will re-evaluate in the end of April when the oil stocks are due to make short-term lows.,Pending / Inactive,2021-04-21T13:08:41Z
283,AUD/USD,Inactive,2021-04-14T13:13:40.536Z,Intermediate-Term (3-8 weeks),0.7687,Short,None,0.7713 - 0.7769,0.7592 - 0.7531,> 0.7825,The weekly cycle analysis suggests that the AUD/USD is a declining phase. Weekly momentum is negative. (This negative weekly momentum is the primary rationale behind establishing this Trade Idea as a Momentum Continuation) The next intermediate-term low is due in mid-May. The daily cycle analysis suggests that the AUD/USD is in a short-term rising phase. There are short-term resistances above current levels. We are targeting a move to test the prior daily swing low and the top of the intermediate-term support shown on the daily chart. Please see the Trade Idea video for a walkthrough of the analysis.,The AUD/USD continues to hold up in the resistance zone. The lack of downside follow through is a sign of strength. We inactivated the idea.,Pending / Inactive,2021-04-28T10:17:47Z
282,USD/JPY,Inactive,2021-04-09T13:32:56.256Z,Intermediate-Term (3-8 weeks),109.82,Long,None,109.64 - 108.89,111.14 - 111.89,< 108.89,The weekly cycle analysis suggests that the USD/JPY in due to form a mid-cycle low. The mid-cycle low is due around early April. Weekly momentum is firmly positive. The daily cycle analysis suggests that USD/JPY is due to form a short-term low. The short-term low is due 4/12 - 4/22. The Slim Ribbon is firmly configured positively. There are minor supports just below current levels. We are targeting a short-term Fib extension zone on the upside. Please see the Trade Idea video for further details.,USD/JPY has traded below the re-evaluation. A short-term low is still due to form.,Re-evaluation Level Hit,2021-04-19T20:05:43Z
281,TWTR,Inactive,2021-04-06T14:05:25.650Z,Short-Term (1-3 weeks),66.79,Long,None,65.32 - 63.02,70.02 - 72.55,< 61.37,The weekly cycle analysis suggests that TWTR was due to form an intermediate-term low. The low was due 2/22 - 3/29. Weekly momentum is negative. The revised daily cycle analysis suggests that TWTR is in a short-term rising phase. The Slim Ribbon is close to turning neutral. There are rising minor supports below current levels. We are targeting a move to the short-term resistance zone. (update 4/7: we have revised the favorable entry and re-evaluation),TWTR only traded to within 1.5% of the favorable entry and has now moved into the target zone.,Target Zone Reached (Early / Missed Entry),2021-04-08T14:17:57Z
280,/6B,Inactive,2021-04-05T12:45:45.055Z,Short-Term (1-3 weeks),1.3871,Short,None,1.3895 - 1.3962,1.3721 - 1.3643,> 1.403,The weekly cycle analysis suggests that /6B has likely formed an intermediate-term high. Weekly momentum is now negative. The next intermediate-term low is due around mid-June. The daily cycle analysis suggests that the /6B is late in a short-term corrective period. There are short-term resistances above current levels. We are targeting a short-term 61.8% and 78.6% Fib extension zone on the downside. Please see the /6B Trade Idea video for further detail.,The conditions for this Trade Idea have been satisfied. The Pound tested the favorable entry and has now tested the target zone.,Target Zone Reached,2021-04-07T14:32:36Z
279,XBI,Inactive,2021-04-01T13:28:21.503Z,Short-Term (1-3 weeks),137.4,Short,None,140.53 - 143.9,126.06 - 120.59,> 148.69,The weekly cycle analysis suggests that XBI formed an early intermediate-term high and is in a corrective period. Weekly momentum is negative. The next intermediate-term low is due 6/28 - 8/23. The daily cycle analysis suggests that XBI is in a short-term corrective period. The next short-term low is due 4/21 - 5/5. The Slim Ribbon on the daily is negative. There is a bear flag forming on the daily timeframe. We are testing a short-term resistance zone and are targeting a move to the short-term Fib extension zone on the downside. Please see the XBI Trade Idea video for further detail.,The conditions for this Trade Idea has been satisfied. XBI tested the favorable entry and is now testing the target zone.,Target Zone Reached,2021-04-12T13:37:44Z
278,/CL,Inactive,2021-03-31T12:52:02.049Z,Short-Term (1-3 weeks),60.72,Short,None,61.35 - 62.62,57.25 - 55.64,> 63.88,The weekly cycle analysis suggests that /CL has likely formed an intermediate-term high and is entering into a declining phase. Weekly momentum is negative. The daily cycle analysis suggests that that /CL is in a short-term rising phase. The daily Slim Ribbon has now neutralized (this is the rationale behind the momentum breakdown trade type).  We are testing a short-term resistance zone. We are targeting a move to the prior daily cycle low support and the short-term 61.8% Fib extension on the downside. Please see the /CL Trade Idea video for further detail.,Crude Oil got within 0.7% of our target zone and is now consolidating sideways. We are running out of time for decline in the short-term. We have inactivated the Trade Idea.,Pending / Inactive,2021-04-09T11:51:05Z
277,NOV,Inactive,2021-03-30T13:17:04.743Z,Intermediate-Term (3-8 weeks),13.85,Short,None,14.18 - 14.59,12.6 - 11.44,> 15.0,The weekly cycle analysis suggests that NOV is in a corrective period. Weekly momentum is negative. The next intermediate-term low is due 5/31 - 7/5. The daily cycle analysis suggests that NOV is in a short-term rising phase. This short-term rising phase is forming a bear flag on the daily timeframe. The next short-term low is due 4/19 - 4/26. The Slim Ribbon is firmly negative. There are short-term resistances above current levels. We are targeting the intermediate-term 50% and 61.8% Fib retracements. Please see the Trade Idea video for further detail.,The conditions for this Trade Idea have been satisfied. NOV tested the favorable entry and is now approaching the intermediate-term support zone.,Target Zone Reached,2021-04-13T13:39:11Z
276,KLAC,Inactive,2021-03-29T15:40:38.362Z,Short-Term (1-3 weeks),309.36,Long,None,302.29 - 291.2,327.45 - 342.21,< 283.3,The weekly cycle analysis suggests that KLAC is early in an intermediate-term rising phase. Weekly momentum remains negative. The daily cycle analysis suggests that the stock is in a short-term rising phase. The daily Slim Ribbon is now positive. The next short-term low is due 4/13 - 4/26. There are short-term supports below current levels. We are target a move to the short-term 78.6% fib and the prior cycle high. Please see the KLAC Trade Idea video for further detail.,KLAC got within 1.5% of the favorable entry and has now tested the target zone. Note: Weekly momentum is now positive.  We will look to establish a new Trade Idea on a minor pullback.,Target Zone Reached (Early / Missed Entry),2021-03-31T13:33:47Z
275,FB,Inactive,2021-03-29T13:28:46.069Z,Short-Term (1-3 weeks),284.3,Long,None,281.86 - 277.65,291.32 - 295.01,< 271.66,"The weekly cycle analysis suggests that FB is an intermediate-term rising phase. Weekly momentum is positive. The daily cycle analysis suggests that the stock is due to form a minor cycle low. FB is testing a minor support zone. We are targeting the minor 61.8% and 78.6% fib retracements. Please see today's Trade Idea video for further detail. We walk through both the FB and sector (XLC) analysis. In addition, we discuss a positive occurrence that we see on the askSlim MCI using the ChartStreams grid.",FB got within 1% of the favorable entry and has now traded into the target zone. The Slim Ribbon on the 2-hour is now positive and the stock remains in a very positive condition,Target Zone Reached (Early / Missed Entry),2021-03-29T17:39:31Z
274,KSS,Inactive,2021-03-25T16:25:42.833Z,Short-Term (1-3 weeks),56.01,Short,None,56.98 - 58.35,53.42 - 50.89,> 59.72,The weekly cycle analysis suggests that KSS is in a rising phase and showing signs of stalling. There is an evening star forming. Weekly momentum positive. The next low is due 5/3 - 7/5. The daily cycle analysis suggests that KSS is in a short-term corrective period. The stock is testing a minor resistance zone. We are targeting a lower short-term support zone. The next low is due 4/1 - 4/9.,KSS broke through the minor resistance zone. The 2-hour Slim Ribbon is now close to neutralizing. We inactivated the Trade Idea.,Re-evaluation Level Hit,2021-03-26T14:25:21Z
273,KSS,Inactive,2021-03-24T13:54:18.532Z,Short-Term (1-3 weeks),56.97,Short,None,58.46 - 60.69,53.42 - 50.89,> 62.29,"The weekly cycle analysis suggests that KSS is late in an intermediate-term rising phase and showing signs of topping. Weekly momentum remains positive. The daily cycle analysis suggests that KSS is in a short-term declining phase. The Slim Ribbon on the 2-hour is now negative, this is why we are noting this Trade Idea as a momentum breakdown. The stock is testing minor resistances we are targeting a lower short-term support. Trade Idea video will be available at 10:10 AM ET.",KSS failed at minor resistance and is now trading in the target zone. A short-term low is due 4/1 -  4/9.,Target Zone Reached (Early / Missed Entry),2021-03-25T13:33:55Z
272,CRM,Inactive,2021-03-23T14:47:22.442Z,Short-Term (1-3 weeks),216.19,Short,None,220.5 - 226.37,205.69 - 201.51,> 232.24,The weekly cycle analysis suggests that CRM is in a corrective period with negative momentum. The next intermediate-term low is due 5/3 - 6/7. The daily cycle analysis suggests that CRM is in a short-term rising phase. The next short-term low is due 4/6  - 4/15. We are targeting a move to the short-term 78.6% Fib extension and the prior daily cycle low support.,CRM got within 1.3% of the favorable entry and has now traded into the target zone. The stock remains in a negative condition.,Target Zone Reached (Early / Missed Entry),2021-03-25T13:36:35Z
271,HES,Inactive,2021-03-22T15:11:54.995Z,Short-Term (1-3 weeks),69.19,Long,None,67.53 - 64.84,73.7 - 76.57,< 62.14,The weekly cycle analysis suggests that HES is in an intermediate-term rising phase. Weekly momentum is positive. Note: We have added the Gasoline weekly cycles in green due to the high correlation between gasoline and HES. Gasoline is due to form a mid-cycle low in late March. The daily cycle analysis suggests that HES is in the late stages of a corrective period. There are short-term supports below current levels. We are targeting a move to the short-term 61.8% Fib extension and the short-term 78.6% Fib extension. The next short-term low is due 3/25 - 4/5. Please see the Trade Idea video for further detail.,"The conditions for this Trade Idea have been satisfied. HES traded into the favorable entry and we are now inactivating the Trade Idea as we approach the short-term target zone. As we have discussed, we are looking for this short-term rally in energy stocks to fail and roll back down on the downside.",Target Zone Reached,2021-03-31T13:35:47Z
270,/ZW,Inactive,2021-03-17T14:43:47.819Z,Short-Term (1-3 weeks),645.25,Long,None,648.0 - 633.0,670.5 - 682.0,< 618.0,The weekly cycle analysis suggests that /ZW is due form an intermediate-term low. The low is due in mid-March. Weekly momentum is negative. The daily cycle analysis suggests that /ZW is due to form a short-term low. The short-term low is due from 3/1 - 3/15. Wheat is showing some signs of bottoming on the daily. We are testing an intermediate-term support zone. We are targeting a move to the short-term 61.8% and 78.6% Fib retracement zone. Please see today's Trade Idea video for further detail.,Wheat broke through the intermediate-term supports and has traded through the re-evaluation.,Re-evaluation Level Hit,2021-03-25T10:57:40Z
269,MCHP,Inactive,2021-03-16T13:11:16.245Z,Short-Term (1-3 weeks),149.56,Long,None,146.65 - 142.4,160.0 - 166.67,< 139.38,"The weekly cycle analysis suggests that MCHP is due to form an intermediate-term low. The low is due 2/1 - 3/22. Weekly momentum is currently negative. The daily cycle analysis suggests that MCHP has formed a short-term low and is in a rising phase. There are rising minor supports below current levels. We are targeting a move to the short-term 78.6% Fib retracement and the prior cycle high. Update 3/16: revised the favorable entry, re-evaluation level. Overall analysis presented in video remains the same.",MCHP tested the short-term support zone and bounced on 3/17. This bounce failed back to the downside. This suggests that the stock is rangebound in the short-term. We inactivated the Idea.,Pending / Inactive,2021-03-19T13:31:38Z
268,/PL,Inactive,2021-03-15T13:34:25.363Z,Short-Term (1-3 weeks),1219.4,Long,None,1186.8 - 1157.5,1257.2 - 1297.2,< 1136.6,The weekly cycle analysis suggests that /PL has just formed a mid-cycle low. Weekly momentum remains positive. Note: we have revised the daily cycle analysis to reflect the slightly early short-term low that formed. The analysis suggests that we are early in a short-term rising phase. There are minor supports below current levels. We are targeting the short-term 61.8% and 78.6% Fibonacci retracement zone on the upside. Trade Idea video will be available at 10:00 AM ET.,Platinum is acting much weaker than originally expected. With /PL trading around 1180. We are inactivating the Trade Idea.,Pending / Inactive,2021-03-26T15:09:28Z
267,UBER,Inactive,2021-03-12T14:19:50.614Z,Short-Term (1-3 weeks),58.34,Long,None,57.04 - 54.59,61.17 - 64.05,< 52.84,The weekly cycle analysis suggests that UBER has formed an intermediate-term low. Weekly momentum is now positive. The intermediate-term low was due 2/8 - 3/8. The daily cycle analysis suggests that UBER is early in a short-term rising phase. There are rising minor supports just below current levels. We are targeting a short-term 78.6% Fib and the prior cycle high. The Slim Ribbon is now positive on the daily. Update 3/16: we have revised the favorable entry range and re-evaluation. Overall analysis presented in video remains the same.,UBER broke through the support zone and has traded below the re-evaluation.,Re-evaluation Level Hit,2021-03-24T19:58:46Z
266,SBUX,Inactive,2021-03-11T14:28:14.699Z,Short-Term (1-3 weeks),108.35,Long,None,107.04 - 103.2,114.19 - 117.13,< 101.48,The weekly cycle analysis suggests that SBUX is in an intermediate-term rising phase. Weekly momentum is positive. The intermediate-term low was due 12/14 - 2/1. The daily cycle analysis suggests that SBUX has likely formed a short-term low a couple of days early. The short-term low was due 3/9 - 3/19. There are rising short-term supports just below current levels. We are targeting a short-term 78.6% and 100% Fib extension zone on the upside. If the stock gets back below the short-term 61.8% Fib retracement - that would render the Trade Idea no longer valid. Please see the SBUX Trade Idea video for further detail.,SBUX got within 1.6% of the favorable entry and has now reversed back to the favorable entry. This failure is a warning sign and likely marks the short-term high for the daily cycle. We have inactivated the Trade Idea.,Pending / Inactive,2021-03-23T12:34:19Z
265,MSFT,Inactive,2021-03-10T15:07:37.417Z,Short-Term (1-3 weeks),235.61,Long,None,232.13 - 226.99,241.45 - 246.13,< 224.26,The weekly cycle analysis suggests that MSFT is due to form an intermediate-term low. The low is due 2/1 - 3/15. Weekly momentum is positive. The stock is retesting the breakout of a pennant pattern. The daily cycle analysis suggests that MSFT has likely formed a short-term low. The short-term low was due 3/1 - 3/10. There are minor supports just below current levels. We are targeting a move to the short-term 78.6% and the prior cycle  high. Please review the MSFT Trade Idea video for further detail.,MSFT got within 0.7% of the target zone and has now reversed back to test the favorable entry. The lack of strong upside follow through suggests that the weekly cycle analysis will likely need to be revised. We have inactivated the Trade Idea.,Pending / Inactive,2021-03-18T16:57:11Z
264,BIDU,Inactive,2021-03-09T20:18:19.825Z,Short-Term (1-3 weeks),258.99,Short,None,268.98 - 278.94,230.54 - 217.39,> 293.12,The weekly cycle analysis suggests that BIDU is in a declining phase. Weekly momentum is now negative. The next intermediate-term low is due 3/29 -5/3. The daily cycle analysis suggests that BIDU is in a short-term declining phase. The next short-term low is due 3/22 - 4/1. The Slim Ribbon on the daily is now configured negatively. There are minor resistances just above current levels. We are targeting a S-T 100% Fib Extension and the intermediate 61.8% Fib retracement on the downside. Please see the BIDU Trade Idea video for further detail.,"BIDU is still trading at the base of the favorable entry. However, the stock not seeing clear resolution lower out of this bear flag. We are inactivating the Idea.",Pending / Inactive,2021-03-16T14:22:33Z
263,DD,Inactive,2021-03-08T14:11:04.217Z,Short-Term (1-3 weeks),74.0,Long,None,72.54 - 70.48,77.21 - 79.58,< 69.02,The weekly cycle analysis suggests that DD is due to form an intermediate-term low. The low is due 1/18 - 4/19. Weekly momentum remains negative. The daily cycle analysis suggests that DD has likely formed a short-term low and is in a short-term rising phase. The Slim Ribbon is now neutral. There are short-term supports just below current levels. We are targeting a move to the intermediate-term 50% and 61.8% retracement zone. Please see the DD Trade Idea video for further detail.,DD has now traded into the target zone. We inactivated the Trade Idea.,Target Zone Reached (Early / Missed Entry),2021-03-11T14:31:26Z
262,/SI,Inactive,2021-03-03T18:08:13.334Z,Short-Term (1-3 weeks),26.37,Long,None,26.51 - 25.98,27.57 - 28.11,< 25.45,The weekly cycle analysis suggests that /SI is due to form a mid-cycle low.  Weekly momentum remains positive. The daily cycle analysis suggests that a short-term low is due to form. Silver is testing a minor support zone. We are targeting a move to the short-term 38.2% and 50% retracement zone on the upside.,Silver failed to form a bottom and has traded below the re-evaluation.,Re-evaluation Level Hit,2021-03-04T18:43:19Z
261,INTC,Inactive,2021-03-03T14:40:55.737Z,Intermediate-Term (3-8 weeks),60.89,Long,None,59.63 - 57.21,64.86 - 68.01,< 55.49,"The weekly cycle analysis suggests that INTC is in an intermediate-term rising phase. Weekly momentum is positive. The daily cycle analysis suggests that the stock is entering into a short-term corrective period. The next short-term low is due 3/3 - 3/18. There are short-term supports below current levels. We are targeting a move to the intermediate-term 61.8% and 78.6% Fib extensions. Please see the INTC Trade Idea video, we walk through both the sector and individual stock analysis.",The conditions for this Trade Idea have been satisfied. INTC tested the favorable entry and has now tested the target zone.,Target Zone Reached,2021-03-16T13:35:14Z
260,SQ,Inactive,2021-03-01T19:33:19.747Z,Short-Term (1-3 weeks),240.11,Short,None,250.29 - 258.06,217.14 - 201.56,> 269.11,The weekly cycle analysis suggests that SQ is late in a corrective period. The next intermediate-term low is due 3/8 - 4/12. Weekly momentum is positive. The daily cycle analysis suggests that SQ is in a short-term rising phase. The Slim Ribbon has now turned negative on the 2-hour (this is the premise behind the Trade Idea). There are minor resistances above current levels. We are targeting a move to the lower intermediate-term Fibonacci support. Please see the SQ Trade Idea for further detail.,Stock is very strong on news of the opening of an in-house bank. We are inactivating this Trade Idea.,Pending / Inactive,2021-03-02T15:01:11Z
259,/6E,Inactive,2021-03-01T13:26:57.576Z,Short-Term (1-3 weeks),1.20545,Short,None,1.2116 - 1.21645,1.9605 - 1.19185,> 1.22125,The weekly cycle analysis suggests that the Euro is in a declining phase. Weekly momentum is negative. Note: the negative weekly momentum is the fundamental premise behind this short Trade Idea. The next intermediate-term low is due in mid-to-late April. The daily cycle analysis suggests that the Euro is in a short-term corrective period on the dominant (dotted blue lined) cycle. The Slim Ribbon has just turned negative. There are short-term resistance above current levels. We are targeting a move to the prior daily cycle low support and the intermediate-term 61.8% Fibonacci retracement. Please see the Euro Trade Idea video for further detail.,The conditions for this Trade Idea have been satisfied. The Euro (/6E) tested the favorable entry and has now traded into the target zone.,Target Zone Reached,2021-03-04T23:29:37Z
258,PYPL,Inactive,2021-02-25T14:24:42.675Z,Short-Term (1-3 weeks),263.56,Short,None,274.17 - 280.85,257.14 - 243.01,> 287.53,"The weekly cycle analysis suggests that PYPL is in a declining phase. Weekly momentum is positive. The next intermediate-term low is due 3/1 - 4/19. The daily cycle analysis suggests that PYPL is in a short-term declining phase. Slim Ribbon has now turned negative on the 2-hour (this is why we have established the trade type as ""momentum breakdown.""  The next short-term low is due 3/5 - 3/16. There are S-T resistances above current levels. We are targeting a move to re-test the S-T 61.8% and 78.6% Fib support zone. Please review today's Trade Idea video for further detail.",The conditions for this Trade Idea have been satisfied. PYPL tested the favorable entry and is now testing the target zone.,Target Zone Reached,2021-03-03T15:12:28Z
257,DHI,Inactive,2021-02-24T14:15:21.465Z,Short-Term (1-3 weeks),77.7,Long,None,76.74 - 74.36,82.53 - 84.41,< 71.99,The weekly cycle analysis suggests that DHI is in an intermediate-term rising phase. Weekly momentum is positive. The daily cycle analysis suggests that DHI is due to form a short-term low. The short-term low is due 3/4 - 3/16. There are intermediate-term supports below current levels. We are targeting a short-term 78.6% fib retracement and the prior cycle high. Please see today's Trade Idea video - we review the XHB sector analysis to put context around the setup in DHI.,The conditions for this Trade Idea have been satisfied. DHI tested the favorable entry and has now traded into the target zone.,Target Zone Reached,2021-03-09T14:33:18Z
256,AAPL,Inactive,2021-02-23T18:01:55.552Z,Short-Term (1-3 weeks),122.53,Short,None,128.59 - 131.74,121.75 - 118.95,> 134.89,The weekly cycle analysis suggests that AAPL is in a declining phase. Weekly momentum is negative. The next minor cycle low is due in the middle of April. The daily cycle analysis suggests that AAPL is in a short-term declining phase. The Slim Ribbon is negative. There are short-term resistances above current levels. We are targeting the intermediate-term 61.8% Fib and the 127.2% Fib Ext on the downside.,The conditions for this Trade Idea have been satisfied. AAPL tested the favorable entry zone and has now entered the target zone.,Target Zone Reached,2021-03-03T19:32:15Z
255,GM,Inactive,2021-02-23T15:28:10.122Z,Short-Term (1-3 weeks),50.55,Long,None,50.55 - 48.55,55.4 - 57.05,< 46.54,The weekly cycle analysis suggests that GM is in a rising phase. Weekly momentum is positive. The daily cycle analysis suggests that GM is due to form a short-term low. The short-term low is due 2/23 - 3/5. The stock is testing a short-term support zone.,The conditions for this Trade Idea have been satisfied. GM tested the favorable entry and has now tested the target zone.,Target Zone Reached,2021-03-02T19:15:38Z
254,LULU,Inactive,2021-02-19T14:18:52.645Z,Short-Term (1-3 weeks),336.81,Short,None,350.14 - 358.92,320.0 - 312.61,> 371.43,The weekly cycle analysis suggests that LULU is in a corrective period. Weekly momentum is negative. The next intermediate-term low is due 3/1 - 4/19. The daily cycle analysis suggests that LULU is due to form a short-term high.  The Slim Ribbon is negative. The next short-term low is due 3/5 - 3/24. We are targeting a move to the minor 78.6% Fib retracement and the prior daily cycle low. Please see the LULU trade idea video for further detail.,LULU failed at the Slim Ribbon has now traded down to the target zone. Stock remains extremely weak.,Target Zone Reached (Early / Missed Entry),2021-02-22T20:37:10Z
253,USD/JPY,Inactive,2021-02-18T13:05:37.566Z,Short-Term (1-3 weeks),105.72,Long,None,105.52 - 105.09,106.32 - 106.5,< 104.79,The weekly cycle analysis suggests that the USD/JPY is in an intermediate-term rising phase. Weekly momentum is positive. The daily cycle analysis suggests that the USD/JPY is also in a short-term rising phase. The Slim Ribbon is firmly configured positively. We are close to testing a short-term support zone. We are targeting a move to the short-term 78.6% Fib extension and the major 38.2% Fib retracement. Please see the Trade Idea video for further detail.,"USD/JPY is in the middle of favorable entry. However, it is acting weaker than expected. We are inactivating the Trade Idea,",Pending / Inactive,2021-02-23T12:52:47Z
252,LULU,Inactive,2021-02-16T14:25:29.607Z,Short-Term (1-3 weeks),344.6,Short,None,350.14 - 358.92,330.5 - 325.93,> 371.43,The weekly cycle analysis suggests that LULU is in a corrective period. Weekly momentum is negative. The next intermediate-term low is due 3/1 - 4/19. The daily cycle analysis suggests that LULU is in a short-term rising phase. There is a bear flag forming on the daily. The Slim Ribbon is neutral. The stock is testing the short-term resistance zone. We are targeting a move to the short-term 100% Fib extension and the short-term 61.8% Fib. The next short-term low is due 3/5 - 3/24.,LULU only traded to within 1.5% of the favorable entry and has now traded into the short-term target zone. We will look to establish a new Trade Idea on a minor rally.,Target Zone Reached (Early / Missed Entry),2021-02-18T14:34:06Z
251,FCX,Inactive,2021-02-12T14:14:56.909Z,Short-Term (1-3 weeks),30.71,Long,None,30.43 - 29.34,33.43 - 35.8,< 28.25,The weekly cycle analysis suggests that FCX is in a rising phase. Weekly momentum is positive. The daily cycle analysis suggests that FCX is in a short-term rising phase and testing the short-term support zone. We are targeting a short-term Fib extension zone on the upside. The next short-term low is due 3/4 - 3/18. Please review today's Trade Idea video for further detail.,The conditions for this Trade Idea have been satisfied. FCX tested the favorable entry and has now tested the target zone.,Target Zone Reached,2021-02-17T14:33:40Z
250,SBUX,Inactive,2021-02-11T14:25:27.618Z,Intermediate-Term (3-8 weeks),106.05,Long,None,103.1 - 100.36,"109.7 - 113.45, 118.22 - 124.29",< 98.41,The weekly cycle analysis suggests that SBUX is very early in a new rising phase. Weekly momentum is negative and poised to turn up. The intermediate-term low was due 12/14 - 1/25. The daily cycle analysis suggests that SBUX is early in a short-term rising phase. The next short-term low is due 3/9 - 3/19. There are short-term supports below current levels. We are targeting a move to the short-term Fib extension zone followed by an intermediate-term Fib extension zone.,SBUX is above the favorable entry. The next short-term low is due 3/9 - 3/19. We will look to establish a new Trade Idea.,Pending / Inactive,2021-02-25T17:22:57Z
249,FDX,Inactive,2021-02-09T14:53:49.503Z,Intermediate-Term (3-8 weeks),254.98,Short,None,261.86 - 270.23,246.51 - 241.35,> 278.59,"The weekly cycle analysis suggests that FDX is late in a corrective period. Weekly momentum is negative. Given the reversal we have had off of the top of the major support - the odds favor only a retest of this key support zone before the next key low forms. The daily cycle analysis suggests that FDX is in a short-term rising phase. There are intermediate-term resistances above current levels. Update 2/22/21: We have revised the target zone for this Trade Idea. The sector ETF (IYT) has likely already bottomed. Given this backdrop, we would look for a higher low to form in the next projected daily timing. Please see the FDX Trade Idea video update for further detail.",The conditions for this Trade Idea have been satisfied. FDX traded into the favorable entry and has now tested the target zone.,Target Zone Reached,2021-02-23T14:45:34Z
248,NKE,Inactive,2021-02-09T14:26:09.666Z,Short-Term (1-3 weeks),143.27,Long,None,140.64 - 137.39,147.95 - 153.18,< 135.09,The weekly cycle analysis suggests that NKE has just formed a key intermediate-term low. Weekly momentum remains negative. The intermediate-term low was due 1/4 - 3/1. The daily cycle analysis suggests that NKE is in a short-term rising phase. There are minor supports below current levels. We are targeting a move to the prior cycle high and the intermediate-term 61.8% Fib extension.,NKE bull flag failed to resolve higher and has now traded through the re-evaluation level. We inactivated the Trade Idea.,Re-evaluation Level Hit,2021-02-23T14:37:26Z
247,TXN,Inactive,2021-02-09T13:52:17.063Z,Intermediate-Term (3-8 weeks),175.12,Long,None,172.48 - 167.26,184.61 - 187.59,< 164.96,The weekly cycle analysis suggests that TXN has just formed an intermediate-term bottom and is in a rising phase. Weekly momentum remained positive through the pullback - this is a positive occurrence. The intermediate-term low was due between 1/18 - 3/15. The daily cycle analysis suggests that TXN is very early in a new short-term rising phase. There are rising minor supports just below current levels. We are targeting a move to a Fibonacci extension confluence.  Trade Idea video will be posted by the US market open.,Stock got to within 1.5% of the target zone and has now traded back to the top of the favorable entry. We are inactivating the Trade Idea.,Pending / Inactive,2021-02-22T20:38:48Z
246,/HG,Inactive,2021-02-08T13:31:05.732Z,Short-Term (1-3 weeks),3.6375,Long,None,3.6215 - 3.5515,3.7305 - 3.8095,< 3.502,The weekly cycle analysis suggests that /HG is in a rising phase on an intermediate-term basis. There is a mid-cycle low due in early February. Copper is forming weekly bull flag. Weekly momentum is slightly negative and poised to turn positive. The daily cycle analysis suggests that Copper is in a short-term rising phase. The next short-term low is due 2/25 -3/4. There are minor supports below current levels. We are targeting a short-term Fibonacci extension zone on the upside. Please refer to the /HG Trade Idea video for further detail.,Copper tested within 0.6% of the favorable entry and has now tested the target zone. We inactivated the Trade Idea.,Target Zone Reached (Early / Missed Entry),2021-02-09T14:40:37Z
245,RSX,Inactive,2021-02-05T13:47:34.508Z,Short-Term (1-3 weeks),24.43,Long,None,23.65 - 22.84,25.71 - 26.29,< 22.02,The weekly cycle analysis suggests that the RSX is in an intermediate-term rising phase. Weekly momentum is now negative. There is a mid-cycle low due between the middle-to-end of February. The daily cycle analysis suggests that the RSX is in the late-stages of a short-term corrective period. The next short-term low is due 2/11 - 2/23. There are intermediate-term supports below current levels. We are targeting a move to the short-term 78.6% Fib and the prior cycle high. Please see the RSX Trade Idea video for further detail.,RSX has now traded into the target zone. We inactivated the Trade Idea.,Target Zone Reached (Early / Missed Entry),2021-02-16T14:31:51Z
244,LRCX,Inactive,2021-02-04T13:40:14.068Z,Short-Term (1-3 weeks),505.0,Short,None,520.92 - 545.55,460.6 - 430.85,> 563.08,The weekly cycle analysis suggests that LRCX is in a declining phase. Weekly momentum is negative. The next intermediate-term low is due 1/11 - 3/8. The daily cycle analysis suggests that LRCX is in a short-term declining phase. The Slim Ribbon has now neutralized. There are short-term resistances just above current levels. We are targeting a move to the lower short-term support zone.,"LRCX is still in the lower end of the favorable entry. However, after reviewing the group - the odds favor that an intermediate-term low has formed. We are inactivating this Trade Idea.",Pending / Inactive,2021-02-09T13:09:11Z
243,NKE,Inactive,2021-02-02T14:24:36.157Z,Short-Term (1-3 weeks),136.9,Long,None,137.04 - 135.17,144.17 - 147.95,< 132.15,The weekly cycle analysis suggests that NKE is due to form an intermediate-term low. The low is due 1/4-3/1. Weekly momentum is negative. The daily cycle analysis suggests that NKE is due to form a short-term low. The short-term low is due 1/21 - 2/5. There are lower short-term supports below current levels. We are targeting a move to the short-term 78.6 and the prior cycle high.,The conditions for this Trade Idea have been satisfied. NKE tested the favorable entry and has now tested the target zone.,Target Zone Reached,2021-02-05T14:57:28Z
242,NFLX,Inactive,2021-01-29T13:38:17.754Z,Short-Term (1-3 weeks),538.6,Long,None,528.35 - 513.02,563.66 - 576.69,< 500.97,The weekly cycle analysis suggests that NFLX is in an intermediate-term rising phase. Weekly momentum is positive. The next intermediate-term low is due 3/8 - 4/19. The daily cycle analysis suggests that NFLX is in a short-term rising phase and forming a bull flag. NFLX is testing an intermediate-term support zone. We are targeting a move to the short-term resistances. Please see the NFLX Trade Idea video for further detail.,The conditions for this Trade Idea have been satisfied NFLX tested the favorable entry and has now traded to within 0.5% of the target zone.,Target Zone Reached,2021-02-04T19:34:52Z
241,UBER,Inactive,2021-01-28T13:50:44.675Z,Short-Term (1-3 weeks),48.75,Short,None,51.29 - 53.84,46.47 - 43.26,> 55.66,The weekly cycle analysis suggests that UBER is in the late stages of a corrective period. This timeframe carries to highest level of downside risk. Weekly momentum is negative. The next intermediate-term low is due 2/8 - 3/8. The daily cycle analysis suggests that UBER is in a short-term corrective period. There are minor resistances above current levels. We are targeting a lower short-term support zone. The next short-term low is due in early-to-mid February.,UBER broke through the minor resistances and has traded above the re-evaluation.,Re-evaluation Level Hit,2021-02-02T14:33:20Z
240,TWLO,Inactive,2021-01-27T14:13:17.661Z,Short-Term (1-3 weeks),344.0,Short,None,357.83 - 375.57,329.55 - 311.91,> 388.19,The weekly cycle analysis suggests that TWLO is very late in an intermediate-term rising phase and due to have a pullback. Weekly momentum remains positive. The next intermediate-term low is due 1/25 - 3/8. The daily cycle analysis suggests that TWLO has likely formed a short-term high and is entering into a short-term corrective period. The next short-term low is due 2/10 - 3/4. The Slim Ribbon on the daily is positive. TWLO's 2-hour Slim Ribbon is now negatively configured. There are minor resistances above current levels. We are targeting a move to the lower short-term support zone.,TWLO broke through the short-term resistance zone and has now traded above the re-evaluation.,Re-evaluation Level Hit,2021-02-03T14:59:27Z
239,/ZW,Inactive,2021-01-26T14:33:10.651Z,Short-Term (1-3 weeks),653.5,Short,None,658.5 - 666.75,629.25 - 614.25,> 678.5,"The weekly cycle analysis suggests that Wheat Futures (/ZW) are late in an intermediate-term rising phase and due to have a pullback. There was a large bearish engulfing candlestick pattern last week, which suggests that /ZW has likely formed an intermediate-term high. Weekly momentum is currently positive. The daily cycle analysis suggests that /ZW has broken below the daily cycle low and is now forming a bear flag on the 2-hour chart. The 2-hour momentum has now neutralized. Wheat is testing a minor resistance zone. We are targeting a move to the lower short-term supports. Please see the /ZW Trade Idea video for further detail.",Wheat is still below the favorable entry. However the revised daily cycle analysis suggests that Wheat may retest the recent swing highs. We inactivated the Trade Idea.,Pending / Inactive,2021-01-28T12:55:35Z
238,ISRG,Inactive,2021-01-22T14:06:53.484Z,Intermediate-Term (3-8 weeks),780.01,Long,None,760.41 - 739.91,"814.71 - 828.96, 869.09 - 932.49",< 719.4,The weekly cycle analysis suggests that ISRG in a rising phase. Weekly momentum is positive. There is a mid-cycle low due in early February. The stock is forming a bull flag. The daily cycle analysis suggests that ISRG is in a short-term corrective period. The Slim Ribbon is neutral. The next short-term low is due 1/26 - 2/3. There are intermediate-term supports below current levels. We are targeting a move to the short-term Fib extension confluence zone followed by an intermediate-term Fib extension zone on the upside. Please see the ISRG Trade Idea for further detail.,"ISRG is still in the top end of the favorable entry. However, the stock has not shown a meaningful reaction to the upside after forming the short-term cycle low. This is a warning. We inactivated the Trade Idea.",Pending / Inactive,2021-02-03T14:58:23Z
237,USD/JPY,Inactive,2021-01-21T14:41:56.181Z,Short-Term (1-3 weeks),103.6,Long,None,103.48 - 103.27,104.12 - 104.49,< 102.97,The weekly cycle analysis suggests that the USD/JPY has likely formed an intermediate-term low. Weekly momentum is now positive. The daily cycle analysis suggests that USD/JPY is in a short-term rising phase. The Slim Ribbon has now neutralized. USD/JPY is testing a short-term support zone. We are targeting a move to the short-term resistances. Trade Idea video will be posted by 10:00 AM ET.,The conditions for this Trade Idea have been satisfied. USD/JPY tested the favorable entry and is now trading in the target zone.,Target Zone Reached,2021-01-27T14:41:09Z
236,/GC,Inactive,2021-01-21T14:30:32.471Z,Short-Term (1-3 weeks),1866.4,Short,None,1862.8 - 1881.7,1829.0 - 1809.0,> 1900.7,The weekly cycle analysis suggests that /GC is in a rising phase. The recent failure off the intermediate-term resistances suggests that Gold will likely be rangebound for a few weeks. The daily cycle analysis suggests that /GC is in the late stages of its dominant cycle. This timeframe carries the most downside risk. Gold is forming a bear flag on the daily and is testing a short-term resistance zone. We are looking for a failure in this zone and a retest of the minor 61.8% Fib retracement and the intermediate 78.6% Fib retracement. Please see the /GC Trade Idea video for further detail.,The conditions for this Trade Idea have been satisfied. Gold Futures (/GC) tested the favorable entry and has now traded into the target zone.,Target Zone Reached,2021-01-27T14:47:19Z
235,COST,Inactive,2021-01-20T15:13:17.188Z,Short-Term (1-3 weeks),355.43,Short,None,359.31 - 363.56,346.72 - 337.25,> 370.43,The weekly cycle analysis suggests that COST is in a declining phase. Weekly momentum is negative. The next intermediate-term low is due 2/22 - 3/29. The daily cycle analysis suggests that COST is in a short-term declining phase. The next short-term low is due 2/2 - 2/12. The Slim Ribbon is firmly configured negatively. There are minor resistances above current levels. We are targeting a move to the 127.2% Fib extension and the 161.8% Fib extension on the downside.,The conditions for this Trade Idea have been satisfied. COST tested the favorable entry and has now traded to within 0.6% of the target zone. COST is now entering the timing window for a short-term bottom to form.,Target Zone Reached,2021-02-01T15:02:03Z
234,FDX,Inactive,2021-01-19T14:15:50.019Z,Intermediate-Term (3-8 weeks),254.33,Short,None,266.76 - 274.19,237.52 - 216.48,> 281.62,The weekly cycle analysis suggests that FDX has broken below the key weekly cycle low and is in a corrective period. Weekly momentum is firmly negative. The next intermediate-term low is due 3/8 - 4/26. The daily cycle analysis suggests that FDX is in a short-term rising phase. The Slim Ribbon is configured negatively. We are looking for a bear flag to form on FDX followed by a failure at the intermediate-term resistances. We are targeting a move to the major 38.2% and 50% Fibonacci retracement levels. Please see the FDX Trade Idea video for further detail.,FDX failed at the Slim Ribbon and has now traded into the target zone. The stock remains in a declining phase on the intermediate-term.,Target Zone Reached (Early / Missed Entry),2021-01-29T18:28:33Z
233,DELL,Inactive,2021-01-14T14:08:48.976Z,Intermediate-Term (3-8 weeks),71.23,Short,None,72.94 - 74.65,68.15 - 65.96,> 75.86,The weekly cycle analysis suggests that DELL is showing signs of stalling. Weekly momentum remains positive. The next mid-cycle low is due 2/1 - 2/22. The daily cycle analysis suggests that DELL has broken below the daily cycle low - this breakdown suggests that an intermediate-term top has formed. The next short-term low is due 2/22 - 3/1. The daily Slim Ribbon is still positive. This Trade Idea is counter to both the weekly and daily momentum. We do now have negative momentum on the 2-hour Slim Ribbon. This is why we have denoted this Trade Idea as a momentum breakdown. Please refer to the DELL Trade Idea video for a walk through of the weekly/daily analysis.,DELL has traded through the resistance zone and the re-evaluation level. We inactivated the Trade Idea.,Re-evaluation Level Hit,2021-01-20T19:28:39Z
232,/GC,Inactive,2021-01-12T13:51:20.720Z,Short-Term (1-3 weeks),1844.9,Short,None,1889.8 - 1907.0,1841.8 - 1809.0,> 1931.4,The weekly cycle analysis suggests that /GC is in a rising phase on the weekly. We saw a large failure from the intermediate-term resistance zone. This is a warning sign. Weekly momentum remains positive. The daily cycle analysis suggests that there is a minor cycle low due. We would expect a bear flag to form here. There are short-term resistances above current levels. We are targeting a move to the intermediate-term 61.8% fib and the 78.6%. Please see the GC Trade Idea video for further detail.,We are establishing a new Trade Idea for /GC since the favorable entry and target zone has to be revised.,Pending / Inactive,2021-01-21T13:57:39Z
231,COP,Inactive,2021-01-11T13:57:58.260Z,Short-Term (1-3 weeks),44.7,Long,None,43.07 - 41.59,45.81 - 47.74,< 40.53,The weekly cycle analysis suggests that COP is in a rising phase. Weekly momentum remains positive. The daily cycle analysis suggests that COP is early in a short-term rising phase. The next short-term low is due 2/2 - 2/10. The Slim Ribbon on the daily is firmly configured positively. There are minor supports just below current levels. We are targeting a move to the intermediate-term 78.6% Fib and the 50% Fibonacci extension. Please refer to today's COP Trade Idea video for further detail.,The conditions for this Trade Idea have been satisfied. COP tested within 0.5% of the favorable entry and has now traded into the target zone.,Target Zone Reached,2021-01-12T14:31:23Z
230,DLTR,Inactive,2021-01-08T14:19:59.958Z,Short-Term (1-3 weeks),114.75,Long,None,111.17 - 108.81,120.87 - 123.5,< 105.31,The weekly cycle analysis suggests that DLTR is very early in an intermediate-term rising phase. Weekly momentum is positive. The daily cycle analysis suggests that DLTR is very early in a short-term rising phase. The Slim Ribbon is now positive. There is a rectangle forming on the daily chart. The favorable entry is the rising minor support zone. We are targeting a move to the short-term 61.8% Fib extension and the measured move of the breakout of the rectangle. Please review today's DLTR Trade Idea video for further detail.,DLTR broke through the support zone and has now traded below the re-evaluation. The early break below the weekly cycle low sets up a very negative pattern.,Re-evaluation Level Hit,2021-01-26T15:16:38Z
229,GDXJ,Inactive,2021-01-07T13:50:02.517Z,Short-Term (1-3 weeks),57.11,Long,None,55.2 - 53.12,60.29 - 62.04,< 51.65,The weekly cycle analysis suggests that GDXJ is early in an intermediate-term rising phase. Weekly momentum is now positive. The daily cycle analysis suggests that GDXJ is late in a short-term rising phase and due for a minor pullback. The next short-term low is due 1/12 - 1/22. There are minor supports below current levels. We are targeting a prior daily cycle high and the intermediate-term 78.6% Fib resistance. Please see the GDXJ Trade Idea video for further detail.,GDX has traded through the re-evaluation zone. Stock has failed to show any signs of bottoming. Note that a short-term low is still due to form..,Re-evaluation Level Hit,2021-01-15T13:05:50Z
228,YNDX,Inactive,2021-01-06T13:46:12.726Z,Short-Term (1-3 weeks),70.8,Long,None,70.41 - 68.84,74.47 - 75.48,< 67.72,The weekly cycle analysis suggests that YNDX is in a rising phase with positive weekly momentum. The next intermediate-term low is due 3/15 - 4/26. The weekly cycle analysis suggests that YNDX is very early in a new short-term rising phase. The Slim Ribbon is now positive. There are minor supports just below current levels. We are targeting a short-term Fib confluence zone. Please see the YNDX Trade Idea video for further detail.,"YNDX is still in the favorable entry range. However, the stock has failed to get a meaningful rally in a short-term rising phase. We have since re-evaluated the daily cycle analysis and it suggests that a short-term low is due 1/20 - 2/3. We will look to establish a new Trade Idea.",Pending / Inactive,2021-01-14T20:54:44Z
227,XBI,Inactive,2021-01-04T14:18:23.086Z,Short-Term (1-3 weeks),141.65,Short,None,144.21 - 147.45,138.18 - 134.75,> 149.76,The weekly cycle analysis suggests that XBI is late in an intermediate-term rising phase and due to correct. The next weekly cycle low is due 12/28 - 2/22. Weekly momentum remains positive. We want to see weekly momentum turn negative to confirm that an intermediate-term high has formed. The daily cycle analysis suggests that XBI has broken below the daily cycle low support. This daily cycle breakdown suggests that XBI has entered into a short-term corrective period. The next minor cycle low is due in mid-January. Please see the XBI Trade Idea video for further detail. (Update 1/5: revised favorable entry and re-evaluation - overall analysis remains the same),XBI broke through the resistance zone and has now traded above the re-evaluation.,Re-evaluation Level Hit,2021-01-08T14:35:13Z
226,MDT,Inactive,2020-12-23T14:46:17.382Z,Intermediate-Term (3-8 weeks),114.63,Long,None,113.05 - 110.5,118.43 - 123.74,< 108.6,The weekly cycle analysis suggests that MDT is in a rising phase. There is a mid-cycle low due around the end of the year. Weekly momentum is firmly pointed up. The daily cycle analysis suggests that MDT is due to form a short-term low. The next short-term low is due between 12/15 - 12/30. The stock is testing a minor support zone. We are targeting a Fibonacci extension confluence on the upside. Please see the MDT Trade Idea video for a walk through of the analysis.,The conditions for this Trade Idea have been satisfied. MDT traded into the favorable entry and has now tested the target zone. We inactivated the Trade Idea.,Target Zone Reached,2021-01-06T14:38:57Z
225,PAAS,Inactive,2020-12-22T14:00:37.200Z,Intermediate-Term (3-8 weeks),33.86,Long,None,32.55 - 31.44,35.37 - 37.28,< 30.63,The weekly cycle analysis suggests that PAAS is early in a new rising phase. The intermediate-term low was due 10/5 - 12/21. Weekly momentum is now positive. The daily cycle analysis suggests that PAAS is late in a short-term rising phase and due for a minor pullback. The next short-term low is due 12/28 - 1/5. The Slim Ribbon is firmly configured positively and likely to act as support on a minor pullback. We are targeting the short-term 78.6% Fibonacci retracement and the prior cycle high on the upside. Please see the PAAS Trade Idea video for further detail.,The conditions for this Trade Idea have been satisfied. PAAS tested the favorable entry and has now traded into the target zone.,Target Zone Reached,2021-01-04T14:34:00Z
224,HL,Inactive,2020-12-21T14:03:48.853Z,Intermediate-Term (3-8 weeks),6.17,Long,None,5.9 - 5.55,6.45 - 6.94,< 5.35,The weekly cycle analysis suggests that HL has just formed a key intermediate-term low and is in a new rising phase. The key intermediate-term low in HL is due 10/12 - 11/30. The daily cycle analysis suggests that it is late in a short-term rising phase and due for a minor pullback. The next short-term low is due 12/23 - 12/30. The Slim Ribbon is firmly configured positively. There are minor supports below current levels. We are targeting a short-term 127.2% Fib extension and 161.8% Fib extension on the upside. Please see the HL Trade Idea video for further detail.,The conditions for this Trade Idea have been satisfied. HL tested the favorable entry and has now traded into the target zone.,Target Zone Reached,2020-12-30T18:43:03Z
223,WHR,Inactive,2020-12-16T14:20:46.013Z,Intermediate-Term (3-8 weeks),188.63,Short,None,190.53 - 196.94,178.65 - 173.31,> 201.49,The weekly cycle analysis suggests that WHR is in a declining phase with negative momentum. The next intermediate-term low is due 2/1-3/8. The daily cycle analysis suggests that WHR is in a short-term rising phase. There are short-term resistances just above current levels. We are targeting a 100% Fibonacci extension and the intermediate-term 78.6% Fibonacci support on the downside. Please see the WHR Trade Idea video for a walk through of the analysis.,The conditions for this Trade Idea have been satisfied. WHR tested the favorable entry and has now traded to the target zone.,Target Zone Reached,2021-01-04T15:16:46Z
222,SWKS,Inactive,2020-12-15T15:13:44.097Z,Intermediate-Term (3-8 weeks),146.27,Short,None,146.45 - 153.4,134.28 - 131.94,> 156.0,The weekly cycle analysis suggests that SWKS is in a corrective period. Weekly momentum is negative. The next intermediate-term low is due 2/1 - 3/15. The daily cycle analysis suggests that SWKS has likely formed a short-term high and is in a short-term corrective period. The next short-term low is due 12/31 - 1/25. There are upper short-term resistances above current levels we are targeting a move to test the recent daily and weekly cycle lows. Please see the SWKS Trade Idea video for a walk through of the analysis.,SWKS has broken through the resistance zone and has now traded above the re-evaluation.,Re-evaluation Level Hit,2021-01-05T20:49:36Z
221,CAKE,Inactive,2020-12-14T14:15:25.131Z,Short-Term (1-3 weeks),37.58,Long,None,36.7 - 35.61,40.01 - 41.86,< 34.51,"The weekly cycle analysis suggests that CAKE is early in an intermediate-term rising phase. Weekly momentum is positive. The weekly low was due 9/21 - 11/23. The daily cycle analysis suggests that CAKE is due to form a short-term low. The short-term low is due 12/4 - 12/17. The Slim Ribbon, which is what we use to evaluate daily momentum, is firmly configured positively. There are minor supports just below current levels. We are targeting a short-term 61.8% and 78.6% Fib extension zone on the upside. Please refer to the CAKE Trade Idea video for a walk through of the analysis.","CAKE is still trading in the top of the favorable entry. However, the stock is failing to show a meaningful rally early in a rising phase. This is a short-term warning. The next minor cycle low on the weekly timeframe is due in the end of January. We will re-evaluate CAKE in early January.",Pending / Inactive,2020-12-21T15:11:50Z
220,APD,Inactive,2020-12-10T13:58:10.626Z,Intermediate-Term (3-8 weeks),270.57,Short,None,272.94 - 278.07,"262.24 - 262.24, 252.2 - 247.66",> 286.38,The weekly cycle analysis suggests that APD is in the late stages of a declining phase. Weekly momentum is negative. The next intermediate-term low is due 12/7 - 1/11. The daily cycle analysis suggests that APD is in a short-term declining phase. There are minor resistances just above current levels. We are targeting a test of the prior cycle low at 262.24 followed by the Fib support confluence zone on the downside. Please see the APD Trade Idea for further detail.,The conditions for this Trade Idea have been satisfied. APD tested within 1% of the favorable entry and has now traded into the target zone.,Target Zone Reached,2020-12-21T14:52:33Z
219,TMO,Inactive,2020-12-09T13:28:37.155Z,Short-Term (1-3 weeks),473.98,Short,None,484.17 - 495.59,453.51 - 442.56,> 511.86,The weekly cycle analysis suggests that TMO is in a corrective period. Weekly momentum is negative. The next projected intermediate-term low is due 1/11 - 3/1. The daily cycle analysis suggests that TMO is in a short-term rising phase. The next short-term low is due 12/17 - 12/28. The stock is testing the short-term resistance zone. We are targeting the short-term 61.8% Fib retracement and the short-term 78.6% Fib extension on the downside. Please see the TMO Trade Idea video walk through for further detail.,TMO got within 1.4% of the favorable entry and has now traded down to the short-term target zone. The next short-term low is due 12/17 - 12/28.,Target Zone Reached (Early / Missed Entry),2020-12-21T15:17:27Z
218,LVS,Inactive,2020-12-08T14:02:05.675Z,Intermediate-Term (3-8 weeks),58.94,Long,None,58.15 - 56.07,"63.82 - 66.24, 65.3 - 71.48",< 54.98,The weekly cycle analysis suggests that LVS is in a rising phase. Weekly momentum is positive. The daily cycle analysis suggests that LVS is very early in a short-term rising phase. The Slim Ribbon is firmly configured positively. There are minor supports just below current levels. We are targeting 2 Fib extension zones on the upside. If the stock breaks below the daily cycle low support that would invalidate the bullish thesis. Please see the LVS Trade Idea video walk through for further detail.,Stock is still in the favorable entry. It has failed to get a meaningful rally. The alternate weekly likely is likely in play. We inactivated the Trade Idea.,Pending / Inactive,2020-12-17T14:38:40Z
217,HLT,Inactive,2020-12-07T14:10:57.229Z,Short-Term (1-3 weeks),110.85,Long,None,107.39 - 104.51,116.73 - 119.25,< 101.62,The weekly cycle analysis suggests that HLT is in an intermediate-term rising phase with positive momentum. The daily cycle analysis suggests that HLT is late in a short-term rising phase and the odds favor a minor pullback. The next short-term low is due 12/11 - 12/28. The Slim Ribbon is firmly configured positively. There are minor supports below current levels. We are targeting a move to the prior cycle high and the 100% Fib extension on the upside. Please see the HLT Trade Idea video for a walk through of the analysis and a discussion on how to use the Slim Ribbon PO indicator.,HLT will likely open below the re-evaluation level. We inactivated this Trade Idea. A short-term low is still due to form between 12/4 - 12/22.,Re-evaluation Level Hit,2020-12-21T14:08:50Z
216,MCD,Inactive,2020-12-04T14:22:09.205Z,Short-Term (1-3 weeks),211.51,Short,None,213.76 - 216.62,205.96 - 201.8,> 219.54,The weekly cycle analysis suggests that MCD is the late-stages of a corrective period. Weekly momentum is negative. The next intermediate-term low is due 12/7 - 1/11. The daily cycle analysis suggests that MCD is in a short-term declining phase. The next short-term low is due 12/17 - 1/7. The Slim Ribbon is now negative. There are minor resistances just above current levels. We are targeting a short-term Fibonacci extension zone on the downside. Please see the MCD Trade Idea video for further detail.,The conditions for this Trade Idea have been satisfied. The stock tested the favorable entry and has now traded into the target zone.,Target Zone Reached,2020-12-07T15:09:41Z
215,FB,Inactive,2020-12-03T13:54:51.217Z,Intermediate-Term (3-8 weeks),287.0,Long,None,282.08 - 272.64,"304.04 - 314.93, 320.81 - 341.69",< 265.91,The weekly cycle analysis suggests that FB has likely formed an intermediate-term low and is early in a new rising phase. The intermediate-term low was due 11/9 - 12/14. Weekly momentum is positive. There is a bull pennant forming on the weekly. The daily cycle analysis suggests that FB is due form a short-term low between 12/11 - 12/30. We are targeting two Fibonacci extension/target zones on the upside. See the FB Trade Idea video for further detail.,FB has closed below the re-evaluation level. Daily momentum now negative. We inactivated the Trade Idea.,Re-evaluation Level Hit,2020-12-23T13:03:58Z
214,TWTR,Inactive,2020-12-02T14:06:29.334Z,Short-Term (1-3 weeks),46.41,Long,None,44.08 - 42.11,49.93 - 52.93,< 40.71,The weekly cycle analysis suggests that TWTR has likely formed an intermediate-term low. The low was due 10/12 - 11/23. Weekly momentum is close to turning positive. The daily cycle analysis suggests that TWTR is in the late stages of a short-term rising phase. The next short-term low is due 12/2 - 12/10. There are short-term supports below current levels. We are targeting a move to the short-term 78.6% Fibonacci resistance and the prior cycle high.,TWTR rallied sharply into the target zone on news of collaboration with SNAP.,Target Zone Reached (Early / Missed Entry),2020-12-10T19:39:05Z
213,AYX,Inactive,2020-12-01T14:18:46.971Z,Intermediate-Term (3-8 weeks),119.84,Short,None,122.38 - 126.82,108.3 - 103.5,> 131.26,The weekly cycle analysis suggests that AYX is in a corrective period. The next intermediate-term low is due 2/8 - 3/15. Weekly momentum is negative. The daily cycle analysis suggests that AYX is in a short-term rising phase. The next short-term low is due between 12/24 - 1/11. We are looking for a trading range to form in AYX between the short-term resistances and the prior cycle low supports. Please see the AYX Trade Idea video for a walk through of the analysis. Update 12/4: revised favorable entry and re-evaluation level.,AYX has traded through the re-evaluation level. Overall weekly pattern still suggests a  weekly bear flag forming. The next intermediate-term low is due 2/8 - 3/15.,Re-evaluation Level Hit,2020-12-22T14:59:13Z
212,/6B,Inactive,2020-11-30T13:35:28.450Z,Intermediate-Term (3-8 weeks),1.3331,Long,None,1.3192 - 1.3128,1.3358 - 1.3495,< 1.3063,The weekly cycle analysis suggests that the British Pound Future (/6B) is in a rising phase. Weekly momentum is positive. The daily cycle analysis suggests that the /6B is due to form a short-term low between 11/18 - 12/4. A swamped cycle is forming - which suggests that any pullback in the near-term is likely to be short-lived. We are targeting a move to the short-term Fibonacci extension zone on the upside. Please see the /6B Trade Idea video for a walk through of the analysis.,/6B had a very minor pullback to the Slim Ribbons and has now continued higher into the target zone. We inactivated the Trade Idea.,Pending / Inactive,2020-12-03T13:21:15Z
211,/ZW,Inactive,2020-11-27T02:07:29.912Z,Intermediate-Term (3-8 weeks),595.5,Short,None,610.25 - 624.0,"585.25 - 575.0, 566.5 - 558.25",> 633.25,The weekly cycle analysis suggests that /ZW has formed an intermediate-term high and is in a corrective period. Weekly momentum is now negative. The next intermediate-term low is due in the end of December. The daily cycle analysis suggests that /ZW may have formed an early cycle high and is entering into a corrective period. The next short-term low is due 12/14 - 12/25.  Please see the /ZW Trade Idea video walk through.,The conditions for this Trade Idea have been satisfied. /ZW tested the favorable entry and has now traded into the first target zone. Lower targets remain valid.,Target Zone Reached,2020-11-30T19:09:42Z
210,FXI,Inactive,2020-11-24T14:11:00.450Z,Intermediate-Term (3-8 weeks),47.39,Long,None,47.29 - 45.96,50.09 - 51.79,< 45.02,The weekly cycle analysis suggests that FXI is in a rising phase. There is a mid-cycle low due in the end of November. Weekly momentum is positive. The daily cycle analysis suggests that FXI is due to form a short-term low. The short-term low is due 11/6 - 11/23. The daily Slim Ribbon is configured positively. The stock is testing a short-term support zone. We are targeting a short-term Fibonacci extension zone on the upside. Please see the FXI Trade Idea video walk through.,"FXI is still trading above the favorable entry. However, the stock has struggled to get a significant rally off the short-term timing. Given that we are early in a short-term rising phase - we would consider this to be a warning sign. We are inactivating the Trade Idea.",Pending / Inactive,2020-11-30T14:39:18Z
209,LOW,Inactive,2020-11-23T14:13:19.481Z,Intermediate-Term (3-8 weeks),150.7,Short,None,156.97 - 160.14,"145.85 - 141.45, 135.86 - 128.75",> 163.31,The weekly cycle analysis suggests that LOW formed an early top and is in a corrective period. Weekly momentum is negative. The daily cycle analysis suggests that LOW is in a corrective period on the dominant cycle. There is a mid-cycle low due around now - we are looking for a bear flag to form. There is a head and shoulders on the daily chart and we have now broken below the neckline. We are targeting a move to the short-term and intermediate-term Fib extension zones. Please see the LOW Trade Idea video walk through.,LOW traded to within 2.4% of the target zone and is now entering the projected daily timing for a short-term low to form. We are inactivating the Trade Idea.,Pending / Inactive,2020-12-08T15:52:20Z
208,TFC,Inactive,2020-11-20T02:42:45.095Z,Intermediate-Term (3-8 weeks),46.9,Long,None,46.03 - 44.89,"49.59 - 52.18, 52.56 - 57.38",< 43.74,The weekly cycle analysis suggests that TFC is early in an intermediate-term rising phase. There is a minor cycle low due in the end of November. Weekly momentum is positive. The daily cycle analysis suggests that TFC is due to form a short-term high and enter into a short-term corrective period. The next short-term low is due 11/25 - 12/8. The Slim Ribbon on the daily is positive.,"TFC is still trading above the favorable entry. However, the stock has failed to get a meaningful rally off the short-term timing. We are inactivating this Trade Idea.",Pending / Inactive,2020-12-09T18:57:36Z
207,CVX,Inactive,2020-11-19T14:27:27.125Z,Short-Term (1-3 weeks),83.71,Long,None,81.81 - 79.54,87.9 - 89.18,< 77.26,The weekly cycle analysis suggests that CVX is early in an intermediate-term rising phase. Weekly momentum is now positive. The daily cycle analysis suggests that CVX is in a short-term corrective period. The next short-term low is due 11/20 - 11/27. There are minor supports just below prior levels. We are targeting a move to re-test the highs from 11/18 and the prior daily cycle high resistance. Please see the CVX Trade Idea post for the video walk through.,CVX traded to within 1.5% of the favorable entry and has now traded into the S-T Target Zone.,Target Zone Reached (Early / Missed Entry),2020-11-23T21:09:24Z
206,RIO,Inactive,2020-11-18T14:18:38.811Z,Intermediate-Term (3-8 weeks),63.26,Long,None,61.12 - 59.54,"64.16 - 66.55, 70.99 - 74.67",< 58.41,"The weekly cycle analysis suggests that RIO is early in an intermediate-term rising phase. Weekly momentum is now positive. The daily cycle analysis suggests that RIO is in a short-term rising phase. The next projected short-term low is due 12/1 - 12/16. The Slim Ribbon on the daily is positive. We are targeting a move to the intermediate-term 78.6% Fib and the prior cycle high. If the stock breaks through that area, we would target the intermediate-term Fib extension zone.",RIO continues to rally and is now trading in the short-term target zone. We will look to establish a new Trade Idea on a pullback.,Pending / Inactive,2020-11-24T14:12:39Z
205,VALE,Inactive,2020-11-17T14:24:43.355Z,Short-Term (1-3 weeks),12.14,Long,None,11.8 - 11.31,12.86 - 13.26,< 11.09,The weekly cycle analysis suggests that VALE is very early in an intermediate-term rising phase. Weekly momentum is positive. The intermediate-term low was due 10/12 - 11/9. The daily cycle analysis suggests that VALE is early in a short-term rising phase. There are rising short-term supports just below current levels. We are targeting a move to the short-term Fibonacci extension zone on the upside. The VALE video walk through will be available by 10 AM ET.,VALE only got within 2.8% of the favorable entry and has now traded to the target zone. We will look to establish a new Trade Idea on a pullback.,Target Zone Reached (Early / Missed Entry),2020-11-17T17:53:59Z
204,IBM,Inactive,2020-11-16T14:16:54.142Z,Intermediate-Term (3-8 weeks),118.11,Short,None,117.22 - 120.71,111.2 - 108.88,> 124.2,The weekly cycle analysis suggests that IBM is in a corrective period. The next intermediate-term low is due 2/8 - 3/15. Weekly momentum is negative. The daily cycle analysis suggests that IBM is in a short-term rising phase. The stock is testing a short-term resistance zone. We are targeting a move to the 61.8% and 78.6% Fibonacci support zone. Please see the IBM Trade Idea for a walk through of the analysis.,IBM has broken through the short-term resistances and traded above the re-evaluation.,Re-evaluation Level Hit,2020-11-24T18:11:21Z
203,EBAY,Inactive,2020-11-13T14:03:19.653Z,Intermediate-Term (3-8 weeks),46.59,Short,None,48.7 - 50.76,44.72 - 43.54,> 52.23,The weekly cycle analysis suggests that EBAY is in a corrective period. Weekly momentum is negative. The next intermediate-term low is due 1/18 - 3/8. The daily cycle analysis suggests that EBAY broke below its key daily cycle low and is in a corrective period. The next short-term low is due 12/17 - 1/4. The Slim Ribbon is firmly configured negatively. There are minor resistances just above current levels. We are targeting a move to the 100% Fib extension and the major 50% Fib retracement. Update 11/30/20 - we have updated the EBAY daily cycle analysis for the late low that formed. Please see the new EBAY Trade Idea video for a walk through of the updated analysis.,"EBAY is still trading in the favorable entry range. However, the stock is chopping sideways. Weekly pattern is still negative. We will look to establish a new Trade Idea in early January when risks are higher for another move on the downside.",Pending / Inactive,2020-12-11T14:21:00Z
202,VLO,Inactive,2020-11-12T14:16:43.964Z,Short-Term (1-3 weeks),49.79,Long,None,46.06 - 42.97,54.56 - 56.18,< 40.78,The weekly cycle analysis suggests that VLO has likely formed an intermediate-term low. Weekly momentum is now positive. The daily cycle analysis suggest that VLO is in a short-term rising phase. The next short-term low is due 11/23 - 11/30. The Slim Ribbon on the daily is now positive. There are minor supports just below current levels. We are targeting a move to the short-term 78.6% Fib and a prior daily cycle high resistance.,VLO got within 1.8% of the favorable entry and is now trading in the target zone. We inactivated the Trade Idea.,Target Zone Reached (Early / Missed Entry),2020-11-16T14:33:03Z
201,DHI,Inactive,2020-11-11T14:29:18.094Z,Intermediate-Term (3-8 weeks),70.92,Long,None,69.7 - 66.14,77.7 - 81.21,< 62.58,The weekly cycle analysis suggests that DHI is due to form an intermediate-term low. The low is due 10/12 - 11/30. Weekly momentum remains negative. The daily cycle analysis suggests that DHI is due to form a short-term low. The low is due 11/2 - 11/10. The Slim Ribbon on the daily is negative. The stock formed a bullish tweezer pattern post-earnings on high volume. There are intermediate-term supports just below current levels. We are targeting a move to the 78.6% Fibonacci retracement and the prior weekly cycle high resistance. Please see the DHI Trade Idea video for a walkthrough of the analysis.,The conditions for this Trade Idea have been satisfied. DHI has now traded to within 1.5% of the target zone. We will look to establish a new Trade Idea on a pullback.,Target Zone Reached,2020-11-19T17:20:07Z
200,LULU,Inactive,2020-11-09T00:06:12.393Z,Short-Term (1-3 weeks),343.8,Long,None,331.72 - 323.22,364.42 - 379.84,< 314.72,The weekly cycle analysis suggests that LULU is due to form an intermediate-term low. The low is due 11/2 - 12/7. Weekly momentum is now positive. The daily cycle analysis suggests that LULU is early in a short-term rising phase. The short-term low was due 10/26 - 11/13. There are short-term supports below current levels. We are targeting a move up to the short-term Fib extension zone from 364.42 - 379.84. Please see the LULU Top Chart of the Week for a review of the analysis.,Broke through re-evaluation. Left-hand translation setting up on the daily. Next short-term low due in late-Dec.,Re-evaluation Level Hit,2020-11-10T15:45:40Z
199,TOL,Inactive,2020-11-06T13:56:00.564Z,Short-Term (1-3 weeks),46.7,Long,None,45.81 - 44.36,48.62 - 50.42,< 43.34,The weekly cycle analysis suggests that TOL is due to form an intermediate-term low. The intermediate-term low is due 9/28 - 10/26. Weekly momentum is negative. The daily cycle analysis suggests that TOL is early in a short-term rising phase. The short-term low was due 10/29 - 11/6. The Slim Ribbon on the daily is close to neutralizing. There are minor supports below current levels. We are targeting a move to the short-term 78.6% Fib and the prior daily cycle high. Please see the TOL Trade Idea video for a walk through of the analysis.,TOL has violated the re-evaluation level. An intermediate-term low is still due to form.,Re-evaluation Level Hit,2020-11-09T15:05:49Z
198,V,Inactive,2020-11-04T14:52:42.034Z,Short-Term (1-3 weeks),192.25,Short,None,193.66 - 197.03,187.64 - 182.83,> 201.84,The weekly cycle analysis suggests that V is in a corrective phase and forming a bear flag. The next intermediate-term low is due 11/30 - 1/4. Weekly momentum is negative. The daily cycle analysis suggests that V is in a short-term corrective phase and forming a bear flag. The next short-term low is due in mid-November. We are testing a short-term resistance zone. Targets are the short-term supports.,V will open above the re-evaluation level. We inactivated the Trade Idea.,Re-evaluation Level Hit,2020-11-09T13:18:28Z
197,TLT,Inactive,2020-11-04T14:12:00.086Z,Short-Term (1-3 weeks),161.3,Long,None,160.12 - 158.86,162.0 - 163.23,< 157.96,"The weekly cycle analysis suggests that the TLT is due to form an intermediate-term low. Weekly momentum remains negative. The daily cycle analysis suggests that the TLT is due to form a short-term low. The short-term low is due 10/21 - 11/3. There was a large reversal to the upside in the TLT after the close on Tuesday and its holding its gains into the open. We are looking for a bull flag to form on an hourly basis to re-test minor supports. We are targeting a move to the short-term resistances. On 11/5, we updated the favorable entry and re-evaluation level. The analysis presented in the video remains the same.",TLT will open below the re-evaluation level. We inactivated the Trade Idea.,Re-evaluation Level Hit,2020-11-09T13:13:14Z
196,APD,Inactive,2020-11-02T14:35:00.213Z,Near-Term (1-5 days),276.24,Short,None,282.39 - 285.82,269.95 - 260.33,> 289.25,The weekly cycle analysis suggests that APD is in a declining phase. Weekly momentum is negative. There is a mid-cycle low on the weekly due in mid-November. The daily cycle analysis suggests that APD is in a short-term declining phase. The next short-term low is due 10/29 - 11/13. The stock has broken down out of a head and shoulders pattern on the daily and is forming a bear flag. Note: APD has earnings 11/11 pre-market. We will inactivate this Trade Idea before earnings. Please see the APD Trade Idea video for a walk through of the analysis.,APD broke through the minor resistance and has traded above the re-evaluation. The daily cycle low was due 10/29 - 11/13. The stock bottomed at the early part of this projected timing.,Re-evaluation Level Hit,2020-11-03T14:35:37Z
195,GS,Inactive,2020-10-30T12:40:59.089Z,Short-Term (1-3 weeks),188.74,Short,None,196.25 - 202.03,183.45 - 178.04,> 206.14,The weekly cycle analysis suggests that GS made an early cycle high and is in a declining phase. The stock is very close to a breakdown. Weekly momentum is negative. There is a mid-cycle low due in mid-November. The daily cycle analysis suggests that GS is in a short-term declining phase. The next projected short-term low is due 11/10 - 11/20. The Slim Ribbon is negative on the daily. There are minor resistances above current levels. We are targeting a move down to the Fib Support confluences. See the GS Trade Idea video for a walk through of the analysis.,GS will open above the re-evaluation level. We inactivated the Trade Idea.,Re-evaluation Level Hit,2020-11-09T13:12:40Z
194,MMM,Inactive,2020-10-28T13:22:12.068Z,Short-Term (1-3 weeks),159.25,Short,None,162.54 - 166.22,157.12 - 152.16,> 167.87,"The weekly cycle analysis suggests that MMM has likely formed an intermediate-term high and is entering a corrective period. Weekly momentum is now negative. The next intermediate-term low is due 12/14 - 1/18. The daily cycle analysis suggests that MMM is in a short-term corrective period. The next short-term low is due 11/19 - 12/4. The Slim Ribbon on the daily, which is what we use to measure daily momentum has now neutralized. There are minor resistances just above current levels. We are targeting a move down to the lower short-term Fibonacci supports.",The conditions for this Trade Idea have been satisfied. MMM tested the favorable entry and has now traded to within 0.6% of the target zone. We will look to establish a new TI on a rebound.,Target Zone Reached,2020-10-28T15:39:27Z
193,DFS,Inactive,2020-10-26T13:13:14.382Z,Short-Term (1-3 weeks),68.0,Long,None,65.53 - 64.54,68.77 - 70.4,< 63.55,The weekly cycle analysis suggests that DFS is in a rising phase. The next intermediate-term low is due 12/28 - 2/1. Weekly momentum is positive. The daily cycle analysis suggests that DFS is early in a short-term rising phase. The short-term low was due 10/6 - 10/20. The Slim Ribbon is firmly configured positively on the daily. There are rising short-term supports just below current levels. We are targeting a move to a Fib extension zone on the upside.,DFS has now traded below the re-evaluation. This suggests that we formed an early high in the daily cycle. We inactivated the Trade Idea.,Re-evaluation Level Hit,2020-10-28T13:34:26Z
192,IBM,Inactive,2020-10-23T13:03:57.408Z,Short-Term (1-3 weeks),115.76,Short,None,118.47 - 121.86,112.53 - 108.5,> 124.27,"The weekly cycle analysis suggests that IBM had an early breakdown below its key weekly cycle low and is in a declining phase. Weekly momentum is negative. The weekly low was due 8/10 - 9/21. The daily cycle analysis suggests that IBM is due to form a short-term low. The short-term low is due 10/15 - 10/22. Given the negative cycle configuration on both the weekly and daily, the odds favor that a short-term rally will fail in the minor resistance zone. We are targeting a move to the short-term Fib extension zone. Please review the IBM Trade Idea video for a walk through of the analysis.",IBM got within 1.5% of the favorable entry and has now traded into the target zone. We inactivated the Trade Idea.,Target Zone Reached (Early / Missed Entry),2020-10-27T12:06:16Z
191,ADI,Inactive,2020-10-21T13:31:31.257Z,Short-Term (1-3 weeks),123.62,Long,None,121.72 - 118.78,127.34 - 131.93,< 116.68,The weekly cycle analysis suggests that ADI is early in an intermediate-term rising phase. The intermediate-term low was due 8/3 - 9/7. Weekly momentum is positive. The daily cycle analysis suggests that ADI is in a short-term rising phase and has a mid-cycle low due. There is a bull flag forming on the daily and the Slim Ribbon is positive. The next short-term low is due 11/13 - 12/2. There are minor supports just below current levels. We are targeting a Fib extension zone on the upside. Please see the ADI Trade Idea video for a walk through of the analysis.,"Stock is still in the upper-end of the favorable entry. However, the stock has failed to get a rally off the Fibonacci supports - we are inactivating the Trade Idea.",Pending / Inactive,2020-10-27T19:57:35Z
190,Z,Inactive,2020-10-20T13:27:46.958Z,Short-Term (1-3 weeks),98.45,Short,None,101.46 - 103.57,95.79 - 91.84,> 105.68,"The weekly cycle analysis suggests that Z is in the late stages of a rising phase and showing signs of stalling. Weekly momentum remains positive. The stock is extremely extended from its 34 week moving average and now showing signs of mean reversion. The next intermediate-term low is due 10/19 - 12/14. The daily cycle analysis suggests that Z has had an early breakdown below its daily cycle low and is in a declining phase. The next short-term low is due 11/3 - 11/12. The Slim Ribbon, which is what we use to monitor daily momentum, has neutralized. There are minor resistances above current levels. We are targeting a short-term support zone on the downside. Please see the Z Trade Idea video for a walk through of the analysis. (10/23: Updated favorable entry and re-evaluation)",Z only traded to within 2.75% of the favorable entry and has now traded into the target zone.,Target Zone Reached (Early / Missed Entry),2020-10-26T14:13:19Z
189,TFC,Inactive,2020-10-19T13:17:41.623Z,Short-Term (1-3 weeks),41.65,Long,None,40.8 - 39.92,43.74 - 44.73,< 39.05,The weekly cycle analysis suggests that TFC formed its weekly cycle low and is now in a rising phase. Weekly momentum is positive. The next intermediate-term low is due 1/25 - 3/8. The daily cycle analysis suggests that TFC is due to form a short-term low. The short-term low is due 10/16 - 10/26. The stock is forming a bull flag. The Slim Ribbon is now firmly configured positively. There are minor supports below current levels. We are targeting a move to the short-term 78.6% Fib and the base of the Fib extension/target zone. Please see  the TFC Trade Idea video for a walk through of the analysis.,TFC traded to within 1.4% of the favorable entry and is now trading in the target zone. We inactivated the Trade Idea.,Target Zone Reached (Early / Missed Entry),2020-10-23T13:30:46Z
188,ASHR,Inactive,2020-10-15T13:14:19.087Z,Short-Term (1-3 weeks),35.97,Long,None,35.43 - 34.7,36.96 - 37.9,< 34.18,The weekly cycle analysis suggests that ASHR is early in an intermediate-term rising phase. Weekly momentum is now positive. The intermediate-term low was due 7/20 - 9/21. The daily cycle analysis suggests that ASHR is in a short-term rising phase. The Slim Ribbon on the daily is now positive. There are short-term supports below current levels. We are targeting a short-term Fib extension zone on the upside.  Please see the ASHR Trade Idea video for a walk through of the analysis.,ASHR is due to make a mid-cycle low on the weekly in the middle of November. We will look to establish a new Trade Idea.,Pending / Inactive,2020-10-26T12:05:33Z
187,/CL,Inactive,2020-10-14T13:37:05.511Z,Intermediate-Term (3-8 weeks),40.85,Long,None,39.67 - 38.41,43.45 - 45.3,< 37.51,The weekly cycle analysis suggests that /CL is due to form an intermediate-term low and is forming a bull flag. Weekly momentum remains negative. The intermediate-term low is due 8/17 - 10/5. The daily cycle analysis suggests that /CL is in a short-term rising phase. The Slim Ribbon on the daily is now neutral. There are short-term supports below current levels. We are targeting a Fib extension zone on the upside. Please see the /CL Trade Idea video for a walk through of the analysis.,/CL rallied over 5% off the favorable entry but then failed at the prior daily cycle high and has now traded below the re-evaluation. We inactivated the Trade Idea.,Re-evaluation Level Hit,2020-10-28T13:22:08Z
186,GS,Inactive,2020-10-13T17:31:57.720Z,Short-Term (1-3 weeks),210.67,Long,None,207.4 - 202.78,216.81 - 225.24,< 199.48,"The weekly cycle analysis suggests that GS is early in an intermediate-term rising phase. Weekly momentum is now positive. The weekly low formed 2 weeks later than the projected timing. The daily cycle analysis suggests that GS is in a rising phase. There is a mid-cycle low on the daily due in the middle of October. There are minor supports below current levels. Please note GS has earnings 10/14 pre-market. Please see the GS Trade Idea video, we also walk through the revision to the XLF weekly cycle.","GS is still trading at the top of the favorable entry. However the stock failed to get above minor resistance on 10/20, this is  a warning sign for the short-term. We inactivated the Trade Idea.",Pending / Inactive,2020-10-21T13:51:02Z
185,MDT,Inactive,2020-10-12T12:38:30.575Z,Intermediate-Term (3-8 weeks),108.68,Long,None,107.35 - 105.72,112.38 - 117.25,< 104.55,The weekly cycle analysis suggests that MDT has formed an intermediate-term low. Weekly momentum is positive. The daily cycle analysis suggests that MDT is in a short-term rising phase. The Slim Ribbon is now positive. We are looking for a tight bull flag to form on MDT to set up follow-through on the upside. We are targeting a Fib extension zone on the upside. There are minor supports just below current levels. Please see the MDT Trade Idea video for a walk through of the analysis.,The conditions for this Trade Idea have been satisfied. MDT tested the favorable entry and has now traded to within 1% of the target zone.,Target Zone Reached,2020-10-19T14:02:27Z
184,TLT,Inactive,2020-10-09T00:58:58.380Z,Short-Term (1-3 weeks),160.12,Short,None,161.25 - 162.83,158.11 - 155.63,> 163.96,The weekly cycle analysis suggests that TLT is in a corrective period. Weekly momentum is negative. The next intermediate-term low is due between the middle-to-end of October. The daily cycle analysis suggests that TLT is in the late-stages of a dominant daily cycle. We are looking for a bear flag to form on the daily to set up one more test lower. There are minor resistances above current levels. We are targeting a short-term Fibonacci extension zone on the downside. Please see the TLT Trade Idea post for the weekly/daily cycle analysis.,The conditions for this Trade Idea have been satisfied. TLT tested the favorable entry and is now trading in the target zone. We inactivated the Trade Idea.,Target Zone Reached,2020-10-21T13:32:49Z
183,MDT,Inactive,2020-10-08T01:13:31.889Z,Intermediate-Term (3-8 weeks),105.66,Long,None,105.11 - 102.57,"109.24 - 110.63, 112.38 - 117.25",< 100.75,"The weekly cycle analysis suggests that MDT is due to form an intermediate-term low. The intermediate-term low is due 9/14 - 11/2. Weekly momentum remains negative. The daily cycle analysis suggests that MDT is due to form a short-term low. The short-term low is due 10/2 - 10/19. The Slim Ribbon is close to neutralizing on the daily. There are short-term supports just below current levels. We are targeting a move to re-test the recent swing highs. If we get through this area, we would target the intermediate-term Fib extension zone. Please see the MDT Trade Idea post for the weekly/daily cycle analysis.",MDT caught a series of upgrades in the pre-market on 10/8. The stock traded up to the short-term targets. We will monitor for another Trade Idea.,Target Zone Reached (Early / Missed Entry),2020-10-09T01:00:35Z
182,JD,Inactive,2020-10-07T02:47:59.179Z,Short-Term (1-3 weeks),76.69,Long,None,74.59 - 71.76,80.92 - 83.41,< 70.09,The weekly cycle analysis suggests that JD is in a rising phase with positive weekly momentum. The weekly low was due 8/17 - 9/14. The daily cycle analysis suggests that JD is forming a bullish consolidation and due to form a short-term low. The short-term low is due 10/1 - 10/12. There are lower short-term supports just below current levels. We are targeting a move to the short-term resistances. Please refer to the weekly/daily cycle analysis posted in the JD.com Trade Idea post for further detail.,JD is now trading in the short-term target zone. We have inactivated the Trade Idea.,Target Zone Reached (Early / Missed Entry),2020-10-12T12:10:35Z
181,/CL,Inactive,2020-10-06T01:08:26.197Z,Short-Term (1-3 weeks),39.32,Long,None,38.41 - 37.51,41.08 - 42.36,< 36.29,The weekly cycle analysis suggests that /CL is due to form an intermediate-term low. The low is due 8/17 - 10/5. Weekly momentum remains negative. The daily cycle analysis suggests that /CL is due to form a short-term low. The short-term low is due to form between 10/2 - 10/12. There are short-term supports just below current levels. We are targeting a move to the short-term 78.6% Fib and the prior daily cycle high. Please refer to the /CL weekly/daily cycle analysis shown on the Trade Idea post for further detail.,/CL has now traded up to the target zone. It only traded to within 1.8% of entry.,Target Zone Reached (Early / Missed Entry),2020-10-08T13:17:04Z
180,AAPL,Inactive,2020-10-04T23:41:50.980Z,Short-Term (1-3 weeks),113.02,Short,None,116.42 - 120.54,106.53 - 99.11,> 124.66,The weekly cycle analysis suggests that AAPL is in a declining phase with negative momentum. The next intermediate-term low is due 10/19 - 11/23. The daily cycle analysis suggests that AAPL is in a corrective period on the dominant daily cycle. The next projected short-term low is due 10/7 - 10/22. The Slim Ribbon has neutralized. We would expect the stock to trade in a range between the short-term resistances and the lower intermediate-term supports between now and the middle of October. Please refer to the AAPL weekly/daily cycle analysis shown on the Trade Idea post for further detail.,AAPL broke through the resistance zone and has now traded above the re-evaluation. We inactivated the Trade Idea.,Re-evaluation Level Hit,2020-10-12T18:14:17Z
179,USD/CAD,Inactive,2020-10-02T13:19:38.738Z,Short-Term (1-3 weeks),1.3324,Short,None,1.3354 - 1.3396,1.3206 - 1.3156,> 1.3443,The weekly cycle analysis suggests that the USD/CAD is in the later-stages of its weekly cycle. This is a period of time that has greater risk of a downside-move. Weekly momentum is currently positive. The next intermediate-term low is due 10/26 - 11/23. The daily cycle analysis suggests that the USD/CAD has just formed a short-term low and is in a short-term rising phase. The sum of the evidence suggests that the USD/CAD will likely rally for a few days and then get a failure on the downside. The next short-term low is due 10/23 - 11/2. There is a Fibonacci resistance confluence zone on the upside. We are targeting a lower short-term support zone on the downside. Please see the USD/CAD Trade Idea video for a walk through of the analysis.,The conditions for this Trade Idea have been satisfied. USD/CAD tested within 0.1% of the favorable entry and has now traded down to the target zone.,Target Zone Reached,2020-10-08T16:33:53Z
178,AUD/USD,Inactive,2020-10-01T13:22:31.521Z,Intermediate-Term (3-8 weeks),0.72,Long,None,0.7169 - 0.7094,0.7395 - 0.7473,< 0.7019,The weekly cycle analysis suggests that the AUD/USD is due to form an intermediate-term low. The intermediate-term low is due 8/17 - 9/21. Weekly momentum is negative. The daily cycle analysis suggests that the AUD/USD is due to form a short-term low. The short-term low is due 9/25 - 10/14. The Slim Ribbon on the daily remains negative. There are short-term supports below current levels. We are targeting a Fibonacci extension confluence zone on the upside. Please see the AUD/USD Trade Idea video for a walk through of the analysis.,"AUD/USD is still trading at the top of the favorable entry. However, AUD/USD failed to break through the short-term resistance. This is a warning sign on the short-term. We inactivated the Trade Idea.",Pending / Inactive,2020-10-13T14:41:23Z
177,NFLX,Inactive,2020-09-30T13:34:26.931Z,Short-Term (1-3 weeks),493.27,Short,None,496.53 - 508.25,"469.56 - 457.63, 444.42 - 429.66",> 519.96,The weekly cycle analysis suggests that NFLX broke below its key weekly cycle low and is in a corrective period. The weekly momentum is now negative. The next weekly low is due 11/16 - 12/14. The daily cycle analysis suggests that NFLX is in a short-term rising phase. There are short-term resistances just above current levels. We are targeting two Fibonacci confluences on the downside. Please note: NFLX has earnings 10/20 after-hours - we will be inactivating this Trade Idea before earnings. The video walk through will be available around 10 AM ET.,NFLX moved through the resistances and has traded through the re-evaluation. We inactivated the Trade Idea.,Re-evaluation Level Hit,2020-10-01T18:48:38Z
176,DIS,Inactive,2020-09-29T13:02:46.108Z,Short-Term (1-3 weeks),125.99,Short,None,127.03 - 128.96,122.63 - 119.18,> 130.89,The weekly cycle analysis suggests that DIS has formed an intermediate-term high and is in a corrective phase. Weekly momentum is negative. The next intermediate-term low is due 12/7 - 12/28. The daily cycle analysis suggest that DIS had an early breakdown of its daily cycle and is in a corrective phase. The next short-term low is due 10/6 - 10/12. The Slim Ribbon on the daily is configured negatively. The stock is testing a short-term resistance zone. We are targeting a move down to the lower intermediate-term supports. Please see the DIS Trade Idea video for a walk through of the analysis.,The conditions for this Trade Idea have been satisfied. DIS tested within 0.5% of the favorable entry and has now traded down to the target zone.,Target Zone Reached,2020-10-01T18:18:45Z
175,MRVL,Inactive,2020-09-28T13:04:29.704Z,Intermediate-Term (3-8 weeks),38.55,Long,None,37.97 - 36.94,"40.36 - 41.34, 42.02 - 44.58",< 35.9,"The weekly cycle analysis suggests that MRVL is early in an intermediate-term rising phase. Weekly momentum is positive. The daily cycle analysis suggests that MRVL is due to form a short-term low between 10/2 - 10/16. The Slim Ribbon on the daily is positive. The stock is testing a short-term support zone. We are targeting a move to the short-term 78.6% Fib and the prior cycle high. If the stock gets through this zone, we would target the intermediate-term Fib extension zone. Please see the MRVL Trade Idea video for a walk through of the analysis.",MRVL is now testing the short-term targets. Intermediate-term targets remain valid.,Target Zone Reached (Early / Missed Entry),2020-09-29T14:13:51Z
174,V,Inactive,2020-09-25T13:13:30.617Z,Short-Term (1-3 weeks),195.52,Short,None,198.89 - 202.45,195.41 - 192.87,> 204.98,The weekly cycle analysis suggests that V has likely formed an early intermediate-term high and is in a declining phase. Weekly momentum is negative. The next intermediate-term low is due 11/30 - 1/4. The daily cycle analysis suggests that V is in a short-term declining phase. The next short-term low is due 10/5 - 10/14. The Slim Ribbon on the daily is negative. There are minor resistances just above current levels. We are targeting a move to the Fibonacci Support confluences on the downside. Please see the V Trade Idea video for a walk through of the analysis. Update 9/29/20: We have updated the target zone. Overall analysis presented in the video remains the same.,V broke through the resistances and has now traded above the re-evaluation. The resumption of stimulus talks was the likely catalyst that sent the stock higher. We inactivated the Trade Idea. The overall weekly pattern still suggests that an intermediate-term top formed.,Re-evaluation Level Hit,2020-10-01T15:28:30Z
173,SQ,Inactive,2020-09-24T13:48:10.555Z,Short-Term (1-3 weeks),149.95,Short,None,152.31 - 156.62,140.88 - 133.86,> 162.78,The weekly cycle analysis suggests that SQ has likely formed an intermediate-term high. Weekly momentum is now negative. The next intermediate-term low is due 11/9 - 12/21. The daily cycle analysis suggests that SQ is in a short-term rising phase and showing signs of stalling. The next short-term low is due 9/30 - 10/7. The stock is testing an upper minor resistance zone. We are targeting a move to the lower intermediate-term supports. Please see the SQ Trade Idea video for a walk through of the analysis.,SQ has moved through the minor resistance and has now traded above the re-evaluation. We inactivated the Trade Idea.,Re-evaluation Level Hit,2020-09-28T13:37:13Z
172,FB,Inactive,2020-09-23T12:48:12.051Z,Short-Term (1-3 weeks),254.75,Short,None,257.51 - 265.78,244.38 - 236.51,> 271.66,The weekly cycle analysis suggests that FB made an early top is in a declining phase. The next intermediate-term low is due 10/26 - 12/7. Weekly momentum is negative. The daily cycle analysis suggests that FB is forming a left hand translation - this is a very negative pattern. The next short-term low is due 9/29 - 10/12. The Slim Ribbon is configured negatively. There are minor resistances above current levels. We are targeting a retest of the Fibonacci support confluence zone on the downside. Please see the FB Trade Idea video for a walk through of the analysis.,FB got within 0.5% of the target zone and has now reversed back to the favorable entry. There is a likelihood that the stock made an early low. We are inactivating the Trade Idea.,Pending / Inactive,2020-09-29T13:16:57Z
171,ATVI,Inactive,2020-09-22T13:09:21.037Z,Short-Term (1-3 weeks),81.41,Long,None,79.83 - 77.12,85.15 - 87.73,< 75.68,The weekly cycle analysis suggests that ATVI is due to form an intermediate-term low. The low is due between 8/17 - 10/19. Weekly momentum remains negative. The daily cycle analysis suggests that ATVI is due to form a short-term low. The short-term low is due between 9/10 - 9/18. The Slim Ribbon on the daily is negative. The stock is showing signs of bottoming. There are minor supports below current levels. We are targeting a move to re-test recent swing highs. Please see the ATVI Trade Idea video for a walk through of the analysis.,"ATVI is still above the favorable entry. However, the strong reversal yesterday lowers the odds of a very strong performance in this short-term rising phase. We have inactivated the Trade Idea.",Pending / Inactive,2020-09-24T17:47:26Z
170,V,Inactive,2020-09-18T13:31:41.288Z,Short-Term (1-3 weeks),206.1,Short,None,208.13 - 210.31,"200.1 - 198.11, 195.41 - 192.87",> 213.4,The weekly analysis suggests that V is in a rising phase with positive momentum. The stock failed from the intermediate-term Fibonacci extension zone. There is a potential that V is in the process of making an early intermediate-term top. We would need to see weekly momentum turn negative to confirm this scenario. The daily analysis suggests that V is in a short-term rising phase. The next short-term low is due 10/5 - 10/14. We see the likelihood of a range forming in the short-term. There are upper short-term resistances above current levels. We are targeting Fibonacci support confluences on the downside. Please see the V Trade Idea video for a walk through of the analysis.,V got within 1.2% of the favorable entry and is now trading in the target zone in the pre-market. We have inactivated the Trade Idea.,Target Zone Reached (Early / Missed Entry),2020-09-21T12:56:45Z
169,QRVO,Inactive,2020-09-17T13:14:48.481Z,Short-Term (1-3 weeks),126.52,Long,None,124.33 - 119.71,134.55 - 137.17,< 116.42,The weekly cycle analysis suggests that QRVO has likely formed an intermediate-term low. The weekly low was due 7/13 - 9/14. Weekly momentum remains negative. The daily cycle analysis suggests that QRVO has likely formed a short-term low and is in a rising phase. The Slim Ribbon is very close to neutralizing from a negative condition. There are short-term supports below current levels. We are targeting a move to short-term Fibonacci extension zone on the upside. Please review the QRVO Trade Idea video - we provide a detailed walk through of how we do our analysis.,QRVO got within 1.4% of the target zone. We are inactivating the Trade Idea.,Target Zone Reached,2020-09-29T16:07:24Z
168,/GC,Inactive,2020-09-16T13:05:20.492Z,Short-Term (1-3 weeks),1977.4,Long,None,1949.4 - 1931.7,2024.6 - 2043.2,< 1906.4,"The weekly cycle analysis suggests that /GC is due to form a minor cycle low. Weekly momentum is negative. On the /GC daily chart, we have overlaid /SI's daily cycles. The analysis suggests that /SI is due to bottom in the next couple of days. Once /SI bottoms, the /GC daily analysis suggests that it is likely to have an impulse on the upside. Note: we have the Fed announcement at 2 PM ET today, that may cause a little bit of a shake out in Gold and set up the next move higher. There are lower short-term supports on the downside. We are targeting a move to recent swing highs and the short-term 78.6% Fib. Please see the /GC Trade Idea video for a walk through of the analysis.",/GC broke through the support zone and has now traded below the re-evaluation.,Re-evaluation Level Hit,2020-09-21T14:22:02Z
167,ASHR,Inactive,2020-09-15T13:40:39.944Z,Intermediate-Term (3-8 weeks),35.13,Long,None,34.64 - 33.82,36.37 - 37.11,< 33.25,The weekly cycle analysis suggests that ASHR is due to form an intermediate-term low. The intermediate-term low is due between 7/20 - 9/21. The daily cycle analysis suggests that ASHR is due to form a short-term low. The short-term low is due between 9/8 - 9/23. The stock is testing a short-term support zone. We are targeting a move to the Fibonacci extension zone on the upside. Please see the ASHR Trade Idea video for a walkthrough of the analysis.,"ASHR is still trading at the top of the favorable entry range. However, it has failed to have the upside impulse that we expected given where it is in its daily and weekly cycle. We have inactivated the Trade Idea.",Pending / Inactive,2020-09-23T14:06:57Z
166,ALLY,Inactive,2020-09-14T13:21:26.026Z,Intermediate-Term (3-8 weeks),23.91,Long,None,23.92 - 22.95,"25.57 - 25.88, 26.98 - 29.35",< 22.25,The weekly cycle analysis suggests that ALLY is in a rising phase with positive weekly momentum. The weekly low was due 7/27 - 9/14. The daily cycle analysis suggests that ALLY formed an early short-term low and is in a rising phase. The Slim Ribbon is configured positively. ALLY is forming a bull flag on the daily. There are short-term supports below current levels. We are targeting a short-term and intermediate-term Fibonacci extension zone on the upside. Please see the ALLY Trade Idea for a walk through of the analysis.,The conditions for this Trade Idea have been satisfied. ALLY tested the favorable entry and has now tested the target zone.,Target Zone Reached,2020-09-15T19:01:46Z
165,TSLA,Inactive,2020-09-11T13:24:16.317Z,Short-Term (1-3 weeks),382.15,Short,None,396.02 - 416.35,331.11 - 322.11,> 436.68,"The weekly cycle analysis suggests that TSLA may have formed an early cycle high. The stock reversed sharply to the downside after testing an important weekly Fibonacci extension zone. Weekly momentum is currently positive, we would need to see a shift in the momentum to confirm that we are in an intermediate-term declining phase. The daily cycle analysis suggests that TSLA is in a short-term corrective period. The next short-term low is due 9/23 - 10/6. Momentum on the daily, as measured by the Slim Ribbon, has neutralized. There are short-term resistances above current levels. We are targeting a short-term Fibonacci support confluence on the downside. Please review the TSLA Trade Idea video for a walk through of the analysis.",TSLA moved through the resistance zone and has closed above the re-evaluation level. We have inactivated the Trade Idea.,Re-evaluation Level Hit,2020-09-15T12:12:32Z
164,COST,Inactive,2020-09-10T13:20:00.715Z,Short-Term (1-3 weeks),346.43,Short,None,350.93 - 353.93,338.62 - 331.8,> 358.22,The weekly cycle analysis suggests that COST is late in a rising phase and due to have a pullback. The next intermediate-term low is due 10/19 - 12/14. Weekly momentum remains positive. The daily cycle analysis suggests that COST has likely formed a short-term high and is entering into a corrective phase. The next short-term low is due 9/21 - 10/1. The stock had a large bearish engulfing on 9/3 and has now tested the short-term 78.6% Fib. There are minor resistances above current levels. We are targeting a move back to the short-term 78.6% Fib and the prior daily cycle low support. Please see the COST Trade Idea video for a walk through of the analysis.,The conditions for this Trade Idea have been satisfied. COST tested within 0.83% of the favorable entry and has now traded into the target zone.,Target Zone Reached,2020-09-10T19:27:51Z
163,FB,Inactive,2020-09-09T13:05:32.295Z,Intermediate-Term (3-8 weeks),275.95,Short,None,283.65 - 288.61,267.4 - 255.89,> 295.68,"The weekly cycle analysis suggests that FB is in a rising phase. The next intermediate-term low is due between 10/12 - 12/14. Weekly momentum is positive. The stock is very extended from its 34-week moving average. This suggests that odds favor a pullback to relieve the overbought condition. The daily cycle analysis suggests that FB is due to form a mid-cycle low. There are minor resistances above current levels. We are targeting a lower short-term support zone on the downside. Please see the FB Trade Idea video - we discuss the weekly and daily analysis in much further detail. Updated 9/14: we have revised the favorable entry, target and re-evaluation. Overall analysis remains the same.",FB did not enter the favorable entry and is testing the intermediate-term supports. We have inactivated the Trade Idea.,Pending / Inactive,2020-09-16T19:48:19Z
162,JPM,Inactive,2020-09-08T13:26:21.677Z,Intermediate-Term (3-8 weeks),102.5,Long,None,102.08 - 99.38,"109.88 - 111.4, 114.79 - 121.32",< 97.47,The weekly cycle analysis suggests that JPM has formed an intermediate-term low and is early in a rising phase. Weekly momentum is positive. The daily cycle analysis suggests that JPM has just formed a short-term low and is early in a rising phase. The Slim Ribbon on the daily is positive. There are minor supports below current levels. Our targets are based on short-term and intermediate-term Fibonacci extensions. Please see the JPM Trade Idea video for a walk through of the analysis.,"JPM is still in the favorable entry. However, the stock is failing to get any significant rally in a potential rising phase on the daily. We are inactivating this Trade Idea.",Pending / Inactive,2020-09-10T17:02:49Z
161,BBY,Inactive,2020-09-04T03:31:57.743Z,Short-Term (1-3 weeks),108.7,Short,None,110.59 - 113.67,104.54 - 102.69,> 115.04,The weekly cycle analysis suggests that BBY is in a rising phase. Weekly momentum remains positive. There is a mid-cycle low due in the middle of September. BBY is in a very overbought condition relative to its 34-week moving average. The odds favor some mean reversion to relieve this overbought condition. The daily cycle analysis suggests that BBY has broken below its minor cycle low. This indicates that the stock has likely formed a short-term high. There are minor resistances just above current levels. We are targeting a move down to the Fibonacci support confluences on the downside. Please see the BBY Trade Idea video for a walk through of the analysis.,The conditions for this Trade Idea have been satisfied. BBY tested the favorable entry and is now trading in the target zone.,Target Zone Reached,2020-09-04T15:34:31Z
160,GS,Inactive,2020-09-03T13:01:16.796Z,Intermediate-Term (3-8 weeks),210.04,Long,None,209.06 - 204.19,"219.05 - 225.24, 234.57 - 245.44",< 200.72,"The weekly cycle analysis suggests that GS is forming an intermediate-term low. Weekly momentum is now positive. The intermediate-term low is due to form between 7/20- 9/7. The daily cycle analysis suggests that GS is due to form a short-term low. The next short-term low is due 8/28 - 9/2. There are minor supports just below current levels. Our first target is to re-test recent swing highs. If the stock gets above this area, we would target an intermediate-term Fib extension zone. Please see the GS Trade Idea for a walk through of the analysis.",GS failed to hold the minor supports and has now traded below the re-evaluation level.,Re-evaluation Level Hit,2020-09-10T18:33:27Z
159,CVS,Inactive,2020-09-02T13:58:04.196Z,Short-Term (1-3 weeks),60.49,Short,None,61.36 - 62.84,59.15 - 56.02,> 63.63,The weekly cycle analysis suggests that CVS has had a breakdown below the key weekly cycle low and is now in a declining phase. Weekly momentum is negative. The next intermediate-term low is due 10/26 - 12/14. The daily cycle analysis suggests that the stock is in a short-term declining phase. The next short-term low is due 9/14 - 9/28. The Slim Ribbon on the daily is also negative. There are minor resistances just above current levels.,The conditions for this Trade Idea have been satisfied. CVS tested the favorable entry and is now trading in the target zone.,Target Zone Reached,2020-09-04T15:27:25Z
158,/ZB,Inactive,2020-09-01T11:47:44.277Z,Short-Term (1-3 weeks),174.25,Short,None,175.11 - 176.17,171.28 - 169.09,< 177.11,The weekly cycle analysis suggests that the /ZB is in a corrective period. The next intermediate-term low is due in the middle of October. Weekly momentum is now negative. The daily cycle analysis suggests that the /ZB had an early breakdown below the key daily cycle low and is in a corrective period. The /ZB is testing a minor resistance zone. We are targeting a move down to the lower intermediate-term supports. Please see the /ZB Trade Idea video for a walk through of the analysis.,"The /ZB moved through the resistance zone and has now traded above the re-evaluation. The daily cycle low likely formed late. If we were in a negative condition on the short-term, we would not see a rally of this magnitude.",Re-evaluation Level Hit,2020-09-03T13:43:02Z
157,GOLD,Inactive,2020-08-30T15:10:29.354Z,Intermediate-Term (3-8 weeks),29.2,Long,None,29.18 - 27.91,31.93 - 34.59,< 27.01,The weekly cycle analysis suggests that GOLD is early in an intermediate-term rising phase. The intermediate-term low was due 7/20 - 8/31. Weekly momentum is positive. The daily cycle analysis suggests that GOLD is in a short-term corrective period. The next short-term low is due 9/3 - 9/15. The stock is testing a short-term support zone. We are targeting a Fib extension zone on the upside. Please refer to the GOLD Top Chart of the Week video for a walk through of the analysis.,"GOLD is still in the favorable entry range. However, the stock has now traded below the prior daily cycle low. This is a negative warning. We are inactivating the Trade Idea.",Pending / Inactive,2020-09-22T13:09:13Z
156,/GC,Inactive,2020-08-28T13:07:39.597Z,Intermediate-Term (3-8 weeks),1964.8,Long,None,1950.8 - 1918.1,2043.2 - 2089.2,< 1891.1,The weekly cycle analysis suggests that /GC is due to form a minor cycle low between the end of August and early September. Weekly momentum remains positive. The daily cycle analysis suggests that /GC is due form a short-term low between the end of August and early September. /GC is testing a lower short-term support zone. We are targeting a move back to retest the prior swing highs. Please refer to the /GC Trade Idea video for a walk through of the analysis.,"While /GC is still above the favorable entry, there is a weakening in the short-term patterns as discussed in FutureSpeak from 9/9. We will look to put another long Trade Idea on in the coming week.",Pending / Inactive,2020-09-10T13:36:27Z
155,NEM,Inactive,2020-08-27T13:41:30.412Z,Intermediate-Term (3-8 weeks),66.35,Long,None,64.94 - 62.69,70.17 - 72.22,< 60.44,The weekly cycle analysis suggests that NEM is due to form an intermediate-term low between the end of August to early September. Weekly momentum is positive. The daily cycle analysis suggests that NEM is due to form a short-term low in the end of August. NEM is showing multiple signs of bottoming. We are targeting a move back to retest prior swing highs. There are short-term supports just below current levels.,"NEM is still in the favorable entry range. However, the stock has now tested below the prior daily cycle low - this is a warning. We are inactivating the Trade Idea.",Pending / Inactive,2020-09-21T13:47:37Z
154,/BTC,Inactive,2020-08-27T12:57:26.621Z,Intermediate-Term (3-8 weeks),11300.0,Long,None,11294.0 - 10880.0,12711.0 - 13320.0,< 10466.0,The weekly cycle analysis suggests that Bitcoin made an early weekly low and is in a rising phase. Weekly momentum is positive. The daily cycle analysis suggests that Bitcoin is due to form a mid-cycle low in the end of August. Bitcoin is testing a short-term support zone. We are targeting a move back to the major 78.6% Fib followed by a prior daily cycle peak resistance. Please refer to FutureSpeak from 8/26/20 for a walk through of the analysis.,Bitcoin rallied 8% off of the favorable entry and failed at the minor resistance zone. /BTC has now violated the re-evaluation level.,Re-evaluation Level Hit,2020-09-04T01:44:01Z
153,AXP,Inactive,2020-08-26T12:55:48.392Z,Intermediate-Term (3-8 weeks),99.05,Long,None,98.97 - 95.8,105.64 - 108.35,< 93.03,The weekly cycle analysis suggests that AXP is due to form an intermediate-term low. The intermediate-term low is due 7/20 - 9/21. Weekly momentum is now positive. The daily cycle analysis suggests that AXP is due to form a short-term low. The next short-term low is due 8/27 - 9/8. The stock is testing a minor support zone. We are targeting a move up to the short-term Fibonacci extension zone. Please review the AXP Trade Idea video for a walk through of the analysis.,The conditions for this Trade Idea has been satisfied. AXP traded into our favorable entry and has now traded to within 1.3% of the projection/target zone. We are inactivating the Trade Idea.,Target Zone Reached,2020-09-02T17:16:01Z
152,ETSY,Inactive,2020-08-25T13:13:58.879Z,Short-Term (1-3 weeks),128.74,Short,None,129.29 - 133.92,119.46 - 114.27,> 137.21,"The weekly cycle analysis suggests that ETSY is in an intermediate-term rising phase. Weekly momentum remains positive. The stock is very extended from its 34-week moving average. In prior instances that the stock got this far away from the 34-week moving average, we had meaningful pullbacks (see accompanying ETSY Trade Idea video). The next intermediate-term low is due 10/26 - 11/16. The daily cycle analysis suggests that ETSY is likely entering a short-term corrective phase. The next short-term low is due 9/2 - 9/9. The stock is testing a minor resistance zone. We are targeting a lower short-term support zone on the downside. Please review the ETSY Trade Idea video for a walk through of the analysis.",The conditions for this Trade Idea have been satisfied. ETSY tested the favorable entry and has now traded to within 1% of the target zone.,Target Zone Reached,2020-08-28T13:39:37Z
151,CLX,Inactive,2020-08-24T13:19:58.516Z,Intermediate-Term (3-8 weeks),226.33,Short,None,226.21 - 228.81,216.6 - 211.11,> 231.42,The weekly cycle analysis suggests that CLX is in a rising phase and showing signs of stalling. Weekly momentum has now turned negative. The next projected mid-cycle low is due between the middle-to-end of September. The daily cycle analysis suggests that the stock has had a breakdown below the prior daily cycle low. This suggests that the stock may have formed an intermediate-term top. The Slim Ribbon has also neutralized. There are upper short-term resistances just above current levels. We are targeted a move down to the lower intermediate-term supports. Please review the CLX Trade Idea video for a walk through of the analysis. Note: On 8/27 we updated the favorable entry and re-evaluation level for this Trade Idea.,CLX is testing the projection/target zone. The stock only got to within 1.3% of the favorable entry.,Target Zone Reached (Early / Missed Entry),2020-08-28T15:22:02Z
150,ATVI,Inactive,2020-08-21T13:17:50.603Z,Intermediate-Term (3-8 weeks),84.0,Short,None,83.21 - 85.79,78.67 - 76.21,> 87.73,The weekly cycle analysis suggests that ATVI is late in an intermediate-term rising phase and due to have a pullback. Weekly momentum remains positive. The next intermediate-term low is due 8/17 - 10/19. The daily cycle analysis suggests that ATVI is in a short-term rising phase and is testing an upper short-term resistance zone. The next short-term low is due 9/10 - 9/18. We are targeting a move to retest recent swing lows. Please review the ATVI Trade Idea video for a walk through of the analysis.,The conditions for this Trade Idea have been satisfied. ATVI tested the favorable entry and is now trading in the target zone.,Target Zone Reached,2020-09-04T15:25:25Z
149,AMGN,Inactive,2020-08-20T13:24:17.308Z,Short-Term (1-3 weeks),240.49,Short,None,243.54 - 249.22,"233.37 - 231.37, 224.75 - 220.95",> 253.28,The weekly cycle analysis suggests that AMGN is in a declining phase. Weekly momentum is negative. The next projected intermediate-term low is due between 9/28 - 12/14. The daily cycle analysis suggests that AMGN is forming a bear flag. The next projected short-term low is due 9/1 - 9/9. The stock is testing a minor resistance zone. We are target 2 Fibonacci confluence zones on the downside. Please review the AMGN Trade Idea video for a walk through of the analysis.,"AMGN traded down to the projection zone. On 8/24 after-hours, news came out that AMGN is going to be added to the Dow. In today's pre-market session, AMGN is up 10 points and is trading in the favorable entry. Due to the lack of clarity on the daily cycle, we are inactivating this Trade Idea.",Target Zone Reached (Early / Missed Entry),2020-08-25T11:56:51Z
148,FFIV,Inactive,2020-08-19T13:47:10.644Z,Short-Term (1-3 weeks),134.47,Short,None,136.55 - 138.58,"133.54 - 132.1, 128.89 - 126.11",> 140.02,"The weekly cycle analysis suggests that FFIV is in a declining phase. Weekly momentum is negative. The next projected intermediate-term low is due 10/5 - 12/7. The daily cycle analysis suggests that FFIV is in a declining phase. The stock is due to form a mid-cycle low. We are looking for a bear flag to form  and a failure in the minor resistance zone. We are targeting a move back to retest the prior cycle lows. If the stock breaks through the prior cycle lows, we would target a move to the Fibonacci support confluence zone. Please review the FFIV Trade Idea video for a detailed walk through of the analysis. (Updated 8/21: favorable entry and re-evaluation level)",The conditions for this Trade Idea have been satisfied. FFIV tested the favorable entry and has now traded into the projection/target zone.,Target Zone Reached,2020-08-25T17:41:17Z
147,TWTR,Inactive,2020-08-18T13:26:37.052Z,Short-Term (1-3 weeks),38.1,Long,None,37.65 - 36.04,40.24 - 41.66,< 35.66,The weekly cycle analysis suggests that TWTR is in a rising phase. Weekly momentum is positive. The next intermediate-term low is due 10/12 - 11/23. The daily cycle analysis suggests that TWTR is due to form a short-term low between 8/12 - 8/24. There are minor supports below current levels. We are targeting a short-term Fibonacci extension zone on the upside.,The conditions for this Trade Idea have been satisfied. TWTR tested the favorable entry range and has now traded into the projection/target zone.,Target Zone Reached,2020-08-24T13:37:30Z
146,BAC,Inactive,2020-08-16T19:23:41.803Z,Intermediate-Term (3-8 weeks),26.47,Long,None,25.7 - 25.07,"27.59 - 29.01, 29.23 - 31.08",< 24.44,"The weekly cycle analysis suggests that BAC has formed an early intermediate-term low and is now in a rising phase. Weekly momentum is positive. The intermediate-term low was due between the middle of June and the middle of September. The daily cycle analysis suggests that BAC is in a short-term corrective period. The next short-term low is due between the end of August and early September. The Slim Ribbon on the daily is positive. There are short-term supports from 25.70 - 24.44. On the upside, there is an upper short-term resistance zone from 27.59 - 29.01 followed by a Fibonacci extension zone from 29.23 - 31.08. Please review the BAC Top Chart of the Week for a walkthrough of the analysis.","BAC is still in the favorable entry. However, the stock is going sideways in a potential rising phase. We are inactivating this Trade Idea.",Pending / Inactive,2020-09-10T17:01:35Z
145,HON,Inactive,2020-08-14T13:13:48.948Z,Intermediate-Term (3-8 weeks),158.98,Long,None,154.71 - 149.44,163.9 - 167.57,< 147.36,The weekly cycle analysis suggests that HON formed an intermediate-term low and is in a rising phase. The intermediate-term low was due between 7/20 - 9/7. Weekly momentum is positive. The daily cycle analysis suggests that HON is due to have a pullback into the next timing low. The next short-term low is due between 8/26 - 9/3. There are short-term supports below current levels.  We are targeting a Fibonacci extension confluence zone on the upside. Please review the HON Trade Idea video for a walk through of the analysis.,The conditions for this Trade Idea have been satisfied. HON tested within 0.3% of the favorable entry and has now traded into the projection/target zone.,Target Zone Reached,2020-08-25T12:04:14Z
144,XLNX,Inactive,2020-08-13T13:11:47.451Z,Short-Term (1-3 weeks),106.04,Long,None,106.01 - 104.11,110.45 - 112.17,< 102.21,The weekly cycle analysis suggests that XLNX is forming a swamped cycle. This is a bullish occurrence. Weekly momentum is positive. The next intermediate-term low is due 7/20 - 9/7. The daily cycle analysis suggests that the stock is due to form a short-term low. The short-term low is due 8/7 - 8/18. The stock is testing a short-term support zone. We are targeting a move to retest the recent swing highs. Please review the XLNX Trade Idea video for a walk through of the analysis.,XLNX has broken through the short-term support zone and now traded below the re-evaluation. An intermediate-term low is still due to form.,Re-evaluation Level Hit,2020-08-19T19:50:40Z
143,YUM,Inactive,2020-08-12T13:08:13.849Z,Intermediate-Term (3-8 weeks),92.7,Long,None,91.13 - 89.81,"95.26 - 98.28, 100.72 - 105.84",< 88.48,The weekly cycle analysis suggests that YUM is now due to form an intermediate-term low. The intermediate-term low is due between 8/3 - 9/7. Weekly momentum is now positive. The daily cycle analysis suggests that YUM has traded sideways in a period of downside risk - this is a positive occurrence. The stock is now due to form a short-term low. The short-term low is due 8/10 - 8/19. There are short-term supports below current levels. We have two target zones for this Trade Idea. The first target is the short-term resistance zone. The second target is the intermediate-term Fibonacci extension zone. Please refer to the YUM Trade idea video for a walk through of the analysis.,The conditions for this Trade Idea have been satisfied. YUM tested within 1% of the favorable entry and has is now trading in the projection/target zone.,Target Zone Reached,2020-08-20T14:38:08Z
142,DIS,Inactive,2020-08-11T13:32:10.620Z,Intermediate-Term (3-8 weeks),130.19,Long,None,126.41 - 122.35,132.4 - 138.15,< 119.4,"The weekly cycle analysis suggests that DIS has formed an important base on the weekly and is in a rising phase. Weekly momentum is positive. The daily cycle analysis suggests that DIS is in a short-term rising phase. We believe DIS will likely be in a trading range for the next couple of weeks. There are minor supports below current levels. On a bounce off supports, we are targeting a move back to the target zone. Please review the DIS Trade Idea video for a walk through of the analysis. In the beginning of the video, we have a brief discussion on the importance of trend. (Update 8/12: The minor supports have moved up. We have updated the favorable entry and re-evaluation).",DIS tested the favorable entry range and has now traded to within 1% of the projection/target zone. We have inactivated the Trade Idea.,Target Zone Reached,2020-08-25T17:20:09Z
141,V,Inactive,2020-08-10T13:17:59.353Z,Intermediate-Term (3-8 weeks),196.36,Long,None,195.32 - 191.84,203.74 - 208.5,< 189.36,"The weekly cycle analysis suggests that V is due to form an intermediate-term low. The next intermediate-term low is due 8/10 - 9/21. Weekly momentum is negative. The daily cycle analysis suggests that V is in a short-term rising phase. The short-term low was due to form between 8/5 - 8/11. There are minor supports below current levels. We are targeting a Fibonacci extension zone on the upside. Please refer to the V Trade Idea video - we provide a walkthrough of both the V and MA cycle analysis. In addition, we look at the correlation between V and MA and the current opportunity we see based on this analysis.",The stock got within 0.6% of the target zone and has since backed off - we are inactivating the Trade Idea.,Pending / Inactive,2020-08-13T18:53:20Z
140,USD/CAD,Inactive,2020-08-07T13:20:01.359Z,Intermediate-Term (3-8 weeks),1.33496,Short,None,1.3417 - 1.34739,1.32399 - 1.31278,> 1.35308,The weekly cycle analysis suggests that the USD/CAD has broken below its key weekly cycle low and is in a declining phase. Weekly momentum is negative. The next intermediate-term low is due 10/19 - 11/30. The daily cycle analysis suggests that the USD/CAD is due to make a short-term low. The next short-term low is due between the end of August to early September. There are short-term resistances above current levels. We are targeting a Fib extension zone on the downside. Please refer to the USD/CAD Trade Idea video for a walk through of the analysis.,The conditions for this Trade Idea have been satisfied. USD/CAD tested within 0.14% of the favorable entry and has now traded into the projection/target zone.,Target Zone Reached,2020-08-12T14:53:11Z
139,DIS,Inactive,2020-08-06T12:56:26.085Z,Intermediate-Term (3-8 weeks),126.6,Long,None,123.86 - 119.85,132.4 - 138.15,< 117.0,The weekly cycle analysis suggests that DIS has formed a bullish basing cycle and is now early in a rising phase. Weekly momentum has turned positive. The daily cycle analysis suggests that DIS has formed a short-term low and is now in a rising phase. The Slim Ribbon has turned positive. There are minor supports below current levels. We are targeting an intermediate-term Fib extension zone on the upside. Please review the DIS Trade Idea video for a walk through of the analysis.,DIS missed testing the minor support zone and has now tested the projection zone. We will look to establish a new Trade Idea.,Target Zone Reached (Early / Missed Entry),2020-08-10T19:40:11Z
138,GS,Inactive,2020-08-05T12:57:42.389Z,Intermediate-Term (3-8 weeks),203.25,Short,None,207.36 - 210.77,195.3 - 188.23,> 214.18,The weekly cycle analysis suggests that GS is in a declining phase. The next projected intermediate-term low is due 8/10 - 9/7. The daily cycle analysis suggests that the stock is in a declining phase. GS has a mid-cycle low due. There are minor resistances just above current levels. We are targeting a retest of the short-term support zone. Please refer to the GS Trade Idea video for a walk through of the analysis.,GS moved through the minor resistance and has now violated the re-evaluation level.  Intermediate-term low likely formed,Re-evaluation Level Hit,2020-08-11T13:53:16Z
137,GDX,Inactive,2020-08-04T13:31:37.326Z,Short-Term (1-3 weeks),42.5,Long,None,40.49 - 39.27,45.09 - 47.33,< 38.05,The weekly cycle analysis suggests that GDX is due to form a mid-cycle low in early-to-mid August. Weekly momentum is positive. The daily cycle analysis suggests that a short-term low is due to form in the next couple of days. There are minor supports below current levels. We are targeting a Fib target zone on the upside. Please refer to the GDX Trade Idea video for a walk through of the analysis.,GDX has now traded into the projection/target zone. The stock did not test the favorable entry range.,Target Zone Reached (Early / Missed Entry),2020-08-05T15:35:10Z
136,YUM,Inactive,2020-08-03T12:51:40.047Z,Short-Term (1-3 weeks),91.65,Short,None,92.18 - 95.44,84.48 - 80.22,> 98.28,The weekly cycle analysis suggests that YUM is due to have a multi-week pullback. The next projected intermediate-term low is due 8/3 - 9/7. YUM is showing signs of stalling as it fails to break above the intermediate 78.6% resistance. The daily cycle analysis suggests that YUM is in the late stages of a short-term rising phase and due to have a pullback. The next projected short-term low is due between 8/10 - 8/19. There are resistances just above current levels. We are targeting a move down to the short-term support zones. Please refer to the YUM Trade Idea video for a walk through of the analysis.,"Stock is still in the lower end of the favorable entry. However, the stock is running out of time to decline. We are now entering both the daily and weekly time window for a bottom to form.",Pending / Inactive,2020-08-12T11:50:41Z
135,BLK,Inactive,2020-07-31T13:25:50.176Z,Intermediate-Term (3-8 weeks),573.09,Long,None,563.16 - 545.04,592.48 - 602.28,< 538.57,The weekly cycle analysis suggests that BLK is forming a swamped cycle. The next projected intermediate-term low is due 7/20 - 9/7. The daily cycle analysis suggest that a short-term low is due to form between 7/30 - 8/11. The Slim Ribbon on the daily is positive. We are targeting a move back to retest the swing highs formed on 7/17. Please review the BLK Trade Idea video for a walk through of the analysis.,The conditions for this Trade Idea have been satisfied. BLK tested within 0.8% of the favorable entry and has now traded into the projection/target zone.,Target Zone Reached,2020-08-11T15:11:44Z
134,/ZW,Inactive,2020-07-30T13:09:35.524Z,Intermediate-Term (3-8 weeks),529.5,Long,None,520.75 - 511.25,551.5 - 562.25,< 501.75,"The weekly cycle analysis suggests that Wheat (/ZW) is in a rising phase with positive momentum. So far Wheat has formed a cycle high in the 3rd week of its cycle. The odds favor that Wheat will either re-test or take out this prior swing high. The daily cycle analysis suggests that a short-term low is due to form in early August. Wheat has a bullish cycle configuration on the daily, which suggests that there are good odds that we re-test or surpass the swing highs formed on 7/15. There are intermediate-term supports below current levels. Please review the Wheat Trade Idea video for a walk through of the analysis.",Wheat has violated the re-evaluation level. We have inactivated the Trade Idea.,Re-evaluation Level Hit,2020-08-06T21:01:21Z
133,LVS,Inactive,2020-07-29T13:02:25.583Z,Short-Term (1-3 weeks),44.5,Short,None,45.65 - 47.49,41.97 - 38.16,> 48.79,The weekly cycle analysis suggests that LVS is in a corrective period. The next projected intermediate-term low is due 8/3 - 9/14. Weekly momentum is negative. The daily cycle analysis suggests that LVS is in a short-term corrective period. The next short-term low is due 8/24 - 9/9. There are minor resistances just above current levels. We are targeting an intermediate-term support zone on the downside. Please review the LVS Trade Idea video - we review both the WYNN and LVS daily cycles and discuss our projection.,LVS got within 1.5% of our target zone today and then now has a big reversal back to the upside. We are likely establishing an intermediate-term bottom. We have inactivated this Trade Idea.,Pending / Inactive,2020-08-06T14:34:52Z
129,GS,Inactive,2020-07-28T13:22:32.859Z,Intermediate-Term (3-8 weeks),203.02,Short,None,205.64 - 212.41,195.3 - 188.23,> 215.44,The weekly cycle analysis suggests that GS has likely formed an intermediate-term top. Weekly momentum has now turned negative. The next projected intermediate-term low is due 8/10 - 9/7. The daily cycle analysis suggests that the GS likely formed an early short-term high and is in a declining phase. The next projected short-term low is due 8/31 - 9/8. Our favorable entry is the declining minor resistance zone and we are targeting a lower short-term support zone. Please review the GS Trade Idea video for a walk through of the analysis.,The conditions for this Trade Idea have been satisfied. GS tested within 0.86% of the entry range and has now tested the projection/target zone. We will likely look for another Trade Idea on a short-term bounce.,Target Zone Reached,2020-07-30T15:03:10Z
128,DDOG,Inactive,2020-07-27T12:55:56.921Z,Short-Term (1-3 weeks),85.15,Short,None,88.21 - 92.32,80.75 - 76.44,> 95.26,The stock does not have enough data for clear weekly cycles so we have opted to exclude the weekly timeframe from this analysis. The daily cycle analysis suggests that the stock is close to a daily cycle breakdown. DDOG has daily cycle low support at 80.09. A break below 80.09 would be a negative occurrence. The next short-term low is due between 7/31 - 8/6. The Slim Ribbon has neutralized on the daily. We are targeting a short-term support zone on the downside. There are minor resistances just above current levels. Please note: DDOG has earnings 8/6/20 in the after-hours. We will inactivate this Trade Idea before the close on 8/6/20. Please refer to the DDOG Trade Idea video for a walk through of the analysis.,DDOG traded through the minor resistances and is now testing the re-evaluation level. We have inactivated this Trade Idea.,Re-evaluation Level Hit,2020-07-31T11:59:29Z
127,SBUX,Inactive,2020-07-24T00:00:00Z,Short-Term (1-3 weeks),75.36,Short,None,75.86 - 78.82,70.78 - 66.82,> 80.93,The weekly cycle analysis suggests that SBUX is a declining phase with negative momentum. The next projected intermediate-term low is due 7/27 - 9/14. The daily cycle analysis suggests that the stock is in a short-term rising phase and showing signs of stalling in the short-term resistance zone. The next projected short-term low is due between 8/7 - 8/18. We are targeting a move down to the intermediate supports. Please note: SBUX has earnings 7/28 after-hours. Please review the SBUX Trade Idea video for a walk through of the analysis.,"SBUX is still in the lower end of the favorable entry. However, the stock is running out to decline in the short-term. We have inactivated this Trade Idea and will look to establish a new Trade Idea.",Pending / Inactive,2020-08-10T13:33:38Z
126,/6B,Inactive,2020-07-23T00:00:00Z,Intermediate-Term (3-8 weeks),1.27,Long,None,1.25 - 1.23,"1.28 - 1.29, 1.3 - 1.31",< 1.22,The weekly cycle analysis suggests that the Pound (/6B) is due to form an intermediate-term low in the end of July. Weekly momentum is positive. The daily cycle analysis suggests that a short-term low is due in the end of July. The /6B has a positive cycle configuration on the daily. We are targeting 2 Fibonacci extension zones on the upside. There are short-term supports below current levels. The favorable entry is: 1.2563 - 1.2391. The short-term target zone is: 1.2864 - 1.2984. The intermediate-term target zone is 1.3068 - 1.3182. The re-evaluation is 1.2269. Please review FutureSpeak from 7/22/20 for a walk through of the analysis.,The British Pound has traded into the projection/target zone. The Pound failed to test the favorable entry range. We have inactivated the Trade Idea.,Target Zone Reached (Early / Missed Entry),2020-07-27T14:11:00Z
124,COST,Inactive,2020-07-21T00:00:00Z,Short-Term (1-3 weeks),326.51,Long,None,323.49 - 316.96,334.2 - 345.19,< 314.04,The weekly cycle analysis suggests that COST is very early in an intermediate-term rising phase. The stock has just broken out of a diamond continuation pattern. Weekly momentum is positive. The daily cycle analysis suggests that COST is forming a bullish swamped cycle. The next short-term low is due between 7/21 - 7/30. The Slim Ribbon is positively configured. There are minor supports just below current levels. We are targeting an intermediate-term Fibonacci extension zone on the upside. Please review the COST Trade Idea video for a walk through of the analysis.,The  conditions for this Trade Idea have been satisfied. COST tested the favorable entry and has now tested the projection/target zone.,Target Zone Reached,2020-08-04T13:58:56Z
125,UAL,Inactive,2020-07-21T00:00:00Z,Short-Term (1-3 weeks),33.07,Long,None,33.01 - 30.85,36.78 - 41.42,< 29.23,"The weekly cycle analysis suggests that UAL is about midway through its weekly cycle. The stock formed a high in the 4th week of its rising phase - there are good odds that we get one more attempted  rally before risks increase on the downside. Weekly momentum is negative. The daily cycle analysis suggests that the stock has formed a short-term low. The short-term low was due between 6/30 - 7/13. UAL formed a short-term high in the 3rd day of its cycle. Given how early it is in its short-term rising phase, the odds favor that UAL will likely have another attempted rally. We are targeting a short-term resistance zone on the upside. The stock is testing a minor support zone. Please review the UAL Trade Idea video for a walk through of the analysis.","UAL is still trading just above the favorable entry. However, the stock has gone sideways in a short-term rising phase. We are inactivating this Trade Idea.",Pending / Inactive,2020-08-04T14:14:12Z
123,TGT,Inactive,2020-07-20T00:00:00Z,Short-Term (1-3 weeks),121.67,Long,None,118.38 - 116.04,123.46 - 125.97,< 113.69,The weekly cycle analysis suggests that TGT is in a rising phase. Weekly momentum is negative. The stock is forming a weekly pennant pattern. Given that the stock is still early in its rising phase - the odds favor a break out of this pennant to the upside. The daily cycle analysis suggests that TGT is due form a short-term low between 7/17 - 7/29. There are short-term supports below current levels. We are targeting in the short-term a test of the recent swing highs. Please review the TGT Trade Idea video for a walk through of the analysis.,The conditions for this Trade Idea have been satisfied. TGT got within 0.5% of our favorable entry and has now traded into the projection/target zone.,Target Zone Reached,2020-07-24T14:04:02Z
122,/6E,Inactive,2020-07-17T00:00:00Z,Short-Term (1-3 weeks),1.14,Long,None,1.14 - 1.13,1.15 - 1.15,< 1.12,"The weekly cycle analysis suggests that the Euro formed a mid-cycle low and is in a rising phase. Weekly momentum is positive. Overall, the pattern suggests a test of the 1.16 level likely in the fall of this year. The daily cycle analysis suggests that the Euro is forming a swamped cycle. The next short-term low is due around 7/21. There are rising short-term supports just below current levels. We are targeting a short-term Fib extension zone on the upside. The favorable range is: 1.14015 - 1.13285, the re-evaluation is 1.12950 and the target zone is 1.15110 - 1.15320.",The conditions for this Trade Idea have been satisfied. The Euro tested within 0.12% of the entry zone and has now traded into the projection/target zone.,Target Zone Reached,2020-07-21T18:43:18Z
110,RUT,Inactive,2020-07-16T00:00:00Z,Short-Term (1-3 weeks),1478.27,Long,None,1461.22 - 1434.57,1504.54 - 1537.62,< 1422.66,The weekly cycle analysis is late in an intermediate-term rising phase with positive momentum. The next projected low is due in mid-August. The daily cycle analysis suggests that a short-term low was due to form. The Russell broke out of its diamond pattern on the daily. There are minor supports just below current levels. We are targeting a short-term Fib extension and the prior daily cycle high. This is a short-term Trade Idea. Please review the RUT Trade Idea video for a walk through of the analysis.,The conditions for this Trade Idea have been satisfied. The RUT tested the favorable entry and has now moved into the projection/target zone,Target Zone Reached,2020-07-17T01:19:15Z
106,FDX,Inactive,2020-07-15T12:53:35.055Z,Short-Term (1-3 weeks),160.5,Long,None,155.54 - 150.42,"165.25 - 168.37, 173.15 - 173.79",< 146.47,The weekly cycle analysis suggests that FDX is forming a bullish cycle base on the weekly pattern after an extended downtrend. Weekly momentum is positive. The daily cycle analysis suggests that the stock is due to form a short-term low in mid-July. FDX is forming a high and tight bull flag. The Slim Ribbon is positive. We are targeting a move back to the prior daily cycle resistances followed by a fib extension zone on the upside. Please review the FDX Trade Idea video for a walk through of the analysis.,FedEx has now traded into the projection/target zone. We have inactivated this Trade Idea.,Target Zone Reached (Early / Missed Entry),2020-07-17T13:34:28Z
105,UBER,Inactive,2020-07-14T13:04:16.512Z,Short-Term (1-3 weeks),31.72,Short,None,32.36 - 33.59,29.69 - 28.39,> 34.81,Uber does not have enough data for higher confidence weekly cycle analysis so we have opted to exclude it from this Trade Idea. The daily cycle analysis suggests that the stock has broken below its prior key cycle low. The stock is testing a short-term resistance zone. The Slim Ribbon on the daily is neutral. The next projected short-term low is due 7/17 - 8/4. Please review the UBER Trade Idea video for a walk through of the analysis. Update 7/30: we have updated the target zone to the S-T 78.6% Fib and the current cycle low support. Also note: Earnings 8/6 after-hours. We will inactivate this Trade Idea before earnings.,The conditions for this Trade Idea have been satisfied. UBER traded into the favorable entry zone and has now tested the projection/target zone. We are inactivating this Trade Idea.,Target Zone Reached,2020-07-31T14:29:02Z
104,/GC,Inactive,2020-07-13T13:15:21.649Z,Short-Term (1-3 weeks),1814.0,Long,None,1800.8 - 1783.0,1840.8 - 1868.4,< 1768.0,The weekly cycle analysis suggests that /GC is in a rising with positive momentum. The daily cycle analysis suggests that /GC is due to have a minor pullback. The next short-term low is due between 7/14 - 7/22.  The Slim Ribbon is positive on the daily. There are short-term supports below current levels. We are targeting a short-term Fib extension zone on the upside. Please refer to the /GC Trade Idea video for a walk through of the analysis.,The conditions for this Trade Idea have been satisfied. Gold tested the favorable entry and has now traded into the projection/target zone.,Target Zone Reached,2020-07-21T18:48:08Z
103,/ZS,Inactive,2020-07-10T13:10:45.790Z,Intermediate-Term (3-8 weeks),901.5,Long,None,892.5 - 880.5,922.75 - 941.0,< 870.5,The weekly cycle analysis suggests that Soybeans (/ZS) is in a rising phase. The next intermediate-term low is due between 7/13 - 8/10. Weekly momentum is positive. The daily cycle analysis suggests that /ZS is due to form a short-term low. The next short-term low is due between 7/7 - 7/29. The Slim Ribbon is positive on the daily and Soybeans is forming a bull flag. Please refer to the Soybeans Trade Idea video for a walk through of the analysis.,"Soybeans is still in the favorable entry. However, the price action suggests we may still be in the intermediate-term bottoming process. We have inactivated this Trade Idea.",Pending / Inactive,2020-08-04T14:08:13Z
102,LEN,Inactive,2020-07-09T12:22:18.729Z,Short-Term (1-3 weeks),65.42,Long,None,64.7 - 62.82,69.4 - 72.72,< 61.81,The weekly cycle analysis suggest that LEN just formed a mid-cycle low and is in a rising phase. Weekly momentum is positive. The next projected intermediate-term low is due 10/12 - 11/16. The daily cycle analysis suggests that LEN formed an early short-term low and is in a rising phase. This early low is a bullish occurrence. The daily Slim Ribbon is positive. The next projected short-term low is due 7/27 - 8/4. LEN is testing the top of a daily rectangle and poised to break out. We are targeted a short-term Fibonacci extension zone on the upside. Please refer to the LEN Trade Idea video for a walk through of the analysis.,Stock had a chance to breakout this morning and looked above the range and did nothing. We are inactivating this Trade Idea.,Pending / Inactive,2020-07-13T18:33:10Z
101,FSLR,Inactive,2020-07-08T13:06:50.403Z,Short-Term (1-3 weeks),53.16,Long,None,52.32 - 50.79,56.59 - 58.54,< 50.1,The weekly cycle analysis suggests that FSLR is in a rising phase. The stock is in the process of forming a bullish basing cycle. The next projected intermediate-term low is due between 7/27 - 8/31. Weekly momentum is firmly positive. The daily cycle analysis suggests that FSLR is early in a short-term rising phase. The next projected short-term low is due between 8/12 - 8/24. The stock has broken out of a consolidation on the daily. The Slim Ribbon is now positive. There are minor supports just below current levels. We are targeting a short-term Fibonacci extension zone on the upside. Please refer to the FSLR Trade Idea video for a walk through of the analysis.,FSLR missed testing the favorable entry and has traded into the Target Zone. We have inactivated this Trade Idea.,Target Zone Reached (Early / Missed Entry),2020-07-09T20:03:05Z
100,AUD/USD,Inactive,2020-07-07T12:37:49.152Z,Short-Term (1-3 weeks),0.69,Long,None,0.68 - 0.67,0.7 - 0.71,< 0.67,"The weekly cycle analysis suggests that the AUD/USD is due to form a minor cycle low in mid-July. The next intermediate-term low is due between 8/10- 9/14. Weekly momentum is positive. The daily cycle analysis suggests that the Aussie Dollar is due to form a short-term low between 7/2 - 7/17. The daily Slim Ribbon is positive. For this Trade Idea, we are targeting a move back to test the prior cycle highs. The favorable entry is: 0.6850 - 0.6784. The target zone is 0.7031 - 0.7063. The re-evaluation is 0.6718. Please refer to the AUD/USD Trade Idea for a walk through of the analysis.",AUD/USD got within 1.02% of the favorable range and has now tested the projection/target zone. We have inactivated this Trade Idea.,Target Zone Reached (Early / Missed Entry),2020-07-16T11:46:12Z
99,AMD,Inactive,2020-07-05T19:51:43.124Z,Short-Term (1-3 weeks),52.34,Short,None,53.71 - 54.96,50.81 - 49.44,> 56.74,The weekly cycle analysis suggests that AMD is in a declining phase. AMD's weekly momentum is negative. The next projected intermediate-term low is due between 727 - 9/14. The daily cycle analysis suggests that the stock is in a short-term rising phase. The projected short-term low was due between 6/16 - 7/6. The Slim Ribbon is now negative on the daily. Please refer to the Top Chart of the Week on AMD for a video walk through of the analysis.,AMD broke through the resistance zone and has traded above the favorable entry. We have inactivated the Trade Idea.,Re-evaluation Level Hit,2020-07-09T20:01:42Z
98,/ZW,Inactive,2020-07-02T13:24:20.597Z,Intermediate-Term (3-8 weeks),495.25,Long,None,493.0 - 485.25,518.5 - 521.0,< 477.25,The weekly cycle analysis suggests that Wheat is due to form an intermediate-term low. The next intermediate-term low is due between 6/15 - 7/13. Weekly momentum remains negative. The daily cycle analysis suggests that Wheat is due to form a short-term low. The next short-term low is due between 6/17 - 7/2. Wheat formed a tweezer candlestick pattern on the lows - which suggests that it is attempting to bottom. The Slim Ribbon on the daily remains negative. Please refer to FutureSpeak from 7/1/2020 for a walk through of the analysis.,The conditions for this Trade Idea have been satisfied. Wheat tested the favorable entry and has now tested the projection/target zone.,Target Zone Reached,2020-07-09T11:43:26Z
97,NKE,Inactive,2020-07-01T13:11:45.540Z,Short-Term (1-3 weeks),98.05,Short,None,97.74 - 100.39,94.4 - 91.97,> 102.28,"The weekly cycle analysis suggests that NKE is late in a rising phase and due to form an intermediate-term high. Weekly momentum remains positive. The next projected intermediate-term low is due between 7/27 - 8/31. The daily cycle analysis suggests that the stock is a short-term corrective period. The next projected short-term low is due between 7/7 - 7/15. The stock is testing a short-term resistance zone. On the downside, we are targeting a move to the Fibonacci support confluence zones. Please refer to the NKE Trade Idea video for a walk through of the analysis. Update 7/6/2020: NKE is still holding in the resistance zones - we have raised our downside projections given the amount of time left to correct on the daily cycle. The revised chart has been posted to the Slimulator and is available for Level 4 members to upload to their charts.","NKE is still in the favorable entry zone. However, the daily cycle suggests that time is running out for further correction. We are inactivating this Trade Idea.",Pending / Inactive,2020-07-08T19:52:42Z
96,FB,Inactive,2020-06-30T12:38:55.785Z,Short-Term (1-3 weeks),220.64,Short,None,221.65 - 226.15,"209.06 - 203.9, 197.94 - 191.14",> 230.64,"The weekly cycle analysis suggests that FB likely formed an intermediate-term high. Weekly momentum is now negative. The next projected intermediate-term low is due between 7/13 - 8/31. The daily cycle analysis suggests that FB broke below its prior key cycle low support and is in a corrective phase in the dominant daily cycle. The Slim Ribbon on the daily has now neutralized. There are short-term resistances above current levels. On the downside, there are Fibonacci support confluence zones that we are using as targets for this Trade Idea. Please refer to the FB Trade Idea video for a walk through of the analysis.",FB has broken through the resistance zone and now closed above the re-evaluation level. We have inactivated this Trade Idea.,Re-evaluation Level Hit,2020-07-01T15:46:43Z
95,PAAS,Inactive,2020-06-29T11:47:33.901Z,Short-Term (1-3 weeks),28.53,Long,None,28.31 - 26.9,31.15 - 32.87,< 25.9,The weekly cycle analysis suggests that PAAS has likely formed a mid-cycle low in an overall bullish pattern. Weekly momentum remains positive. A mid-cycle low was due in early-to-mid June. The daily cycle analysis suggests that the stock is due to form a short-term low. The next short-term low is due between 6/23 - 7/6. The Slim Ribbon is positive on the daily. There are minor supports just below current levels. Please refer to the PAAS Trade Idea video for a walk through of the analysis.,Stock got within 2% of our target zone and is now starting to show short-term signs of stalling. We are inactivating this Trade Idea.,Target Zone Reached,2020-07-02T16:11:47Z
94,DLTR,Inactive,2020-06-26T11:53:28.762Z,Intermediate-Term (3-8 weeks),93.45,Long,None,91.78 - 88.64,99.36 - 102.63,< 85.99,The weekly cycle analysis suggests that DLTR is due to form an intermediate-term low. The projected intermediate-term low was due between 6/22 - 7/20. The weekly cycle configuration suggests that an important weekly base has formed. Weekly momentum is positive. The daily cycle analysis suggests that DLTR likely formed an early short-term low. The projected short-term low was due between 7/1 - 7/13. The Slim Ribbon on the daily is positive. Please review the DLTR Trade Idea video for a walk through of the analysis.,The stock is still trading in the favorable entry range. The price rejection from 7/6 is a negative warning and indicates that the 95-96 range will likely be difficult for the stock to push through in the near-term we are therefore inactivating this Trade Idea.,Pending / Inactive,2020-07-07T19:08:54Z
93,BABA,Inactive,2020-06-25T12:44:41.735Z,Short-Term (1-3 weeks),226.22,Short,None,226.84 - 228.44,217.92 - 213.86,> 233.47,The weekly cycle analysis suggests that BABA is late in a rising phase with positive weekly momentum. The stock is due to have a minor pullback into the next intermediate-term timing. The next intermediate-term low is due between 8/3 - 9/7. The daily cycle analysis suggests that the stock is late in a short-term rising phase. The next projected short-term low is due between 7/6 - 7/20. BABA tested the all-time high yesterday at 231.14 and reversed. This is a counter-trend Trade Idea since the Slim Ribbon is configured positively on the daily. The stock did trigger an overbought condition on the Option Bias Indicator (OBI). Please refer to the BABA Trade Idea video for a walk through of the analysis.,The conditions for this Trade Idea have been satisfied. BABA got within 0.6% of the entry range and has now traded down to the projection/target zone.,Target Zone Reached,2020-06-29T11:26:03Z
92,DIS,Inactive,2020-06-24T11:53:38.416Z,Short-Term (1-3 weeks),116.59,Short,None,117.86 - 121.67,109.2 - 103.45,> 124.37,The weekly cycle analysis suggests that DIS is late in an intermediate-term rising phase. The stock is showing signs of stalling at the intermediate resistance. Weekly momentum remains positive. The next projected low is due in the end of August. The daily cycle analysis suggests that the stock broke below its prior daily cycle low. This increases the odds that we have formed an intermediate-term top. The Slim Ribbon on the daily has now neutralized. There is a bear pennant forming on the daily chart. The next projected short-term low is due between 7/6 - 7/14. Please refer to the DIS Trade Idea video for a walk through of the analysis.,DIS broke down from daily pennant and is now trading into the projection/target zone.,Target Zone Reached (Early / Missed Entry),2020-06-26T11:55:21Z
91,GDX,Inactive,2020-06-23T12:27:30.990Z,Intermediate-Term (3-8 weeks),34.87,Long,None,34.77 - 33.58,"37.18 - 38.57, 39.36 - 40.85",< 33.05,The weekly cycle analysis suggests that GDX very likely formed an intermediate-term low. We are waiting for weekly momentum to confirm to the upside. The projected intermediate-term low is due between the middle-to-end of June. The daily cycle analysis suggests that GDX is early in a short-term rising phase. The projected daily low was due in the middle of June. The Slim Ribbon on the daily has neutralized. There are rising minor supports below current levels. Please refer to the GDX Trade Idea video for a walk through of the analysis. Updated on 6/23/20 at 11:30 AM ET.,The conditions for this Trade Idea have been satisfied. GDX tested the favorable entry and is now testing the projection/target zone.,Target Zone Reached,2020-07-02T15:59:56Z
90,V,Inactive,2020-06-22T12:10:38.610Z,Short-Term (1-3 weeks),192.2,Short,None,196.08 - 198.76,185.74 - 180.67,> 202.18,The weekly cycle analysis suggests that Visa is late in an intermediate-term rising phase. The stock is showing signs of stalling at the intermediate 78.6% Fib. The next projected intermediate-term low is due between 7/20 - 8/31. Weekly momentum remains positive. The daily cycle analysis suggests that V may have formed an early high its short-term cycle. The Slim Ribbon on the daily has neutralized. The next projected short-term low is due between 7/8 - 7/15.  Please review the Visa Trade Idea video for a walk through of the analysis.,The conditions for this Trade Idea have been satisfied. Visa got within 0.8% of our target zone and has since reversed back to the upside. We have inactivated this Trade Idea.,Target Zone Reached,2020-07-02T13:35:03Z
89,INTC,Inactive,2020-06-19T13:16:53.885Z,Short-Term (1-3 weeks),60.53,Long,None,59.3 - 57.51,63.8 - 65.11,< 55.72,The weekly cycle analysis suggests that INTC is due to form an intermediate-term low. The next projected intermediate-term low is due between the middle of June and early July. Weekly momentum is negative. The daily cycle analysis cycle analysis suggests that the stock is due to form a short-term low. The next projected short-term low is due in the middle of June. The stock is testing a short-term support zone. Please review the INTC Trade Idea video for a walk through of the analysis.,Intel is trading sideways in a potential rising phase on the daily. We are inactivating this Trade Idea.,Pending / Inactive,2020-06-23T21:50:45Z
88,NSC,Inactive,2020-06-18T12:17:09.134Z,Intermediate-Term (3-8 weeks),176.97,Short,None,185.92 - 189.37,168.6 - 161.06,> 194.29,The weekly cycle analysis suggests that NSC is late in an intermediate-term rising phase. The stock is due to have a pullback into the next mid cycle low. The next mid-cycle low is due to form in early-to-mid July. Weekly momentum remains positive. The daily cycle analysis suggests that NSC is in a short-term rising phase. The Slim Ribbon on the daily has neutralized. The next projected short-term low is due between 7/8 - 7/17. There are minor resistances above current levels. Please review the NSC Trade Idea video for a walk through of the analysis.,NSC has now traded down to the projection/target zone. We have inactivated this Trade Idea.,Target Zone Reached (Early / Missed Entry),2020-06-23T11:46:00Z
87,SBUX,Inactive,2020-06-17T12:26:08.768Z,Short-Term (1-3 weeks),78.0,Short,None,76.53 - 77.89,"72.26 - 70.78, 69.58 - 66.82",> 79.24,"The weekly cycle analysis suggests that SBUX is late in a rising phase. Weekly momentum remains positive. The next intermediate-term low is due in the end of August. The daily cycle analysis suggests that the stock broke below its prior cycle low support - this increases the odds that we formed an intermediate-term high. The Slim Ribbon has neutralized on the daily and we are currently forming a bear flag. The next projected short-term low is due between 6/30 - 7/8. There is a minor resistance just above current levels. On the downside, we are targeting the Fib support confluence zones noted above. Please review the SBUX Trade Idea video for a walk through of the analysis. Updated Levels on 6/23",SBUX has now traded down to the projection/target zone. The stock missed testing the favorable entry. We have inactivated this Trade Idea.,Target Zone Reached (Early / Missed Entry),2020-06-29T11:25:50Z
86,IBM,Inactive,2020-06-17T12:21:01.282Z,Short-Term (1-3 weeks),121.78,Short,None,124.73 - 126.86,118.57 - 113.22,> 128.99,The weekly cycle analysis suggests that IBM is late in a rising phase. Weekly momentum remains positive. The next important low is due in the end of July. The daily cycle analysis suggests that the stock is in a short-term corrective phase. The Slim Ribbon on the daily has turned neutral. There are minor resistances just above current levels. The next projected short-term low is due between 6/30-7/8. Please review the IBM Trade Idea video for a walk through of the analysis. Update 6/22: We have updated the favorable entry and re-evaluation zone to reflect the current price action.,IBM got within 1.5% of the favorable entry range and has now traded into the projection/target zone.,Target Zone Reached (Early / Missed Entry),2020-06-25T11:56:32Z
85,/6E,Inactive,2020-06-16T11:53:16.885Z,Short-Term (1-3 weeks),1.13,Long,None,1.13 - 1.12,1.14 - 1.15,< 1.11,"The weekly cycle analysis suggests that the Euro is in a rising phase with positive momentum. The daily cycle analysis suggests that the Euro is due to form a short-term low. The short-term low is due to form around 6/16. Given the extension that the Euro has had on the upside, the analysis suggests a range will likely form in the short-term. There are upper short-term supports just below current levels. Please review the Euro Trade Idea for a walk through of the analysis. Due to current system limitations - we are not able to enter in the exact levels in the system. The favorable entry is: 1.13130 - 1.12330, the target zone is 1.13990,1.14435, and the re-evaluation is 1.11680.",Euro bounced off the favorable entry range but is now retracing much of this rally. This is a short-term warning - we are inactivating this Trade Idea.,Pending / Inactive,2020-06-25T11:53:05Z
84,BKNG,Inactive,2020-06-14T19:16:36.554Z,Short-Term (1-3 weeks),1623.92,Short,None,1722.41 - 1757.7,1587.61 - 1520.5,> 1807.96,The weekly cycle analysis suggests that BKNG is nearing the end of an intermediate-term rising phase. BKNG’s weekly momentum remains positive. The next projected intermediate-term low is due between early August and the middle of September. The daily cycle analysis suggests that the stock is in a short-term declining phase. There are short-term resistances above current levels. Please refer to the BKNG Top Chart of the Week for a walk through of the multi-timeframe analysis.,The conditions for this Trade Idea have been satisfied. BKNG tested the favorable entry range and has now traded down to the projection/target zone.,Target Zone Reached,2020-06-18T13:53:00Z
83,MCD,Inactive,2020-06-12T13:02:43.496Z,Short-Term (1-3 weeks),190.2,Long,None,189.51 - 185.32,199.22 - 202.73,< 181.14,"The weekly cycle analysis suggests that MCD is in a rising phase with positive momentum. The daily cycle analysis suggests that the stock is due to form a short-term low.  The next projected short-term low is due between 6/10 - 6/17. The stock is testing a short-term support zone. For this Trade Idea, we are looking only for a re-test the prior swing highs. Please review the MCD Trade Idea video for a walk through of the analysis.",McDonalds is still trading above the favorable entry. Price action is relatively muted. We are inactivating this Trade Idea.,Pending / Inactive,2020-06-17T20:06:18Z
82,/GC,Inactive,2020-06-11T12:54:37.147Z,Intermediate-Term (3-8 weeks),1736.7,Long,None,1719.7 - 1701.4,1778.4 - 1809.7,< 1688.3,"The weekly cycle analysis suggests that /GC is due to form an intermediate-term low.  Gold is forming a bull flag on the weekly in a very positive overall pattern. Weekly momentum is negative. On the daily, there is the potential that /GC formed an intermediate-term low.  The next projected short-term low is due around 6/19. If Gold forms a higher low that would raise the odds that we formed an intermediate-term bottom. Please refer to the Gold Trade Idea video for a walk through of the analysis.",The conditions for this Trade Idea have been satisfied. Gold tested the favorable entry and has now traded up to the projection/target zone.,Target Zone Reached,2020-06-23T21:53:24Z
81,AYX,Inactive,2020-06-10T13:00:04.804Z,Short-Term (1-3 weeks),139.12,Long,None,133.2 - 127.55,151.22 - 156.87,< 121.89,The weekly cycle analysis suggests that AYX is in a rising phase and due to form a mid-cycle low. The stock is forming a weekly bull flag. Weekly momentum is positive. The daily cycle analysis suggests that the stock is in the late stages of a short-term corrective phase. The next projected short-term low is due 6/11 - 6/23. The Slim Ribbon is positive on the daily. Please refer to the AYX Trade Idea video for a walk through of the analysis.,Alteryx got within 1.2% of the favorable entry range and has now traded up to the projection/target zone.,Target Zone Reached (Early / Missed Entry),2020-06-17T20:02:30Z
80,ORCL,Inactive,2020-06-09T12:26:16.814Z,Short-Term (1-3 weeks),55.1,Long,None,54.13 - 53.0,56.03 - 57.33,< 52.61,The weekly cycle analysis suggests that ORCL is in a rising phase. The stock was due to form a mid-cycle low and has formed a swamp cycle - this is a bullish occurrence. The daily cycle analysis suggests that the stock is early in a rising phase. There are minor supports just below current levels. Please refer to the ORCL Trade Idea video for a walk through of the analysis.,The stock broke through the short-term supports and has closed below the re-evaluation level.,Re-evaluation Level Hit,2020-06-11T17:49:47Z
79,JNJ,Inactive,2020-06-07T18:32:33.665Z,Intermediate-Term (3-8 weeks),147.3,Short,None,151.66 - 154.01,141.25 - 137.53,> 157.0,The weekly cycle analysis suggests that JNJ is nearing the end of an intermediate-term rising phase. Weekly momentum is now negative. The daily cycles are erratic and are therefore excluded from this analysis. There are multiple signs of stalling on the daily. This increases the odds that JNJ has formed an intermediate-term high. There is an upper short-term resistance zone above current levels. Please refer to the Top Chart of the Week video from 6/7 for a walk through of the analysis.,The conditions for this Trade Idea have been satisfied. The stock tested within 1% of the favorable entry and has now traded into the projection/target zone.,Target Zone Reached,2020-06-11T17:50:02Z
78,CTXS,Inactive,2020-06-05T13:55:28.231Z,Short-Term (1-3 weeks),136.95,Short,None,140.71 - 143.77,134.96 - 130.15,> 145.94,The weekly cycle analysis suggests that CTXS formed an intermediate-term high and is in a declining phase. Weekly momentum is negative. The next projected intermediate-term low is due between the end of October and early November. The daily cycle analysis suggests that CTXS is in a short-term declining phase. There are minor resistances just above current levels. Please refer to the CTXS Trade Idea video for a walk through of the analysis.,"Stock is still in the favorable entry range. However, the price action is suggesting the stock may test higher before any resumption lower. We are inactivating the Trade Idea.",Pending / Inactive,2020-06-15T18:15:19Z
77,ETSY,Inactive,2020-06-04T12:59:29.376Z,Short-Term (1-3 weeks),80.66,Short,None,80.89 - 84.02,72.25 - 67.41,> 88.02,The weekly cycle analysis suggests that ETSY is in the late stages of a rising phase. Weekly momentum remains positive. The stock is very overbought relative to the 34-week simple moving average. The next projected intermediate-term low is due in mid-July. The daily cycle analysis suggests that the stock is in a short-term rising phase. The stock is trading in a minor resistance zone. Please refer to the ETSY trade Idea video for a walk through of the analysis.,"The stock is still trading in the favorable entry range. However, the stock is now forming a continuation triangle pattern on the daily. We will look for another Trade Idea if it arises.",Pending / Inactive,2020-06-15T18:16:54Z
76,ROKU,Inactive,2020-06-03T12:41:02.725Z,Short-Term (1-3 weeks),110.82,Short,None,114.33 - 118.27,"104.3 - 101.56, 98.51 - 89.0",> 122.21,The weekly cycle analysis suggests that ROKU likely formed an intermediate-term high and is in a declining phase. Weekly momentum is negative. The daily cycle analysis suggests that ROKU broke below its prior cycle low and now forming a bear flag. The Slim Ribbon is now negative on the daily. There are short-term resistances just above current levels. The next projected short-term low is due between 6/9 - 6/17. Please refer to the ROKU Trade Idea video for a walk through of the analysis.,ROKU failed from the short-term resistance zone and has now traded down to the near-term projection. We have inactivated this Trade Idea.,Target Zone Reached (Early / Missed Entry),2020-06-07T20:10:28Z
75,NFLX,Inactive,2020-06-02T12:40:00.706Z,Short-Term (1-3 weeks),425.92,Short,None,435.6 - 446.9,413.21 - 399.07,> 449.77,The weekly cycle analysis suggests that NFLX is in a rising phase and due to form an intermediate-term high. Weekly momentum remains positive. The daily cycle analysis suggests that NFLX is in a short-term rising phase. The stock came close to testing the prior daily cycle low support - this is a warning sign and suggests that the short-term condition of the stock is weakening. There is a short-term resistance zone above current levels. Please refer to the NFLX Trade Idea video for a walk through of the analysis.,NFLX failed in the lower resistance zone. The stock has continued to show relative weakness and has now traded down to the projection/target zone.,Target Zone Reached (Early / Missed Entry),2020-06-05T12:57:41Z
74,ATVI,Inactive,2020-05-31T20:17:37.602Z,Short-Term (1-3 weeks),71.98,Long,None,69.15 - 67.55,75.02 - 77.31,< 65.25,The weekly cycle analysis suggests that ATVI is in a rising phase. The next projected intermediate-term low is due between early September and the middle of October. Weekly momentum is positive. The daily cycle analysis suggests that the stock is in a short-term declining phase. The next projected short-term low is due between early-to-mid June. There are short-term supports below current levels. Please refer the ATVI Top Chart of the Week video for a walk through of the multi-timeframe analysis.,The conditions for this Trade Idea have been satisfied. The stock traded into the favorable entry and now tested the projection/target zone. The stock may be due for some consolidation/digestion.,Target Zone Reached,2020-06-11T14:29:01Z
73,GS,Inactive,2020-05-29T13:09:20.935Z,Short-Term (1-3 weeks),199.97,Long,None,193.84 - 188.4,207.44 - 211.26,< 182.97,The weekly cycle analysis suggests that Goldman Sachs is in a rising phase with positive momentum. The daily cycle analysis suggests that GS is in a short-term rising phase. The stock is extended from the Slim Ribbon on the daily and we would expect to see a minor pullback to test the short-term support zone. Please refer to the Goldman Sachs Trade Idea video for a walk through of the analysis.,The conditions for this Trade Idea have been satisfied. GS tested the favorable entry and has now traded within 0.5% of the projection/target zone. Stock is starting to show signs of stalling. We have inactivated this Trade Idea.,Target Zone Reached,2020-06-02T18:11:15Z
72,/ZC,Inactive,2020-05-28T12:58:56.133Z,Short-Term (1-3 weeks),321.75,Long,None,319.25 - 315.5,337.25 - 330.5,< 312.75,The weekly cycle analysis suggests that Corn is due to form an intermediate-term low. Weekly momentum is now positive - which suggests that Corn may have formed a bottom. Corn's overall weekly cycle configuration remains negative. The daily cycle analysis suggests that Corn is due to form a short-term low. There is a pennant forming on the daily. There are short-term supports just below current levels. Please refer to FutureSpeak from 5/27/2020 for a walk through of the analysis.,The conditions for this Trade Idea have been satisfied. Corn tested the favorable entry range and has now tested the projection/target zone.,Target Zone Reached,2020-05-28T19:52:19Z
71,/SI,Inactive,2020-05-28T12:36:25.929Z,Intermediate-Term (3-8 weeks),17.89,Long,None,17.4 - 16.85,18.49 - 18.9,< 16.45,The weekly cycle analysis suggests that /SI is early in a rising phase with positive weekly momentum. The daily cycle analysis suggests that /SI is forming a swamped cycle - this is a bullish occurrence. We are forming a tight consolidation on the daily. Please refer to the /SI Trade Idea video for a walk through of the analysis.,Silver broke out from its daily consolidation and is now trading into the projection/target zone. We have inactivated this Trade Idea.,Target Zone Reached (Early / Missed Entry),2020-06-01T12:15:27Z
70,UNP,Inactive,2020-05-27T11:37:49.908Z,Short-Term (1-3 weeks),169.9,Long,None,167.11 - 162.8,175.27 - 178.8,< 159.74,The weekly cycle analysis suggests that the stock is in a rising phase with positive weekly momentum. The next projected intermediate-term low is due between the end of July and end of August. The daily cycle analysis suggests that the stock is in a short-term rising phase. The Slim Ribbon on the daily is positive. There are rising minor supports below current levels. Please refer to the UNP Trade Idea video for a walk through of the analysis. (Updated favorable range on 5/28 to reflect the rising minor supports),The conditions for this Trade Idea have been satisfied. UNP tested the favorable entry and has now tested the projection/target zone. Stock is starting to show signs of stalling at the prior swing highs. We have inactivated this Trade Idea.,Target Zone Reached,2020-06-02T18:01:55Z
69,BAC,Inactive,2020-05-24T20:00:24.351Z,Intermediate-Term (3-8 weeks),22.66,Short,None,23.85 - 25.24,20.78 - 19.83,> 25.58,The weekly cycle analysis suggests that the stock is nearing the end of an intermediate-term rising phase. The next projected low is due between the middle of August and the middle of September. Weekly momentum is positive. The daily cycle analysis suggests that the stock is nearing the end of a short-term rising phase. The next projected short-term low is due between the end of June and early July. There are short-term resistances above current levels. Please refer to the BAC Trade Idea video for a walk through of the multi-timeframe analysis.,"Stock has closed above the re-evaluation level. In addition, BAC is now trading above the prior daily cycle high - this is a positive occurrence. We have inactivated this Trade Idea.",Re-evaluation Level Hit,2020-05-27T20:16:43Z
68,FDX,Inactive,2020-05-22T12:58:51.384Z,Short-Term (1-3 weeks),115.77,Short,None,117.6 - 120.95,110.25 - 105.16,> 125.72,The weekly cycle analysis suggests that FDX is in the late-stages of a rising phase. Weekly momentum remains positive. The stock is due to form a mid-cycle low on the weekly in early-to-mid June. The daily cycle analysis suggests that FDX broke below its prior daily cycle low - this increases the odds that the stock has formed an intermediate-term top. The next projected short-term low is due in early June. Please refer to the FDX Trade Idea video for a walk through of the analysis.,FDX has now traded above the re-evaluation zone. We have inactivated this Trade Idea.,Re-evaluation Level Hit,2020-05-27T12:56:15Z
67,/6B,Inactive,2020-05-21T12:30:20.358Z,Short-Term (1-3 weeks),1.22,Long,None,1.22 - 1.2,1.25 - 1.26,< 1.19,The weekly cycle analysis suggests that the Pound is in a rising phase. There are two out of phase cycles in play. One of these cycles is due to form a bottom in the coming week. Weekly momentum is now negative. The daily cycle analysis suggests that the Pound is due to form a short-term low. The daily cycle configuration is setting up positively - this suggests that the odds favor push back towards the recent swing highs around 1.26. Please refer to the British Pound Trade Idea video for a walk through of the analysis.,The conditions for this Trade Idea have been satisfied. The Pound tested the favorable entry zone and has now traded into the projection/target zone.,Target Zone Reached,2020-06-02T11:23:25Z
66,ETSY,Inactive,2020-05-20T12:14:45.976Z,Short-Term (1-3 weeks),77.08,Short,None,80.6 - 83.43,74.66 - 71.51,> 85.45,"The weekly cycle analysis suggests that ETSY is in a rising phase with positive momentum. The stock is very extended from its weekly 34 SMA. Under these conditions, further upside progress is likely to be limited. The daily cycle analysis suggests that the stock has likely formed a short-term high after a strong reversal to the downside on Monday, 5/18. The next projected short-term low is due between 6/1 - 6/10. The Slim Ribbon remains positive so is a counter-trend Trade Idea. There are short-term resistances just above current levels. Please refer to the ETSY Trade Idea video for a walk through of the analysis.",Stock has traded down to the projection/target zone. ETSY missed testing the favorable entry. Will monitor for a new Trade Idea.,Target Zone Reached (Early / Missed Entry),2020-05-20T21:02:31Z
65,ROKU,Inactive,2020-05-20T12:03:16.361Z,Short-Term (1-3 weeks),116.02,Short,None,122.5 - 128.74,109.1 - 102.07,> 133.16,The weekly cycle analysis suggests that ROKU is in a rising phase and showing signs of stalling at the intermediate-term resistance confluence. Weekly momentum remains positive. The daily cycle analysis suggests that ROKU is near a breakdown below its prior key daily cycle low of 111.36. A breakdown would increase the odds that ROKU has formed an intermediate-term high. There are short-term resistances above current levels.,Stock has traded down to the projection/target zone. ROKU just missed testing the favorable entry range.,Target Zone Reached (Early / Missed Entry),2020-05-26T11:42:45Z
64,/HG,Inactive,2020-05-19T12:55:48.710Z,Short-Term (1-3 weeks),2.41,Long,None,2.4 - 2.37,"2.45 - 2.49, 2.49 - 2.53",< 2.33,The weekly cycle analysis suggests that Copper is early in a rising phase. Weekly momentum is positive. The daily cycle analysis suggests that Copper likely formed a short-term low and is in a rising phase. We would look for a move back up to the Fib extension target zone. Please refer to the Copper Trade Idea video for a walk through of the analysis.,The conditions for this Trade Idea have been satisfied. Copper tested the favorable entry and has now traded into the projection/target zone.,Target Zone Reached,2020-05-20T21:06:06Z
63,GOLD,Inactive,2020-05-17T15:34:46.248Z,Intermediate-Term (3-8 weeks),28.04,Long,None,26.46 - 25.2,"29.07 - 30.28, 29.58 - 30.93",< 24.18,GOLD’s monthly analysis suggests that the stock has formed an important multi-year base. The weekly cycle analysis suggests that GOLD is in a very positive intermediate-term pattern. The stock is due to have a minor pullback. The next projected intermediate-term low is due between early May to early June. Weekly momentum is positive. The daily cycle analysis suggests that the stock is a short-term rising phase. The next projected short-term low is due between early-to-mid June. There are rising short-term supports below current levels. Please refer to the multi-timeframe video walk through on GOLD.,GOLD is weaker than originally anticipated. The daily timing low is still a couple of weeks away. We will look to establish a new Trade Idea.,Pending / Inactive,2020-05-27T20:19:03Z
62,UNH,Inactive,2020-05-15T12:23:31.728Z,Short-Term (1-3 weeks),290.61,Long,None,281.94 - 275.13,301.57 - 309.26,< 268.32,The weekly cycle analysis suggests that UNH is early in a rising phase. Weekly momentum is positive. The daily cycle analysis suggests that the stock is due to form a short-term low.  The next projected short-term low is due between 5/7 - 5/19. UNH is showing signs of bottoming at the short-term support zones. Please see the UNH Trade Idea video for a walk through of the analysis.,The conditions for this Trade Idea have been satisfied. The stock tested the favorable entry and has now traded into the projection/target zone.,Target Zone Reached,2020-05-27T20:22:22Z
61,VRSN,Inactive,2020-05-14T12:50:03.717Z,Intermediate-Term (3-8 weeks),212.09,Long,None,206.69 - 202.89,"218.06 - 222.62, 225.31 - 231.75",< 199.08,The weekly cycle analysis suggests that VRSN is early in a rising phase. Weekly momentum is positive. VRSN has exhibited notable relative strength versus the broad market. The daily cycle analysis suggests that a short-term low is due between 5/14 - 5/28. There is a bullish pennant forming on the daily. The daily cycle configuration is very positive and suggests that there are good odds that we make a new swing high once we form this short-term low.,The conditions for this Trade Idea have been satisfied. The stock got within 1% of the favorable entry range and has now tested the projection/target zone.,Target Zone Reached,2020-05-18T16:42:48Z
60,AUD/USD,Inactive,2020-05-14T11:10:26.006Z,Short-Term (1-3 weeks),0.64,Long,None,0.63 - 0.62,0.65 - 0.66,< 0.61,The weekly cycle analysis suggests that the Aussie Dollar/US Dollar is due to form a low in the next week. Weekly momentum is positive. The daily cycle analysis suggests that the AUD/USD is due to form a short-term low in the next few days. The daily cycle configuration is very positive - this suggests that the odds favor a new swing high to form in this next short-term rising phase. There are short-term supports below current levels. Please refer to FutureSpeak from 5/13/2020 for a detailed walk through of the analysis.,AUD/USD bottomed at the daily cycle timing and is now trading up to the projection. The AUD/USD missed the favorable entry range for the Trade Idea.,Target Zone Reached (Early / Missed Entry),2020-05-19T11:47:44Z
59,ROKU,Inactive,2020-05-13T12:46:02.573Z,Short-Term (1-3 weeks),127.7,Short,None,129.86 - 135.7,"120.6 - 116.31, 109.08 - 102.07",> 138.79,Weekly cycle analysis suggests ROKU is nearing the end of a rising phase with positive momentum. The stock is showing signs of stalling at the intermediate Fib resistance confluence zones. The daily cycle analysis suggests that ROKU is in a short-term rising phase. There are minor resistances just above current levels. Please refer to the ROKU Trade Idea video for more information.,The conditions for this Trade Idea have been satisfied. The stock got within 1% of the favorable entry zone and has now traded down to the near-term projection. There is still risk in this daily pattern and will look to establish a new Trade Idea.,Target Zone Reached,2020-05-14T10:50:47Z
58,/SI,Inactive,2020-05-12T13:02:56.149Z,Intermediate-Term (3-8 weeks),15.71,Long,None,15.33 - 14.65,16.65 - 17.1,< 14.1,The weekly cycle analysis suggests that Silver is early in a rising phase. Weekly momentum is positive. The daily cycle analysis suggests that Silver is consolidating in a potential short-term corrective phase - this is a bullish occurrence. The next projected short-term low is due in the middle-to-end of May. There are short-term supports just below current levels.,"Silver exploded to the upside, very much in line with our overall analysis. However, it missed our favorable entry for the Trade Idea.",Target Zone Reached (Early / Missed Entry),2020-05-18T11:39:06Z
57,XLNX,Inactive,2020-05-10T16:12:08.849Z,Short-Term (1-3 weeks),86.86,Short,None,87.97 - 92.0,82.71 - 76.97,> 96.02,"The weekly cycle analysis suggests that the stock is in a rising phase in an overall bearish pattern. The next projected intermediate-term low is due between 7/27 – 9/7. Weekly momentum is positive. The daily cycles in XLNX are erratic and are therefore excluded from this analysis. Daily momentum is positive. On the upside, there is an intermediate-term resistance zone from 89.97 – 96.02. On the downside, there is a short-term support zone from 82.71 – 76.97. Please see the supporting XLNX multi-timeframe video analysis.",XLNX is still trading in the favorable entry range. However daily trend is now positive. We are inactivating this Trade Idea.,Pending / Inactive,2020-05-27T20:14:43Z
56,VLO,Inactive,2020-05-08T13:25:48.919Z,Intermediate-Term (3-8 weeks),61.26,Long,None,58.35 - 55.69,"64.96 - 66.94, 67.43 - 69.25",< 53.04,The weekly cycle analysis suggests that VLO made an important low and is in a rising phase. Weekly momentum is positive. The daily cycle analysis suggests that the stock is due to have a short-term pullback. The next projected short-term low is due between 5/11 - 5/21. There are short-term supports below current levels.,The conditions for this Trade Idea have been satisfied. The stock tested the favorable entry range and has now tested the projection/target zone.,Target Zone Reached,2020-05-18T16:43:37Z
55,USD/CAD,Inactive,2020-05-07T13:13:36.737Z,Intermediate-Term (3-8 weeks),1.41,Short,None,1.42 - 1.43,1.38 - 1.36,> 1.44,The weekly cycle analysis suggests that the USD/CAD is near the end of its rising phase. Weekly momentum has now turned negative. The next projected intermediate-term low is due in early July. The daily cycle analysis suggests that USD/CAD is in a rising phase and showing signs of failure at the short-term resistance zone. Please refer to FutureSpeak from 5/6/2020 for a walk through of the USD/CAD analysis.,The conditions for this Trade Idea have been satisfied. USD/CAD tested within 0.15% of the favorable range and has now traded into the projection/target zone.,Target Zone Reached,2020-05-26T19:34:04Z
54,C,Inactive,2020-05-07T11:43:01.121Z,Short-Term (1-3 weeks),42.95,Short,None,45.9 - 48.95,40.1 - 35.99,> 50.65,The weekly cycle analysis suggests that C is nearing the end of its rising phase. Weekly momentum remains positive. The next projected mid-cycle low is due in the middle of June. The daily cycle analysis suggests that the stock is in a declining phase. The next projected short-term low is due in the middle of May. There are short-term resistance zones just above current levels. Please see the C Trade Idea video for a walk through of the analysis.,The conditions for this Trade Idea have been satisfied. The stock tested the short-term resistance zones and is now approaching the short-term support zone.,Target Zone Reached,2020-05-13T14:10:58Z
53,NKE,Inactive,2020-05-06T12:49:01.593Z,Near-Term (1-5 days),87.2,Short,None,87.85 - 88.69,83.8 - 82.0,> 91.39,The weekly cycle analysis suggests that NKE is nearing the end of its intermediate-term rising phase. The stock is testing an intermediate-term resistance zone. Weekly momentum remains positive. The daily cycle analysis suggests that the stock had a breakdown below its prior daily cycle low. This indicates that the stock has likely formed a short-term top. The next projected short-term low is due in the middle of May. Please see the NKE Trade Idea video for a walk-through of the analysis.,Stock has traded back to the re-evaluation level before reversing lower. Daily cycle analysis suggests that there isn't much time for further decline in the short-term. We have inactivated this Trade Idea and will look for another Trade Idea on the short side.,Pending / Inactive,2020-05-13T00:06:26Z
52,TWTR,Inactive,2020-05-05T12:55:21.489Z,Short-Term (1-3 weeks),28.23,Short,None,29.75 - 31.5,27.15 - 25.75,> 32.14,The weekly cycle analysis suggests that TWTR is likely nearing the end of a rising phase. Weekly momentum remains positive. The daily cycle analysis suggests that the stock is in the process of forming a short-term high. We are looking for TWTR to fail in the intermediate-term resistance zone and rotate back down to the short-term support zones. The next projected short-term low is due in the middle-to-end of May. This daily timing is in line with the daily timing on the SPX and many other names that we follow. Please refer to the TWTR Trade Idea video for more information.,The conditions for this Trade Idea have been satisfied. The stock tested the favorable entry and has now tested the projection/target zone.,Target Zone Reached,2020-05-14T15:16:30Z
51,GOOGL,Inactive,2020-05-04T13:05:02.283Z,Short-Term (1-3 weeks),1317.32,Long,None,1292.22 - 1271.24,1373.93 - 1419.92,< 1250.26,"The weekly cycle analysis suggests that GOOGL is early in a rising phase with positive weekly momentum. The daily cycle analysis suggests that GOOGL is early in a rising phase. The next projected short-term low is due in the end of May. GOOGL gapped up on earnings and is now forming a bull flag. There are short-term supports below current levels. On a rally, we would look for a move back towards the short-term fib extension zone.",The conditions for this Trade Idea have been satisfied. The stock tested within 0.3% of the entry range and has now tested the projection/target zone.,Target Zone Reached,2020-05-05T19:41:39Z
50,CMG,Inactive,2020-05-03T15:47:15.073Z,Intermediate-Term (3-8 weeks),874.92,Long,None,840.4 - 818.94,925.46 - 955.19,< 797.48,The weekly cycle analysis suggests that CMG formed an important intermediate-term low in the middle of March and is in a rising phase. The next projected intermediate-term low is due between the end of July and the middle of September. Weekly momentum is positive. The daily cycle analysis suggests that the stock is consolidating into its short-term timing low. CMG’s daily cycle configuration is very positive. The next projected short-term low is due in early-to-mid May. Daily momentum is positive. There are rising short-term supports below current levels.,Stock got within 1.75% of the entry range and has now traded to the projection/target zone.,Target Zone Reached (Early / Missed Entry),2020-05-11T12:01:22Z
49,IBM,Inactive,2020-05-01T12:37:15.825Z,Short-Term (1-3 weeks),125.56,Short,None,124.66 - 129.31,114.6 - 110.0,> 132.7,The weekly cycle analysis suggests that IBM is in a rising phase. IBM's weekly cycle configuration is negative - this suggests that the odds favor a failure in the intermediate-term resistance zone. The next projected mid-cycle low is due in early June. The daily cycle analysis suggests that the stock is in a short-term rising phase and starting to show signs of stalling at the intermediate-term resistance zone. The next projected short-term low is due in the middle of May.,"Stock is trading below the favorable entry range. However, the daily cycle analysis suggests that time is running out for further decline. We have inactivated this Trade Idea.",Pending / Inactive,2020-05-11T21:07:10Z
48,USD/JPY,Inactive,2020-04-30T13:07:39.522Z,Short-Term (1-3 weeks),106.58,Short,None,107.48 - 108.2,106.41 - 103.16,> 109.01,Weekly analysis suggests that USD/JPY is in a declining phase. Weekly momentum is negative. The daily cycle analysis suggests that the USD/JPY is due to have a short-term rally that has high odds of failure at minor resistance.  Slim provided a review of the USD/JPY analysis in FutureSpeak from 4/29/2020. Please review this video for a detailed look at the Trade Idea.,The conditions for this Trade Idea have been satisfied. Dollar-Yen tested the favorable entry zone and has now traded into the projection/target zone.,Target Zone Reached,2020-05-06T11:55:56Z
47,IBB,Inactive,2020-04-29T12:22:02.196Z,Short-Term (1-3 weeks),124.81,Short,None,125.97 - 127.93,122.04 - 120.42,> 130.48,Weekly analysis suggests IBB is in a rising phase on the weekly with positive momentum. The next projected weekly mid-cycle low is due in early June. The stock is very extended from its weekly moving average. We would expect the stock to get a short-term pullback to relieve this over-extension. The daily cycle analysis suggests that the stock is in a rising phase and due to have a short-term pullback. The next projected daily mid-cycle low is due between the end of May and early June. Please refer to the video for additional detail.,The conditions for this Trade Idea have been satisfied. The stock tested the favorable entry and is now testing the projection/target zone. Please review the IBB Trade Idea video for a detailed explanation of the analysis.,Target Zone Reached,2020-05-01T13:56:53Z
46,/ZB,Inactive,2020-04-27T22:02:00.398Z,Short-Term (1-3 weeks),180.11,Short,None,181.0 - 183.0,175.2 - 175.02,> 186.14,The weekly cycle analysis suggests that the /ZB is in the late stages of a declining phase. The next projected intermediate-term low is due in the middle-to-end of May. Weekly momentum is now negative. The daily cycle analysis suggests that the /ZB is stalling at the minor resistance zone and due to have a pullback. The next projected short-term low is due between early-to-mid May. We are in a period of higher downside risk for the 30-year.,The /ZB traded down to 178.00 and has now reversed back to upside. We are inactivating Trade Idea.,Pending / Inactive,2020-05-07T17:19:15Z
45,AXP,Inactive,2020-04-26T15:27:11.579Z,Intermediate-Term (3-8 weeks),83.17,Short,None,91.7 - 97.53,79.49 - 74.0,> 99.69,The weekly cycle analysis suggests that the stock was due to form an intermediate-term low between early-to-late March. AXP is showing signs of an early failure in its weekly cycle. Weekly momentum is negative. The daily cycle analysis suggests that the stock formed an early high and is in a declining phase. Daily momentum is now negative. There are short-term resistances above current levels.,The conditions for this Trade Idea have been satisfied. The stock tested the favorable entry zone and has now tested the projection/target zone.,Target Zone Reached,2020-05-13T14:12:23Z
44,EWZ,Inactive,2020-04-24T12:28:46.011Z,Short-Term (1-3 weeks),24.0,Short,None,25.06 - 26.57,21.6 - 20.21,> 28.09,EWZ is in a declining phase on the weekly in a very negative pattern. The next projected intermediate-term low is due in the end of May. Weekly momentum is negative.  EWZ is forming a bear flag on the daily and is testing a short-term resistance zone. The next projected short-term low is due in the middle of May. We are entering a period of higher downside risk in the EWZ.,The conditions for this Trade Idea have been satisfied. EWZ tested the favorable entry zone and traded down to 22.19. The daily cycle analysis suggests that time is running out for further downside in the short-term.,Target Zone Reached,2020-05-07T18:00:00Z
43,FDX,Inactive,2020-04-23T12:47:49.717Z,Short-Term (1-3 weeks),118.54,Long,None,114.5 - 109.35,126.97 - 136.0,< 104.47,The weekly cycle analysis suggests that FDX is in a rising phase. Weekly momentum is positive. The daily cycle analysis suggests that the stock is consolidating sideways into daily cycle timing - this is a bullish occurrence. The stock is due to form a short-term low in the next couple of days. There are short-term supports just below current levels.,Stock failed to enter the favorable entry range and has since traded to the target zone. FDX is now at risk of a breakdown on the daily. We are inactivating this Trade Idea.,Target Zone Reached (Early / Missed Entry),2020-05-03T23:10:35Z
42,DLTR,Inactive,2020-04-23T12:41:32.332Z,Short-Term (1-3 weeks),77.25,Short,None,79.54 - 82.19,71.98 - 69.2,> 84.1,The weekly cycle analysis suggests DLTR is in a rising phase and showing signs of stalling at intermediate-term resistance. The next projected intermediate-term low is due between the end of June and the end of July. The daily cycle analysis suggests that the stock is in a rising phase and showing signs of stalling at the short-term resistance zone. The next projected short-term low is due in the middle of May. We would expect the stock to fail at the short-term resistance zone and trade down to the lower short-term support zone.,The conditions for this Trade Idea have been satisfied. We are testing just above the projection/target zone. The daily cycle analysis suggests we are running out of time to decline in the short-term.,Target Zone Reached,2020-05-13T20:08:53Z
41,AMAT,Inactive,2020-04-22T13:01:34.464Z,Short-Term (1-3 weeks),48.33,Short,None,51.06 - 52.68,47.31 - 45.27,> 53.9,The daily cycle analysis suggests that the stock is in a rising phase and showing signs of stalling at the intermediate-term resistance. The next projected short-term low is due in mid-May. We are looking for follow-through on the downside to the short-term support zone.,The conditions for this Trade Idea have been satisfied. The stock tested the favorable entry and is now testing the projection/target zone. Please review the AMAT Trade Idea Video for a detailed explanation of the analysis.,Target Zone Reached,2020-05-01T13:57:53Z
40,COST,Inactive,2020-04-21T12:18:55.450Z,Short-Term (1-3 weeks),312.08,Long,None,306.69 - 301.77,319.22 - 322.63,< 296.84,The weekly cycle analysis suggests that COST is in a rising phase. Weekly momentum is positive. The daily cycle analysis suggests that COST is due to have a short-term pullback. The next projected short-term low is due in the end of April. Daily momentum is positive. There are short-term supports below current levels. The odds favor a retest of recent swing highs.,"Stock still in the favorable range for entry. However, COST is taking an extended period of time to get a rally off of the short-term timing - this is a negative occurrence. We have inactivated this Trade Idea.",Pending / Inactive,2020-05-13T00:16:37Z
39,GS,Inactive,2020-04-20T13:10:08.776Z,Short-Term (1-3 weeks),183.49,Long,None,173.93 - 165.74,187.33 - 201.61,< 159.12,The daily cycle analysis suggests that the stock is due to form a short-term low. Daily momentum is positive. We are expecting the stock to test the upper short-term support zone and make another push back towards the swing high from 4/9.,Stock traded into the favorable entry range and is currently trading above this area. The financials continue to under perform relative to the broad market. We are inactivating this Trade Idea.,Pending / Inactive,2020-04-22T23:32:21Z
38,GOLD,Inactive,2020-04-19T17:52:57.228Z,Short-Term (1-3 weeks),24.54,Short,None,25.03 - 25.8,22.5 - 21.69,> 26.71,The weekly cycle analysis suggests that GOLD is in a rising phase. The next projected intermediate-term low is due in June. Weekly momentum is positive. The daily cycle analysis suggests that GOLD is in a rising phase and due to form a short-term high. The next projected short-term low is due between early-to-mid May. Daily momentum is positive. The stock is testing a major Fibonacci extension/target zone from 25.03 – 26.71 and it is expected that the stock will pullback from this area.,GOLD has traded up to the re-evaluation zone and we are inactivating this Trade Idea. Please refer to the Top Chart of the Week video for the multi-timeframe analysis.,Re-evaluation Level Hit,2020-04-22T23:44:31Z
37,AUD/USD,Inactive,2020-04-17T13:00:46.382Z,Short-Term (1-3 weeks),0.64,Short,None,0.63 - 0.64,0.62 - 0.61,> 0.65,"Weekly cycle configuration in the AUD/USD is very negative. AUD/USD formed an intermediate-term low and is now testing an important resistance zone. The daily analysis suggests that AUD/USD is in a short-term rising phase and showing signs of failure at a resistance confluence zone. Given the strong daily trend coupled with positive momentum, we are only looking for a minor pullback to the short-term supports. Please refer to the video for more detail.",Stock is consolidating in the favorable entry range. We have inactivated this Trade Idea.,Pending / Inactive,2020-05-06T23:01:36Z
36,ADBE,Inactive,2020-04-16T12:55:26.875Z,Short-Term (1-3 weeks),332.55,Long,None,322.08 - 315.9,341.45 - 346.19,< 309.72,"The weekly analysis suggests ADBE is early in a rising phase. The daily analysis suggests that the stock's short-term trend and momentum are now positive. There is a small gap below current levels. In the short-term, we would expect to see a small pullback to fill the gap followed by further upside. There are rising short-term supports below current levels.",Stock just missed testing the favorable entry zone. We are inactivating this Trade Idea.,Target Zone Reached (Early / Missed Entry),2020-04-22T23:36:39Z
35,HD,Inactive,2020-04-15T20:12:39.935Z,Short-Term (1-3 weeks),198.48,Long,None,193.96 - 183.81,209.58 - 219.25,< 175.6,"On the weekly, HD is early in an intermediate-term rising phase. On the daily, HD has consolidated sideways in a potential short-term corrective period - this is a sign of strength. The projected short-term low is due in the middle of April. Daily momentum is positive. 

Please note: we have revised the entry range, target range and re-evaluation level from the HD Trade Idea posted on 4/8/2020.",Stock just missed our favorable entry zone and is now testing the projection/target zone.,Target Zone Reached (Early / Missed Entry),2020-04-26T16:32:33Z
34,/RB,Inactive,2020-04-15T12:11:07.556Z,Short-Term (1-3 weeks),0.73,Short,None,0.75 - 0.77,0.62 - 0.58,> 0.84,Gasoline is in the late stages of a declining phase on the weekly. The next projected intermediate-term low is due between the middle-to-end of May. Weekly momentum is negative. The daily cycle analysis suggests that /RB is forming a bear flag and showing signs of stalling at the lower intermediate-term resistance. Daily momentum is positive.,The conditions for this Trade Idea have been satisfied. Gasoline tested the favorable entry range and has now moved through the projection/target zone on the downside.,Target Zone Reached,2020-04-21T11:53:38Z
33,XLI,Inactive,2020-04-14T13:07:06.061Z,Short-Term (1-3 weeks),61.37,Short,None,62.08 - 64.33,57.98 - 56.02,> 66.52,The weekly cycle analysis suggests that XLI is in a rising phase in a negative overall cycle configuration. The next projected mid-cycle low is due in the middle of May. Weekly momentum is negative. The daily cycle analysis suggests that the stock is in a rising phase and showing signs of stalling at short-term resistance. Daily momentum is positive. The stock is testing a short-term resistance zone.,"Stock is still trading below the favorable entry. However, the daily cycle analysis suggests that time is running out for further downside in the short-term. We have inactivated this Trade Idea and will look to re-establish a new Trade Idea.",Pending / Inactive,2020-05-07T20:43:39Z
31,BAC,Inactive,2020-04-12T18:13:50.856Z,Intermediate-Term (3-8 weeks),20.27,Long,None,22.5 - 20.77,24.74 - 26.84,< 19.53,"The weekly cycle analysis suggests that the stock is early in a rising phase. The next projected intermediate-term low is due between the middle of August and the end of September. Weekly momentum remains negative. The daily cycle analysis suggests that the stock is in a rising phase and due to have a short-term pullback. The next projected short-term low is due between the end of April and early May. Daily momentum is now positive. On the upside, the stock is testing an intermediate-term resistance zone from 24.74 - 28.93. On the downside, there are rising short-term supports from 22.50 - 20.77. Please note: BAC has earnings 4/15/2020 – pre-market.",Stock is trading in the favorable range for entry. The financials continue to under perform relative to the broad market. We are inactivating this Trade Idea.,Pending / Inactive,2020-04-22T23:32:54Z
30,/NG,Inactive,2020-04-09T13:02:56.944Z,Short-Term (1-3 weeks),1.76,Long,None,1.76 - 1.72,1.88 - 1.92,< 1.67,The weekly cycle analysis suggests that /NG made an intermediate-term low. Weekly momentum remains negative. The daily cycle analysis suggests that /NG is early in a rising phase. The next projected short-term low is due in the middle of May. Daily momentum is now positive. /NG is forming a bull flag on a 120 min chart and testing a short-term support zone.,Natural gas failed to hold the short-term supports and now near a weekly cycle breakdown.,Re-evaluation Level Hit,2020-04-16T12:35:07Z
29,HD,Inactive,2020-04-08T13:11:26.830Z,Short-Term (1-3 weeks),192.29,Long,None,179.88 - 172.39,198.77 - 204.15,< 164.89,"On the weekly, HD is in an intermediate-term rising phase. On the daily, HD is in a short-term rising phase and due to have a minor pullback. The next projected short-term low is due in the middle of April. Daily momentum is positive. There are short-term supports below current levels.","Stock has held up well during potential short-term corrective window. We have revised the entry range, target range and re-evaluation levels in a new Trade Idea.",Pending / Inactive,2020-04-15T20:04:24Z
28,TOL,Inactive,2020-04-07T12:55:50.436Z,Short-Term (1-3 weeks),21.01,Short,None,23.7 - 26.92,17.24 - 15.44,> 30.14,The weekly cycle analysis suggests that TOL is in a very negative cycle pattern with the next projected intermediate-term low due in early May. Weekly momentum is negative. The daily cycle analysis suggests that the stock is forming a bear flag. The next projected short-term low is due between the middle-to-end of April. Daily momentum is positive. There are short-term resistances above current levels.,The conditions for this Trade Idea were satisfied. The stock tested the favorable entry and traded down to 19.37. We have inactivated this Trade Idea.,Target Zone Reached,2020-05-07T20:25:47Z
27,LULU,Inactive,2020-04-05T19:46:22.281Z,Short-Term (1-3 weeks),181.25,Short,None,197.52 - 202.86,174.59 - 165.85,> 213.73,The weekly cycle analysis suggests that the stock is in a rising phase. LULU’s weekly cycle configuration is now negative. Weekly momentum is negative. The next projected intermediate-term low is due between the end of July and early September. The daily cycle analysis suggests that the stock is in a short-term rising phase and showing signs of topping. Daily momentum is positive. The next projected short-term low is due between the end of April and early May.,LULU broke through the short-term resistance zone and has closed above the re-evaluation zone.,Re-evaluation Level Hit,2020-04-19T20:15:19Z
26,MU,Inactive,2020-04-03T12:58:30.581Z,Short-Term (1-3 weeks),41.09,Short,None,43.35 - 46.23,36.71 - 34.26,> 49.71,The weekly cycle analysis suggests that MU is in a declining phase. The next projected intermediate-term low is due in early May. Weekly momentum is negative. The daily cycle analysis suggests that the stock is in a short-term rising phase and forming a bear flag. The next projected short-term low is due in mid-April. Daily momentum is positive. There is an intermediate-term resistance just above current levels.,Stock has closed above the re-evaluation level.,Re-evaluation Level Hit,2020-04-30T12:07:48Z
25,NKE,Inactive,2020-04-02T13:00:24.930Z,Short-Term (1-3 weeks),79.23,Short,None,81.95 - 87.12,75.43 - 72.73,> 89.14,"The daily analysis suggests that the stock is forming a bear flag. In the short-term, we expecting the stock to trade in a range between the short-term resistance zone and the rising short-term support zone. The next projected short-term low is due in the middle-to-end of April.",NKE broke through the short-term resistance zone and has closed above the re-evaluation zone.,Re-evaluation Level Hit,2020-04-19T20:12:19Z
24,AAPL,Inactive,2020-04-01T13:09:00.699Z,Near-Term (1-5 days),254.29,Long,None,244.01 - 238.3,258.31 - 262.49,< 232.5,The weekly cycle analysis suggests that AAPL likely formed an intermediate-term low. Weekly momentum remains negative. The daily cycle analysis suggests that the stock is in a rising phase. Daily momentum is now positive. The odds favor the stock trading in a range in the near-term. We would expect the stock to find support at the short-term supports just below current levels.,The conditions for this Trade Idea have been satisfied. The stock tested the favorable entry range and has now tested the projection/target zone.,Target Zone Reached,2020-04-07T12:08:12Z
23,XLE,Inactive,2020-03-31T18:08:04.436Z,Short-Term (1-3 weeks),28.98,Short,None,31.4 - 33.5,29.35 - 27.1,> 34.15,Our S-T and I-T momentum and trend indicators are currently negative for XLE. This technical condition suggests XLE is likely to struggle in the above S-T resistance zones (indicated favorable entry range)  with a resumption to the downside that tests the projected s-t support levels that are being established during this advance. Daily and weekly cycle configurations are also currently negative for XLE.,The conditions for this Trade Idea have been satisfied. XLE tested the favorable entry zone and has subsequently tested the projection/target zone.,Target Zone Reached,2020-04-06T17:52:21Z
22,XLK,Inactive,2020-03-31T17:31:48.927Z,Short-Term (1-3 weeks),81.13,Long,None,80.3 - 77.0,84.5 - 86.0,< 75.0,"Although the intermediate-term condition for XLK is currently negative, XLK has demonstrated a momentum breakout on our daily chart and our near-term trend indicators have turned positive. Our weekly cycle analysis suggests that the XLK has likely formed an important short-term low and is currently in a rising phase. There are short-term supports below current levels.",The conditions for this Trade Idea have been satisfied. The stock tested the favorable entry range and has now tested the projection/target zone.,Target Zone Reached,2020-04-07T12:09:24Z
21,PYPL,Inactive,2020-03-31T12:55:27.065Z,Short-Term (1-3 weeks),97.03,Short,None,98.26 - 100.93,91.5 - 89.27,> 103.53,"The weekly cycle analysis suggests that PYPL is in a rising phase. PYPL's weekly cycle configuration is negative, which suggests that this rally is likely to fail. Weekly momentum remains negative.

PYPL's daily cycle analysis suggests that the stock is in a rising phase. The next projected short-term low is due in the end of April. The stock is testing a short-term resistance zone on the daily. Daily momentum remains negative.

Given these conditions, the odds favor PYPL trading in a range on the daily. We would expect the stock to fail at short-term resistance and test the lower short-term support zone.",The conditions for this Trade Idea have been satisfied. The stock tested the favorable entry range and has now tested the projection/target zone.,Target Zone Reached,2020-04-01T21:26:05Z
19,/ZS,Inactive,2020-03-30T12:44:03.829Z,Short-Term (1-3 weeks),889.0,Long,None,879.0 - 859.0,913.5 - 938.75,< 850.0,"The weekly cycle analysis suggests that Soybeans made an important bottom and are early in a rising phase. The next projected intermediate-term low is due between the end of June and the middle of July. Weekly momentum is now positive. The daily cycle analysis suggests that the stock is in a rising phase. The next projected short-term low is due in the middle of May. Daily momentum is positive. Given that we are early in a rising phase on both the weekly and daily timeframe, we would expect pullbacks to be shallow in the near-term. The odds favor a test of the intermediate-term resistance zone.",Soybeans failed to hold the short-term supports and have closed below the re-evaluation level.  Soybeans are now approaching the key weekly cycle low. A breakdown below the cycle low would be a very negative occurrence.,Re-evaluation Level Hit,2020-04-15T19:10:04Z
18,AMD,Inactive,2020-03-28T22:22:50.143Z,Short-Term (1-3 weeks),46.58,Long,None,43.69 - 42.36,50.67 - 54.45,< 41.04,The weekly cycle analysis suggests that the stock likely formed an important bottom. The projected intermediate-term low is due between the middle of February and the end of March. Weekly momentum remains negative. The daily cycle analysis suggests that the stock is in a short-term rising phase. The next projected short-term low is due in the middle of May. Daily momentum is now positive. There are short-term supports below current levels.,The conditions for this Trade Idea have been satisfied. The stock tested the favorable entry zone and has now tested the projection/target zone.,Target Zone Reached,2020-04-13T22:45:27Z
15,/ZC,Inactive,2020-03-27T17:47:11.119Z,Intermediate-Term (3-8 weeks),347.0,Long,None,347.25 - 337.25,359.25 - 365.75,< 331.0,The weekly cycle analysis suggests that Corn is due to form an intermediate-term low. The next projected intermediate-term low is due in early April. Weekly momentum remains negative. The daily cycle analysis suggests that corn likely formed a short-term low. The projected short-term low was due in the middle-to-end of March. Daily momentum remains negative. There are short-term supports below current levels.,Corn has closed below the re-evaluation level. An intermediate-term low is still due.,Re-evaluation Level Hit,2020-04-06T12:27:22Z
12,ORCL,Inactive,2020-03-26T00:08:41.665Z,Short-Term (1-3 weeks),49.19,Short,None,47.65 - 50.11,43.58 - 41.88,> 52.56,The weekly cycle analysis suggests that ORCL is in a declining phase. The next projected intermediate-term low is due in the end of June. Weekly momentum is negative. The daily cycle analysis suggests that the stock is in a short-term rising phase. The next projected short-term low is due in early-to-mid April. Daily momentum is now positive. There are major resistances above current levels. The stock is forming a bear flag on the daily.,Stock closed above the re-evaluation level. Original Trade Idea no longer valid.,Re-evaluation Level Hit,2020-04-12T19:15:33Z
11,NVDA,Inactive,2020-03-26T00:06:53.072Z,Intermediate-Term (3-8 weeks),252.79,Short,None,248.5 - 264.51,220.39 - 197.75,> 287.29,The weekly cycle analysis suggests that the stock is in a rising phase. The overall cycle configuration suggests that the stock likely formed an important top in mid-February. The next projected intermediate-term low is due in August. Weekly momentum remains negative. The daily cycle analysis suggests that the stock is in a short-term rising phase. The next projected short-term low is due in the end of April. Daily momentum remains negative. There are intermediate-term resistances above current levels.,NVDA broke through the intermediate-term resistance zone and has closed above the re-evaluation level.,Re-evaluation Level Hit,2020-04-16T20:19:35Z
2,IWM,Inactive,2020-03-25T23:14:50.837Z,Short-Term (1-3 weeks),113.25,Short,None,121.0 - 127.55,115.5 - 107.75,> 133.0,Our S-T and I-T momentum and trend indicators are currently negative for the IWM. This technical condition suggests IWM is likely to struggle in the above S-T resistance zones favoring a resumption to the downside and test projected support levels that are being established during this advance.  Daily and weekly cycle configurations are also currently negative for the IWM.,Recent rally failed to reach the favorable entry range. IWM has now traded well into the projection/target  zone.,Target Zone Reached (Early / Missed Entry),2020-04-01T21:06:01Z
1,SPY,Inactive,2020-03-25T22:55:58.413Z,Short-Term (1-3 weeks),255.67,Short,None,265.0 - 271.0,253.0 - 247.0,> 280.0,Our S-T and I-T momentum and trend indicators are currently negative for the SPY. This technical condition suggests SPY is likely to struggle in the above S-T resistance zones favoring a resumption to the downside and test projected support levels that are being established during this advance.  Daily and weekly cycle configurations are also currently negative for the SPY,The conditions for this Trade Idea have been satisfied. SPY tested within 0.8% of the entry range and has now tested the projection/target zone.,Target Zone Reached,2020-04-01T13:39:45Z
10,FB,Inactive,2020-03-25T00:05:59.256Z,Intermediate-Term (3-8 weeks),161.98,Short,None,170.37 - 180.65,144.74 - 137.23,> 190.93,The weekly cycle analysis suggests that the stock is in a declining phase. The next projected short-term low is due in in early June. Weekly momentum is negative. The daily cycle analysis suggests that the stock is in a short-term rising phase. Daily momentum is positive. The stock is forming a bear flag on the daily. There are intermediate-term resistances above current levels.,Stock has moved through the intermediate-term resistances and has closed above the re-evaluation level.,Re-evaluation Level Hit,2020-04-27T12:43:34Z
9,CAT,Inactive,2020-03-25T00:05:02.342Z,Intermediate-Term (3-8 weeks),107.71,Short,None,111.59 - 119.03,96.98 - 92.91,> 126.46,The weekly cycle analysis suggests that the stock is in a very negative pattern. Weekly momentum is negative. The next projected intermediate-term low is due in the end of June. The daily cycle analysis suggests that the stock is in a short-term rising phase. The next projected short-term low is due in the end of April. Daily momentum is negative. There are intermediate-term resistances above current levels.,CAT traded through the lower intermediate-term resistances and has closed above the re-evaluation level. Note: the stock is now testing the upper intermediate-term resistance zone.,Re-evaluation Level Hit,2020-04-09T13:20:27Z
8,/ZB,Inactive,2020-03-25T00:04:05.579Z,Short-Term (1-3 weeks),178.1,Short,None,176.16 - 179.13,171.26 - 168.17,> 182.1,The weekly cycle analysis suggests that the /ZB is in a rising phase and showing signs of topping. Weekly momentum is positive. The next projected intermediate-term low is due in May. The daily cycle analysis suggests that the /ZB is in a short-term declining phase. The next projected short-term low is due between the end of March and early April. Daily momentum is negative. The /ZB is testing a short-term resistance zone.,30-year failed to find resistance at the short-term resistance zone and has closed above the re-evaluation level.,Re-evaluation Level Hit,2020-04-01T21:28:31Z
20,TWTR,Inactive,2020-03-24T15:19:39.596Z,Short-Term (1-3 weeks),24.69,Short,None,26.42 - 28.42,22.48 - 21.4,> 30.42,The weekly cycle analysis suggests that TWTR is in a declining phase in a very negative pattern. The next projected intermediate-term low is due between the end of May and early June. Weekly momentum is negative. The daily cycle analysis suggests TWTR is in a declining phase. The next projected short-term low is due between the end of March and early April. Daily momentum is negative. The stock is forming a bear flag on the daily. There are short-term resistances above current levels.,The conditions for this Trade Idea have been satisfied. The stock tested the favorable entry zone and has now tested the projection/target zone.,Target Zone Reached,2020-04-02T20:14:22Z
4,TTD,Inactive,2020-03-23T23:54:14.955Z,Short-Term (1-3 weeks),170.0,Long,None,169.02 - 156.41,197.69 - 216.75,< 147.43,The weekly cycle analysis suggests that TTD is due to form an intermediate-term low in the end of March. Weekly momentum is negative. The daily cycle analysis also suggests that the stock is due to form a short-term low in the end of March. Daily momentum remains negative. There are short-term supports below current levels.,The conditions for this Trade Idea have been satisfied. The stock tested the favorable entry zone and has now tested the projection/target zone.,Target Zone Reached,2020-03-24T18:00:00Z
13,TGT,Inactive,2020-03-20T00:09:56.327Z,Intermediate-Term (3-8 weeks),100.5,Long,None,97.73 - 91.16,110.7 - 115.31,< 86.92,The weekly cycle analysis suggests that an intermediate-term low is due between the middle-to-end of March. Weekly momentum is negative. The daily cycle analysis is erratic and therefore excluded from this analysis. Daily momentum is negative. There are short-term supports below current levels.,The conditions for this Trade Idea have been satisfied. The stock tested the favorable entry zone and has tested within 0.75% of the projection/target zone.,Target Zone Reached,2020-04-15T11:40:07Z
3,WBA,Inactive,2020-03-19T23:52:25.183Z,Intermediate-Term (3-8 weeks),52.81,Long,None,50.05 - 46.76,57.73 - 59.37,< 45.28,The weekly cycle analysis suggests that WBA likely formed an intermediate-term low. The projected intermediate-term low was due in the middle-to-end of March. Weekly momentum remains negative. The daily cycle analysis suggests WBA is in a short-term rising phase. The projected short-term low was due in the middle of March. Daily momentum is now positive. There are rising short-term supports below current levels.,The stock failed to find support in the short-term support zone and has closed below the re-evaluation level.,Re-evaluation Level Hit,2020-03-24T18:00:00Z
17,PAAS,Inactive,2020-03-18T18:04:22.910Z,Short-Term (1-3 weeks),16.0,Short,None,16.57 - 18.4,13.33 - 12.14,> 18.4,The weekly cycle analysis suggests that PAAS is in a declining phase. The next projected intermediate-term low is due in the middle of May. Weekly momentum is negative. The daily cycle analysis suggests that PAAS had an early breakdown and is in a declining phase. The next projected short-term low is due in the middle of April. Daily momentum is negative. The stock is forming a bear flag on the daily. There are short-term resistances above current levels.,The conditions for this Trade Idea have been satisfied. The stock tested within 0.6% of the favorable range and has since tested the target zone.,Target Zone Reached,2020-03-19T18:00:00Z
16,/ZW,Inactive,2020-03-17T18:02:35.282Z,Short-Term (1-3 weeks),499.25,Long,None,500.25 - 489.0,520.5 - 529.25,< 480.0,The weekly cycle analysis suggests that /ZW is due to form an intermediate-term low. The next projected intermediate-term low is due between the end of March and early April. Weekly momentum remains negative. The daily cycle analysis suggests that /ZW is due to form a short-term low. The next projected short-term low is due in the middle-to-end of March. /ZW has a short-term oversold reading on the Option Bias Indicator (OBI). Daily momentum remains negative.,The conditions for this Trade Idea have been satisfied. Wheat futures traded into the favorable entry zone and have since traded above the projection zone.,Target Zone Reached,2020-03-27T18:02:13Z
7,RUT,Inactive,2020-03-10T00:01:48.778Z,Short-Term (1-3 weeks),1313.44,Short,None,1426.36 - 1465.21,1354.55 - 1335.29,> 1492.49,The weekly cycle analysis suggests that the RUT is in a very negative cycle pattern. Weekly momentum is negative. The next projected intermediate-term low is due in the end of May to early June. The daily cycle analysis suggests that the RUT suffered an early breakdown and is in a declining phase. The next projected short-term low is due in the end of March. The Russell has been the weakest of the 3 major indices and we would expect this trend to continue in the near-term.,Minor rally failed to test the favorable entry range. Russell has traded well below the projection zone.,Target Zone Reached (Early / Missed Entry),2020-03-13T18:00:00Z
14,UNH,Inactive,2020-03-05T00:24:22.084Z,Intermediate-Term (3-8 weeks),289.42,Long,None,276.53 - 264.61,310.16 - 319.04,< 256.12,The weekly cycle analysis suggests that UNH formed an intermediate-term bottom. The projected intermediate-term low was due in the end of February. Weekly momentum remains negative. The daily cycle analysis suggests that UNH is in a rising phase. The next projected short-term low is due in the end of March. There are short-term support zones below current levels. Daily momentum remains negative. Please note: the managed care space will be subject to headline risk associated with the Democratic primaries.,"The stock showed relative strength during the bulk of the broad market sell-off. However, UNH has now closed below the re-evaluation zone. An intermediate-term low is still due to form.",Re-evaluation Level Hit,2020-03-16T18:00:00Z
5,DE,Inactive,2020-03-03T23:58:37.719Z,Intermediate-Term (3-8 weeks),157.78,Short,None,163.86 - 167.33,151.52 - 147.43,> 170.79,The weekly cycle analysis suggests that DE broke its key cycle low support and is in a declining phase. The next projected intermediate-term low is due in early June. Weekly momentum is negative. The daily cycle analysis suggests that DE is in a short-term rising phase. The next projected short-term low is due in the end of March. Daily momentum is negative. There are short-term resistances above current levels.,The conditions for this “Trade Idea” have been satisfied. The stock got within 0.35% of the favorable entry range and has now tested the intermediate-term projection zone.,Target Zone Reached,2020-03-09T18:00:00Z
6,DIS,Inactive,2020-03-03T00:00:11.083Z,Intermediate-Term (3-8 weeks),119.98,Short,None,126.23 - 130.26,114.42 - 111.91,> 134.28,The weekly cycle analysis suggests that DIS is in a declining phase. The next projected intermediate-term low is due between the end of March and early April. Weekly momentum is negative. The daily cycle analysis suggests that DIS is due to form a short-term low. The projected short-term low was due in the end of February. Daily momentum is negative. There are falling short-term resistances above current levels. DIS is forming a bear flag on the daily.,DIS failed to enter favorable entry zone and is now testing the projection/target zone.,Target Zone Reached (Early / Missed Entry),2020-03-06T18:00:00Z
